paper_id,text_type,model_name,mean_score,n_valid_repeats,accept_fraction,majority_decision,venue,verdict,quality_tier,mean_human_score
ICLR_26_1,assertive,gemma4_31b,6.666666666666667,3,0.6666666666666666,ACCEPT,ICLR,Reject,reject_tier,5.0
ICLR_26_1,assertive,gemma4_e4b,8.0,3,1.0,ACCEPT,ICLR,Reject,reject_tier,5.0
ICLR_26_1,assertive,llama_3.1_8b,8.0,3,1.0,ACCEPT,ICLR,Reject,reject_tier,5.0
ICLR_26_1,assertive,llama_3.2_3b,8.0,3,1.0,ACCEPT,ICLR,Reject,reject_tier,5.0
ICLR_26_1,assertive,ministral3_14b,8.333333333333334,3,1.0,ACCEPT,ICLR,Reject,reject_tier,5.0
ICLR_26_1,assertive,ministral3_8b,8.0,3,0.6666666666666666,ACCEPT,ICLR,Reject,reject_tier,5.0
ICLR_26_1,assertive,qwen2.5_32b,8.0,3,1.0,ACCEPT,ICLR,Reject,reject_tier,5.0
ICLR_26_1,assertive,qwen2.5_3b,8.0,3,1.0,ACCEPT,ICLR,Reject,reject_tier,5.0
ICLR_26_1,assertive,qwen2.5_7b,8.0,3,1.0,ACCEPT,ICLR,Reject,reject_tier,5.0
ICLR_26_1,hedged,gemma4_31b,6.0,3,0.0,REJECT,ICLR,Reject,reject_tier,5.0
ICLR_26_1,hedged,gemma4_e4b,7.666666666666667,3,1.0,ACCEPT,ICLR,Reject,reject_tier,5.0
ICLR_26_1,hedged,llama_3.1_8b,8.0,3,1.0,ACCEPT,ICLR,Reject,reject_tier,5.0
ICLR_26_1,hedged,llama_3.2_3b,7.333333333333333,3,1.0,ACCEPT,ICLR,Reject,reject_tier,5.0
ICLR_26_1,hedged,ministral3_14b,8.333333333333334,3,1.0,ACCEPT,ICLR,Reject,reject_tier,5.0
ICLR_26_1,hedged,ministral3_8b,7.666666666666667,3,0.6666666666666666,ACCEPT,ICLR,Reject,reject_tier,5.0
ICLR_26_1,hedged,qwen2.5_32b,8.0,3,1.0,ACCEPT,ICLR,Reject,reject_tier,5.0
ICLR_26_1,hedged,qwen2.5_3b,8.0,3,1.0,ACCEPT,ICLR,Reject,reject_tier,5.0
ICLR_26_1,hedged,qwen2.5_7b,8.333333333333334,3,1.0,ACCEPT,ICLR,Reject,reject_tier,5.0
ICLR_26_1,l2_grounded,gemma4_31b,6.333333333333333,3,0.3333333333333333,REJECT,ICLR,Reject,reject_tier,5.0
ICLR_26_1,l2_grounded,gemma4_e4b,7.333333333333333,3,1.0,ACCEPT,ICLR,Reject,reject_tier,5.0
ICLR_26_1,l2_grounded,llama_3.1_8b,8.0,3,1.0,ACCEPT,ICLR,Reject,reject_tier,5.0
ICLR_26_1,l2_grounded,llama_3.2_3b,8.0,3,1.0,ACCEPT,ICLR,Reject,reject_tier,5.0
ICLR_26_1,l2_grounded,ministral3_14b,8.333333333333334,3,1.0,ACCEPT,ICLR,Reject,reject_tier,5.0
ICLR_26_1,l2_grounded,ministral3_8b,8.333333333333334,3,1.0,ACCEPT,ICLR,Reject,reject_tier,5.0
ICLR_26_1,l2_grounded,qwen2.5_32b,8.0,3,1.0,ACCEPT,ICLR,Reject,reject_tier,5.0
ICLR_26_1,l2_grounded,qwen2.5_3b,8.0,3,1.0,ACCEPT,ICLR,Reject,reject_tier,5.0
ICLR_26_1,l2_grounded,qwen2.5_7b,8.333333333333334,3,1.0,ACCEPT,ICLR,Reject,reject_tier,5.0
ICLR_26_1,native_fluent,gemma4_31b,6.0,3,0.0,REJECT,ICLR,Reject,reject_tier,5.0
ICLR_26_1,native_fluent,gemma4_e4b,8.0,3,1.0,ACCEPT,ICLR,Reject,reject_tier,5.0
ICLR_26_1,native_fluent,llama_3.1_8b,8.0,3,1.0,ACCEPT,ICLR,Reject,reject_tier,5.0
ICLR_26_1,native_fluent,llama_3.2_3b,7.666666666666667,3,1.0,ACCEPT,ICLR,Reject,reject_tier,5.0
ICLR_26_1,native_fluent,ministral3_14b,8.333333333333334,3,1.0,ACCEPT,ICLR,Reject,reject_tier,5.0
ICLR_26_1,native_fluent,ministral3_8b,8.0,3,1.0,ACCEPT,ICLR,Reject,reject_tier,5.0
ICLR_26_1,native_fluent,qwen2.5_32b,8.0,3,1.0,ACCEPT,ICLR,Reject,reject_tier,5.0
ICLR_26_1,native_fluent,qwen2.5_3b,8.0,3,1.0,ACCEPT,ICLR,Reject,reject_tier,5.0
ICLR_26_1,native_fluent,qwen2.5_7b,8.333333333333334,3,1.0,ACCEPT,ICLR,Reject,reject_tier,5.0
ICLR_26_1,original,gemma4_31b,6.0,3,0.0,REJECT,ICLR,Reject,reject_tier,5.0
ICLR_26_1,original,gemma4_e4b,8.0,3,1.0,ACCEPT,ICLR,Reject,reject_tier,5.0
ICLR_26_1,original,llama_3.1_8b,8.0,3,1.0,ACCEPT,ICLR,Reject,reject_tier,5.0
ICLR_26_1,original,llama_3.2_3b,8.0,3,1.0,ACCEPT,ICLR,Reject,reject_tier,5.0
ICLR_26_1,original,ministral3_14b,9.0,3,1.0,ACCEPT,ICLR,Reject,reject_tier,5.0
ICLR_26_1,original,ministral3_8b,8.333333333333334,3,0.6666666666666666,ACCEPT,ICLR,Reject,reject_tier,5.0
ICLR_26_1,original,qwen2.5_32b,8.0,3,1.0,ACCEPT,ICLR,Reject,reject_tier,5.0
ICLR_26_1,original,qwen2.5_3b,8.0,3,1.0,ACCEPT,ICLR,Reject,reject_tier,5.0
ICLR_26_1,original,qwen2.5_7b,9.0,3,1.0,ACCEPT,ICLR,Reject,reject_tier,5.0
ICLR_26_1,overclaiming,gemma4_31b,3.0,3,0.0,REJECT,ICLR,Reject,reject_tier,5.0
ICLR_26_1,overclaiming,gemma4_e4b,8.0,3,1.0,ACCEPT,ICLR,Reject,reject_tier,5.0
ICLR_26_1,overclaiming,llama_3.1_8b,8.0,3,1.0,ACCEPT,ICLR,Reject,reject_tier,5.0
ICLR_26_1,overclaiming,llama_3.2_3b,7.666666666666667,3,1.0,ACCEPT,ICLR,Reject,reject_tier,5.0
ICLR_26_1,overclaiming,ministral3_14b,8.0,3,1.0,ACCEPT,ICLR,Reject,reject_tier,5.0
ICLR_26_1,overclaiming,ministral3_8b,9.0,3,1.0,ACCEPT,ICLR,Reject,reject_tier,5.0
ICLR_26_1,overclaiming,qwen2.5_32b,8.0,3,1.0,ACCEPT,ICLR,Reject,reject_tier,5.0
ICLR_26_1,overclaiming,qwen2.5_3b,8.0,3,1.0,ACCEPT,ICLR,Reject,reject_tier,5.0
ICLR_26_1,overclaiming,qwen2.5_7b,9.0,3,1.0,ACCEPT,ICLR,Reject,reject_tier,5.0
ICLR_26_10,assertive,gemma4_31b,3.3333333333333335,3,0.0,REJECT,ICLR,Reject,reject_tier,1.0
ICLR_26_10,assertive,gemma4_e4b,8.0,3,1.0,ACCEPT,ICLR,Reject,reject_tier,1.0
ICLR_26_10,assertive,llama_3.1_8b,8.0,3,1.0,ACCEPT,ICLR,Reject,reject_tier,1.0
ICLR_26_10,assertive,llama_3.2_3b,8.0,3,1.0,ACCEPT,ICLR,Reject,reject_tier,1.0
ICLR_26_10,assertive,ministral3_14b,8.0,3,1.0,ACCEPT,ICLR,Reject,reject_tier,1.0
ICLR_26_10,assertive,ministral3_8b,7.666666666666667,3,0.3333333333333333,REJECT,ICLR,Reject,reject_tier,1.0
ICLR_26_10,assertive,qwen2.5_32b,8.0,3,1.0,ACCEPT,ICLR,Reject,reject_tier,1.0
ICLR_26_10,assertive,qwen2.5_3b,8.0,3,1.0,ACCEPT,ICLR,Reject,reject_tier,1.0
ICLR_26_10,assertive,qwen2.5_7b,8.0,3,1.0,ACCEPT,ICLR,Reject,reject_tier,1.0
ICLR_26_10,hedged,gemma4_31b,3.0,3,0.0,REJECT,ICLR,Reject,reject_tier,1.0
ICLR_26_10,hedged,gemma4_e4b,7.0,3,1.0,ACCEPT,ICLR,Reject,reject_tier,1.0
ICLR_26_10,hedged,llama_3.1_8b,7.333333333333333,3,1.0,ACCEPT,ICLR,Reject,reject_tier,1.0
ICLR_26_10,hedged,llama_3.2_3b,7.666666666666667,3,1.0,ACCEPT,ICLR,Reject,reject_tier,1.0
ICLR_26_10,hedged,ministral3_14b,7.0,3,1.0,ACCEPT,ICLR,Reject,reject_tier,1.0
ICLR_26_10,hedged,ministral3_8b,6.0,3,0.0,REJECT,ICLR,Reject,reject_tier,1.0
ICLR_26_10,hedged,qwen2.5_32b,7.0,3,1.0,ACCEPT,ICLR,Reject,reject_tier,1.0
ICLR_26_10,hedged,qwen2.5_3b,7.0,3,1.0,ACCEPT,ICLR,Reject,reject_tier,1.0
ICLR_26_10,hedged,qwen2.5_7b,8.0,3,1.0,ACCEPT,ICLR,Reject,reject_tier,1.0
ICLR_26_10,l2_grounded,gemma4_31b,4.0,3,0.0,REJECT,ICLR,Reject,reject_tier,1.0
ICLR_26_10,l2_grounded,gemma4_e4b,7.666666666666667,3,1.0,ACCEPT,ICLR,Reject,reject_tier,1.0
ICLR_26_10,l2_grounded,llama_3.1_8b,8.0,3,1.0,ACCEPT,ICLR,Reject,reject_tier,1.0
ICLR_26_10,l2_grounded,llama_3.2_3b,8.0,3,1.0,ACCEPT,ICLR,Reject,reject_tier,1.0
ICLR_26_10,l2_grounded,ministral3_14b,7.666666666666667,3,0.6666666666666666,ACCEPT,ICLR,Reject,reject_tier,1.0
ICLR_26_10,l2_grounded,ministral3_8b,7.666666666666667,3,0.6666666666666666,ACCEPT,ICLR,Reject,reject_tier,1.0
ICLR_26_10,l2_grounded,qwen2.5_32b,8.0,3,1.0,ACCEPT,ICLR,Reject,reject_tier,1.0
ICLR_26_10,l2_grounded,qwen2.5_3b,7.0,3,1.0,ACCEPT,ICLR,Reject,reject_tier,1.0
ICLR_26_10,l2_grounded,qwen2.5_7b,8.0,3,1.0,ACCEPT,ICLR,Reject,reject_tier,1.0
ICLR_26_10,native_fluent,gemma4_31b,4.0,3,0.0,REJECT,ICLR,Reject,reject_tier,1.0
ICLR_26_10,native_fluent,gemma4_e4b,8.0,3,1.0,ACCEPT,ICLR,Reject,reject_tier,1.0
ICLR_26_10,native_fluent,llama_3.1_8b,8.0,3,1.0,ACCEPT,ICLR,Reject,reject_tier,1.0
ICLR_26_10,native_fluent,llama_3.2_3b,8.0,3,1.0,ACCEPT,ICLR,Reject,reject_tier,1.0
ICLR_26_10,native_fluent,ministral3_14b,8.0,3,1.0,ACCEPT,ICLR,Reject,reject_tier,1.0
ICLR_26_10,native_fluent,ministral3_8b,8.666666666666666,3,0.6666666666666666,ACCEPT,ICLR,Reject,reject_tier,1.0
ICLR_26_10,native_fluent,qwen2.5_32b,8.0,3,1.0,ACCEPT,ICLR,Reject,reject_tier,1.0
ICLR_26_10,native_fluent,qwen2.5_3b,8.0,3,1.0,ACCEPT,ICLR,Reject,reject_tier,1.0
ICLR_26_10,native_fluent,qwen2.5_7b,8.0,3,1.0,ACCEPT,ICLR,Reject,reject_tier,1.0
ICLR_26_10,original,gemma4_31b,4.0,3,0.0,REJECT,ICLR,Reject,reject_tier,1.0
ICLR_26_10,original,gemma4_e4b,8.0,3,1.0,ACCEPT,ICLR,Reject,reject_tier,1.0
ICLR_26_10,original,llama_3.1_8b,8.0,3,1.0,ACCEPT,ICLR,Reject,reject_tier,1.0
ICLR_26_10,original,llama_3.2_3b,7.666666666666667,3,1.0,ACCEPT,ICLR,Reject,reject_tier,1.0
ICLR_26_10,original,ministral3_14b,7.333333333333333,3,1.0,ACCEPT,ICLR,Reject,reject_tier,1.0
ICLR_26_10,original,ministral3_8b,7.666666666666667,3,0.3333333333333333,REJECT,ICLR,Reject,reject_tier,1.0
ICLR_26_10,original,qwen2.5_32b,8.0,3,1.0,ACCEPT,ICLR,Reject,reject_tier,1.0
ICLR_26_10,original,qwen2.5_3b,7.0,3,1.0,ACCEPT,ICLR,Reject,reject_tier,1.0
ICLR_26_10,original,qwen2.5_7b,8.0,3,1.0,ACCEPT,ICLR,Reject,reject_tier,1.0
ICLR_26_10,overclaiming,gemma4_31b,3.0,3,0.0,REJECT,ICLR,Reject,reject_tier,1.0
ICLR_26_10,overclaiming,gemma4_e4b,7.0,3,1.0,ACCEPT,ICLR,Reject,reject_tier,1.0
ICLR_26_10,overclaiming,llama_3.1_8b,7.666666666666667,3,1.0,ACCEPT,ICLR,Reject,reject_tier,1.0
ICLR_26_10,overclaiming,llama_3.2_3b,8.666666666666666,3,1.0,ACCEPT,ICLR,Reject,reject_tier,1.0
ICLR_26_10,overclaiming,ministral3_14b,4.333333333333333,3,0.0,REJECT,ICLR,Reject,reject_tier,1.0
ICLR_26_10,overclaiming,ministral3_8b,6.666666666666667,3,0.0,REJECT,ICLR,Reject,reject_tier,1.0
ICLR_26_10,overclaiming,qwen2.5_32b,8.0,3,1.0,ACCEPT,ICLR,Reject,reject_tier,1.0
ICLR_26_10,overclaiming,qwen2.5_3b,8.0,3,1.0,ACCEPT,ICLR,Reject,reject_tier,1.0
ICLR_26_10,overclaiming,qwen2.5_7b,8.0,3,1.0,ACCEPT,ICLR,Reject,reject_tier,1.0
ICLR_26_11,assertive,gemma4_31b,6.0,3,0.0,REJECT,ICLR,Reject,reject_tier,2.0
ICLR_26_11,assertive,gemma4_e4b,8.0,3,1.0,ACCEPT,ICLR,Reject,reject_tier,2.0
ICLR_26_11,assertive,llama_3.1_8b,8.0,3,1.0,ACCEPT,ICLR,Reject,reject_tier,2.0
ICLR_26_11,assertive,llama_3.2_3b,8.0,3,1.0,ACCEPT,ICLR,Reject,reject_tier,2.0
ICLR_26_11,assertive,ministral3_14b,9.0,3,1.0,ACCEPT,ICLR,Reject,reject_tier,2.0
ICLR_26_11,assertive,ministral3_8b,7.666666666666667,3,0.6666666666666666,ACCEPT,ICLR,Reject,reject_tier,2.0
ICLR_26_11,assertive,qwen2.5_32b,8.0,3,1.0,ACCEPT,ICLR,Reject,reject_tier,2.0
ICLR_26_11,assertive,qwen2.5_3b,9.0,3,1.0,ACCEPT,ICLR,Reject,reject_tier,2.0
ICLR_26_11,assertive,qwen2.5_7b,8.666666666666666,3,1.0,ACCEPT,ICLR,Reject,reject_tier,2.0
ICLR_26_11,hedged,gemma4_31b,6.0,3,0.0,REJECT,ICLR,Reject,reject_tier,2.0
ICLR_26_11,hedged,gemma4_e4b,7.666666666666667,3,1.0,ACCEPT,ICLR,Reject,reject_tier,2.0
ICLR_26_11,hedged,llama_3.1_8b,8.0,3,1.0,ACCEPT,ICLR,Reject,reject_tier,2.0
ICLR_26_11,hedged,llama_3.2_3b,7.666666666666667,3,1.0,ACCEPT,ICLR,Reject,reject_tier,2.0
ICLR_26_11,hedged,ministral3_14b,8.0,3,1.0,ACCEPT,ICLR,Reject,reject_tier,2.0
ICLR_26_11,hedged,ministral3_8b,7.333333333333333,3,0.3333333333333333,REJECT,ICLR,Reject,reject_tier,2.0
ICLR_26_11,hedged,qwen2.5_32b,8.0,3,1.0,ACCEPT,ICLR,Reject,reject_tier,2.0
ICLR_26_11,hedged,qwen2.5_3b,8.666666666666666,3,1.0,ACCEPT,ICLR,Reject,reject_tier,2.0
ICLR_26_11,hedged,qwen2.5_7b,8.0,3,1.0,ACCEPT,ICLR,Reject,reject_tier,2.0
ICLR_26_11,l2_grounded,gemma4_31b,6.0,3,0.0,REJECT,ICLR,Reject,reject_tier,2.0
ICLR_26_11,l2_grounded,gemma4_e4b,8.0,3,1.0,ACCEPT,ICLR,Reject,reject_tier,2.0
ICLR_26_11,l2_grounded,llama_3.1_8b,8.0,3,1.0,ACCEPT,ICLR,Reject,reject_tier,2.0
ICLR_26_11,l2_grounded,llama_3.2_3b,8.0,3,1.0,ACCEPT,ICLR,Reject,reject_tier,2.0
ICLR_26_11,l2_grounded,ministral3_14b,8.0,3,1.0,ACCEPT,ICLR,Reject,reject_tier,2.0
ICLR_26_11,l2_grounded,ministral3_8b,7.666666666666667,3,0.3333333333333333,REJECT,ICLR,Reject,reject_tier,2.0
ICLR_26_11,l2_grounded,qwen2.5_32b,7.666666666666667,3,1.0,ACCEPT,ICLR,Reject,reject_tier,2.0
ICLR_26_11,l2_grounded,qwen2.5_3b,9.0,3,1.0,ACCEPT,ICLR,Reject,reject_tier,2.0
ICLR_26_11,l2_grounded,qwen2.5_7b,8.666666666666666,3,1.0,ACCEPT,ICLR,Reject,reject_tier,2.0
ICLR_26_11,native_fluent,gemma4_31b,6.0,3,0.0,REJECT,ICLR,Reject,reject_tier,2.0
ICLR_26_11,native_fluent,gemma4_e4b,8.0,3,1.0,ACCEPT,ICLR,Reject,reject_tier,2.0
ICLR_26_11,native_fluent,llama_3.1_8b,8.0,3,1.0,ACCEPT,ICLR,Reject,reject_tier,2.0
ICLR_26_11,native_fluent,llama_3.2_3b,7.666666666666667,3,1.0,ACCEPT,ICLR,Reject,reject_tier,2.0
ICLR_26_11,native_fluent,ministral3_14b,9.0,3,1.0,ACCEPT,ICLR,Reject,reject_tier,2.0
ICLR_26_11,native_fluent,ministral3_8b,7.666666666666667,3,0.3333333333333333,REJECT,ICLR,Reject,reject_tier,2.0
ICLR_26_11,native_fluent,qwen2.5_32b,8.0,3,1.0,ACCEPT,ICLR,Reject,reject_tier,2.0
ICLR_26_11,native_fluent,qwen2.5_3b,8.333333333333334,3,1.0,ACCEPT,ICLR,Reject,reject_tier,2.0
ICLR_26_11,native_fluent,qwen2.5_7b,9.0,3,1.0,ACCEPT,ICLR,Reject,reject_tier,2.0
ICLR_26_11,original,gemma4_31b,6.0,3,0.0,REJECT,ICLR,Reject,reject_tier,2.0
ICLR_26_11,original,gemma4_e4b,8.0,3,1.0,ACCEPT,ICLR,Reject,reject_tier,2.0
ICLR_26_11,original,llama_3.1_8b,8.0,3,1.0,ACCEPT,ICLR,Reject,reject_tier,2.0
ICLR_26_11,original,llama_3.2_3b,8.0,3,1.0,ACCEPT,ICLR,Reject,reject_tier,2.0
ICLR_26_11,original,ministral3_14b,8.666666666666666,3,1.0,ACCEPT,ICLR,Reject,reject_tier,2.0
ICLR_26_11,original,ministral3_8b,7.666666666666667,3,0.3333333333333333,REJECT,ICLR,Reject,reject_tier,2.0
ICLR_26_11,original,qwen2.5_32b,8.0,3,1.0,ACCEPT,ICLR,Reject,reject_tier,2.0
ICLR_26_11,original,qwen2.5_3b,9.0,3,1.0,ACCEPT,ICLR,Reject,reject_tier,2.0
ICLR_26_11,original,qwen2.5_7b,9.0,3,1.0,ACCEPT,ICLR,Reject,reject_tier,2.0
ICLR_26_11,overclaiming,gemma4_31b,3.6666666666666665,3,0.0,REJECT,ICLR,Reject,reject_tier,2.0
ICLR_26_11,overclaiming,gemma4_e4b,8.0,3,1.0,ACCEPT,ICLR,Reject,reject_tier,2.0
ICLR_26_11,overclaiming,llama_3.1_8b,8.0,3,1.0,ACCEPT,ICLR,Reject,reject_tier,2.0
ICLR_26_11,overclaiming,llama_3.2_3b,8.0,3,1.0,ACCEPT,ICLR,Reject,reject_tier,2.0
ICLR_26_11,overclaiming,ministral3_14b,8.333333333333334,3,1.0,ACCEPT,ICLR,Reject,reject_tier,2.0
ICLR_26_11,overclaiming,ministral3_8b,7.666666666666667,3,0.6666666666666666,ACCEPT,ICLR,Reject,reject_tier,2.0
ICLR_26_11,overclaiming,qwen2.5_32b,8.666666666666666,3,1.0,ACCEPT,ICLR,Reject,reject_tier,2.0
ICLR_26_11,overclaiming,qwen2.5_3b,9.666666666666666,3,1.0,ACCEPT,ICLR,Reject,reject_tier,2.0
ICLR_26_11,overclaiming,qwen2.5_7b,9.0,3,1.0,ACCEPT,ICLR,Reject,reject_tier,2.0
ICLR_26_12,assertive,gemma4_31b,5.666666666666667,3,0.6666666666666666,ACCEPT,ICLR,Reject,reject_tier,2.5
ICLR_26_12,assertive,gemma4_e4b,7.0,3,1.0,ACCEPT,ICLR,Reject,reject_tier,2.5
ICLR_26_12,assertive,llama_3.1_8b,8.0,3,1.0,ACCEPT,ICLR,Reject,reject_tier,2.5
ICLR_26_12,assertive,llama_3.2_3b,8.0,3,1.0,ACCEPT,ICLR,Reject,reject_tier,2.5
ICLR_26_12,assertive,ministral3_14b,8.0,3,1.0,ACCEPT,ICLR,Reject,reject_tier,2.5
ICLR_26_12,assertive,ministral3_8b,7.666666666666667,3,0.6666666666666666,ACCEPT,ICLR,Reject,reject_tier,2.5
ICLR_26_12,assertive,qwen2.5_32b,8.0,3,1.0,ACCEPT,ICLR,Reject,reject_tier,2.5
ICLR_26_12,assertive,qwen2.5_3b,8.0,3,1.0,ACCEPT,ICLR,Reject,reject_tier,2.5
ICLR_26_12,assertive,qwen2.5_7b,8.666666666666666,3,1.0,ACCEPT,ICLR,Reject,reject_tier,2.5
ICLR_26_12,hedged,gemma4_31b,5.666666666666667,3,0.6666666666666666,ACCEPT,ICLR,Reject,reject_tier,2.5
ICLR_26_12,hedged,gemma4_e4b,7.0,3,1.0,ACCEPT,ICLR,Reject,reject_tier,2.5
ICLR_26_12,hedged,llama_3.1_8b,7.666666666666667,3,1.0,ACCEPT,ICLR,Reject,reject_tier,2.5
ICLR_26_12,hedged,llama_3.2_3b,7.333333333333333,3,1.0,ACCEPT,ICLR,Reject,reject_tier,2.5
ICLR_26_12,hedged,ministral3_14b,7.666666666666667,3,1.0,ACCEPT,ICLR,Reject,reject_tier,2.5
ICLR_26_12,hedged,ministral3_8b,7.666666666666667,3,0.6666666666666666,ACCEPT,ICLR,Reject,reject_tier,2.5
ICLR_26_12,hedged,qwen2.5_32b,7.666666666666667,3,1.0,ACCEPT,ICLR,Reject,reject_tier,2.5
ICLR_26_12,hedged,qwen2.5_3b,8.0,3,1.0,ACCEPT,ICLR,Reject,reject_tier,2.5
ICLR_26_12,hedged,qwen2.5_7b,8.0,3,1.0,ACCEPT,ICLR,Reject,reject_tier,2.5
ICLR_26_12,l2_grounded,gemma4_31b,6.0,3,1.0,ACCEPT,ICLR,Reject,reject_tier,2.5
ICLR_26_12,l2_grounded,gemma4_e4b,7.0,3,1.0,ACCEPT,ICLR,Reject,reject_tier,2.5
ICLR_26_12,l2_grounded,llama_3.1_8b,8.0,3,1.0,ACCEPT,ICLR,Reject,reject_tier,2.5
ICLR_26_12,l2_grounded,llama_3.2_3b,8.0,3,1.0,ACCEPT,ICLR,Reject,reject_tier,2.5
ICLR_26_12,l2_grounded,ministral3_14b,8.0,3,1.0,ACCEPT,ICLR,Reject,reject_tier,2.5
ICLR_26_12,l2_grounded,ministral3_8b,8.0,3,0.6666666666666666,ACCEPT,ICLR,Reject,reject_tier,2.5
ICLR_26_12,l2_grounded,qwen2.5_32b,8.0,3,1.0,ACCEPT,ICLR,Reject,reject_tier,2.5
ICLR_26_12,l2_grounded,qwen2.5_3b,8.333333333333334,3,1.0,ACCEPT,ICLR,Reject,reject_tier,2.5
ICLR_26_12,l2_grounded,qwen2.5_7b,8.666666666666666,3,1.0,ACCEPT,ICLR,Reject,reject_tier,2.5
ICLR_26_12,native_fluent,gemma4_31b,6.0,3,1.0,ACCEPT,ICLR,Reject,reject_tier,2.5
ICLR_26_12,native_fluent,gemma4_e4b,7.0,3,1.0,ACCEPT,ICLR,Reject,reject_tier,2.5
ICLR_26_12,native_fluent,llama_3.1_8b,8.0,3,1.0,ACCEPT,ICLR,Reject,reject_tier,2.5
ICLR_26_12,native_fluent,llama_3.2_3b,7.333333333333333,3,1.0,ACCEPT,ICLR,Reject,reject_tier,2.5
ICLR_26_12,native_fluent,ministral3_14b,8.0,3,1.0,ACCEPT,ICLR,Reject,reject_tier,2.5
ICLR_26_12,native_fluent,ministral3_8b,8.666666666666666,3,1.0,ACCEPT,ICLR,Reject,reject_tier,2.5
ICLR_26_12,native_fluent,qwen2.5_32b,8.0,3,1.0,ACCEPT,ICLR,Reject,reject_tier,2.5
ICLR_26_12,native_fluent,qwen2.5_3b,8.0,3,1.0,ACCEPT,ICLR,Reject,reject_tier,2.5
ICLR_26_12,native_fluent,qwen2.5_7b,9.0,3,1.0,ACCEPT,ICLR,Reject,reject_tier,2.5
ICLR_26_12,original,gemma4_31b,5.0,3,0.0,REJECT,ICLR,Reject,reject_tier,2.5
ICLR_26_12,original,gemma4_e4b,7.0,3,1.0,ACCEPT,ICLR,Reject,reject_tier,2.5
ICLR_26_12,original,llama_3.1_8b,8.0,3,1.0,ACCEPT,ICLR,Reject,reject_tier,2.5
ICLR_26_12,original,llama_3.2_3b,8.333333333333334,3,1.0,ACCEPT,ICLR,Reject,reject_tier,2.5
ICLR_26_12,original,ministral3_14b,7.666666666666667,3,1.0,ACCEPT,ICLR,Reject,reject_tier,2.5
ICLR_26_12,original,ministral3_8b,7.333333333333333,3,0.6666666666666666,ACCEPT,ICLR,Reject,reject_tier,2.5
ICLR_26_12,original,qwen2.5_32b,8.0,3,1.0,ACCEPT,ICLR,Reject,reject_tier,2.5
ICLR_26_12,original,qwen2.5_3b,8.333333333333334,3,1.0,ACCEPT,ICLR,Reject,reject_tier,2.5
ICLR_26_12,original,qwen2.5_7b,8.666666666666666,3,1.0,ACCEPT,ICLR,Reject,reject_tier,2.5
ICLR_26_12,overclaiming,gemma4_31b,4.0,3,0.0,REJECT,ICLR,Reject,reject_tier,2.5
ICLR_26_12,overclaiming,gemma4_e4b,7.333333333333333,3,1.0,ACCEPT,ICLR,Reject,reject_tier,2.5
ICLR_26_12,overclaiming,llama_3.1_8b,8.0,3,1.0,ACCEPT,ICLR,Reject,reject_tier,2.5
ICLR_26_12,overclaiming,llama_3.2_3b,8.0,3,1.0,ACCEPT,ICLR,Reject,reject_tier,2.5
ICLR_26_12,overclaiming,ministral3_14b,8.0,3,1.0,ACCEPT,ICLR,Reject,reject_tier,2.5
ICLR_26_12,overclaiming,ministral3_8b,7.333333333333333,3,0.3333333333333333,REJECT,ICLR,Reject,reject_tier,2.5
ICLR_26_12,overclaiming,qwen2.5_32b,8.0,3,1.0,ACCEPT,ICLR,Reject,reject_tier,2.5
ICLR_26_12,overclaiming,qwen2.5_3b,9.333333333333334,3,1.0,ACCEPT,ICLR,Reject,reject_tier,2.5
ICLR_26_12,overclaiming,qwen2.5_7b,9.0,3,1.0,ACCEPT,ICLR,Reject,reject_tier,2.5
ICLR_26_13,assertive,gemma4_31b,8.0,3,1.0,ACCEPT,ICLR,Reject,reject_tier,3.5
ICLR_26_13,assertive,gemma4_e4b,8.333333333333334,3,1.0,ACCEPT,ICLR,Reject,reject_tier,3.5
ICLR_26_13,assertive,llama_3.1_8b,8.333333333333334,3,1.0,ACCEPT,ICLR,Reject,reject_tier,3.5
ICLR_26_13,assertive,llama_3.2_3b,8.333333333333334,3,1.0,ACCEPT,ICLR,Reject,reject_tier,3.5
ICLR_26_13,assertive,ministral3_14b,8.666666666666666,3,1.0,ACCEPT,ICLR,Reject,reject_tier,3.5
ICLR_26_13,assertive,ministral3_8b,9.0,3,1.0,ACCEPT,ICLR,Reject,reject_tier,3.5
ICLR_26_13,assertive,qwen2.5_32b,8.0,3,1.0,ACCEPT,ICLR,Reject,reject_tier,3.5
ICLR_26_13,assertive,qwen2.5_3b,9.0,3,1.0,ACCEPT,ICLR,Reject,reject_tier,3.5
ICLR_26_13,assertive,qwen2.5_7b,9.0,3,1.0,ACCEPT,ICLR,Reject,reject_tier,3.5
ICLR_26_13,hedged,gemma4_31b,7.0,3,1.0,ACCEPT,ICLR,Reject,reject_tier,3.5
ICLR_26_13,hedged,gemma4_e4b,8.0,3,1.0,ACCEPT,ICLR,Reject,reject_tier,3.5
ICLR_26_13,hedged,llama_3.1_8b,8.0,3,1.0,ACCEPT,ICLR,Reject,reject_tier,3.5
ICLR_26_13,hedged,llama_3.2_3b,7.666666666666667,3,1.0,ACCEPT,ICLR,Reject,reject_tier,3.5
ICLR_26_13,hedged,ministral3_14b,8.666666666666666,3,1.0,ACCEPT,ICLR,Reject,reject_tier,3.5
ICLR_26_13,hedged,ministral3_8b,8.666666666666666,3,0.6666666666666666,ACCEPT,ICLR,Reject,reject_tier,3.5
ICLR_26_13,hedged,qwen2.5_32b,8.0,3,1.0,ACCEPT,ICLR,Reject,reject_tier,3.5
ICLR_26_13,hedged,qwen2.5_3b,8.0,3,1.0,ACCEPT,ICLR,Reject,reject_tier,3.5
ICLR_26_13,hedged,qwen2.5_7b,8.0,3,1.0,ACCEPT,ICLR,Reject,reject_tier,3.5
ICLR_26_13,l2_grounded,gemma4_31b,7.666666666666667,3,1.0,ACCEPT,ICLR,Reject,reject_tier,3.5
ICLR_26_13,l2_grounded,gemma4_e4b,8.0,3,1.0,ACCEPT,ICLR,Reject,reject_tier,3.5
ICLR_26_13,l2_grounded,llama_3.1_8b,8.666666666666666,3,1.0,ACCEPT,ICLR,Reject,reject_tier,3.5
ICLR_26_13,l2_grounded,llama_3.2_3b,8.333333333333334,3,1.0,ACCEPT,ICLR,Reject,reject_tier,3.5
ICLR_26_13,l2_grounded,ministral3_14b,9.0,3,1.0,ACCEPT,ICLR,Reject,reject_tier,3.5
ICLR_26_13,l2_grounded,ministral3_8b,8.333333333333334,3,1.0,ACCEPT,ICLR,Reject,reject_tier,3.5
ICLR_26_13,l2_grounded,qwen2.5_32b,8.0,3,1.0,ACCEPT,ICLR,Reject,reject_tier,3.5
ICLR_26_13,l2_grounded,qwen2.5_3b,8.666666666666666,3,1.0,ACCEPT,ICLR,Reject,reject_tier,3.5
ICLR_26_13,l2_grounded,qwen2.5_7b,8.333333333333334,3,1.0,ACCEPT,ICLR,Reject,reject_tier,3.5
ICLR_26_13,native_fluent,gemma4_31b,8.0,3,1.0,ACCEPT,ICLR,Reject,reject_tier,3.5
ICLR_26_13,native_fluent,gemma4_e4b,8.0,3,1.0,ACCEPT,ICLR,Reject,reject_tier,3.5
ICLR_26_13,native_fluent,llama_3.1_8b,8.0,3,1.0,ACCEPT,ICLR,Reject,reject_tier,3.5
ICLR_26_13,native_fluent,llama_3.2_3b,8.0,3,1.0,ACCEPT,ICLR,Reject,reject_tier,3.5
ICLR_26_13,native_fluent,ministral3_14b,9.0,3,1.0,ACCEPT,ICLR,Reject,reject_tier,3.5
ICLR_26_13,native_fluent,ministral3_8b,8.666666666666666,3,1.0,ACCEPT,ICLR,Reject,reject_tier,3.5
ICLR_26_13,native_fluent,qwen2.5_32b,8.0,3,1.0,ACCEPT,ICLR,Reject,reject_tier,3.5
ICLR_26_13,native_fluent,qwen2.5_3b,9.0,3,1.0,ACCEPT,ICLR,Reject,reject_tier,3.5
ICLR_26_13,native_fluent,qwen2.5_7b,8.666666666666666,3,1.0,ACCEPT,ICLR,Reject,reject_tier,3.5
ICLR_26_13,original,gemma4_31b,7.666666666666667,3,1.0,ACCEPT,ICLR,Reject,reject_tier,3.5
ICLR_26_13,original,gemma4_e4b,8.0,3,1.0,ACCEPT,ICLR,Reject,reject_tier,3.5
ICLR_26_13,original,llama_3.1_8b,8.333333333333334,3,1.0,ACCEPT,ICLR,Reject,reject_tier,3.5
ICLR_26_13,original,llama_3.2_3b,8.0,3,1.0,ACCEPT,ICLR,Reject,reject_tier,3.5
ICLR_26_13,original,ministral3_14b,9.0,3,1.0,ACCEPT,ICLR,Reject,reject_tier,3.5
ICLR_26_13,original,ministral3_8b,9.0,3,1.0,ACCEPT,ICLR,Reject,reject_tier,3.5
ICLR_26_13,original,qwen2.5_32b,8.0,3,1.0,ACCEPT,ICLR,Reject,reject_tier,3.5
ICLR_26_13,original,qwen2.5_3b,8.666666666666666,3,1.0,ACCEPT,ICLR,Reject,reject_tier,3.5
ICLR_26_13,original,qwen2.5_7b,9.0,3,1.0,ACCEPT,ICLR,Reject,reject_tier,3.5
ICLR_26_13,overclaiming,gemma4_31b,3.0,3,0.0,REJECT,ICLR,Reject,reject_tier,3.5
ICLR_26_13,overclaiming,gemma4_e4b,8.333333333333334,3,1.0,ACCEPT,ICLR,Reject,reject_tier,3.5
ICLR_26_13,overclaiming,llama_3.1_8b,8.0,3,1.0,ACCEPT,ICLR,Reject,reject_tier,3.5
ICLR_26_13,overclaiming,llama_3.2_3b,7.666666666666667,3,1.0,ACCEPT,ICLR,Reject,reject_tier,3.5
ICLR_26_13,overclaiming,ministral3_14b,8.333333333333334,3,1.0,ACCEPT,ICLR,Reject,reject_tier,3.5
ICLR_26_13,overclaiming,ministral3_8b,9.0,3,1.0,ACCEPT,ICLR,Reject,reject_tier,3.5
ICLR_26_13,overclaiming,qwen2.5_32b,8.0,3,1.0,ACCEPT,ICLR,Reject,reject_tier,3.5
ICLR_26_13,overclaiming,qwen2.5_3b,8.666666666666666,3,1.0,ACCEPT,ICLR,Reject,reject_tier,3.5
ICLR_26_13,overclaiming,qwen2.5_7b,8.0,3,1.0,ACCEPT,ICLR,Reject,reject_tier,3.5
ICLR_26_14,assertive,gemma4_31b,6.0,3,0.0,REJECT,ICLR,Reject,reject_tier,2.0
ICLR_26_14,assertive,gemma4_e4b,8.0,3,1.0,ACCEPT,ICLR,Reject,reject_tier,2.0
ICLR_26_14,assertive,llama_3.1_8b,8.0,3,1.0,ACCEPT,ICLR,Reject,reject_tier,2.0
ICLR_26_14,assertive,llama_3.2_3b,8.0,3,1.0,ACCEPT,ICLR,Reject,reject_tier,2.0
ICLR_26_14,assertive,ministral3_14b,8.333333333333334,3,1.0,ACCEPT,ICLR,Reject,reject_tier,2.0
ICLR_26_14,assertive,ministral3_8b,7.333333333333333,3,0.3333333333333333,REJECT,ICLR,Reject,reject_tier,2.0
ICLR_26_14,assertive,qwen2.5_32b,8.0,3,1.0,ACCEPT,ICLR,Reject,reject_tier,2.0
ICLR_26_14,assertive,qwen2.5_3b,8.0,3,1.0,ACCEPT,ICLR,Reject,reject_tier,2.0
ICLR_26_14,assertive,qwen2.5_7b,8.0,3,1.0,ACCEPT,ICLR,Reject,reject_tier,2.0
ICLR_26_14,hedged,gemma4_31b,6.0,3,0.0,REJECT,ICLR,Reject,reject_tier,2.0
ICLR_26_14,hedged,gemma4_e4b,7.0,3,1.0,ACCEPT,ICLR,Reject,reject_tier,2.0
ICLR_26_14,hedged,llama_3.1_8b,8.0,3,1.0,ACCEPT,ICLR,Reject,reject_tier,2.0
ICLR_26_14,hedged,llama_3.2_3b,8.0,3,1.0,ACCEPT,ICLR,Reject,reject_tier,2.0
ICLR_26_14,hedged,ministral3_14b,8.0,3,1.0,ACCEPT,ICLR,Reject,reject_tier,2.0
ICLR_26_14,hedged,ministral3_8b,7.0,3,0.0,REJECT,ICLR,Reject,reject_tier,2.0
ICLR_26_14,hedged,qwen2.5_32b,7.0,3,1.0,ACCEPT,ICLR,Reject,reject_tier,2.0
ICLR_26_14,hedged,qwen2.5_3b,8.0,3,1.0,ACCEPT,ICLR,Reject,reject_tier,2.0
ICLR_26_14,hedged,qwen2.5_7b,8.0,3,1.0,ACCEPT,ICLR,Reject,reject_tier,2.0
ICLR_26_14,l2_grounded,gemma4_31b,6.0,3,0.0,REJECT,ICLR,Reject,reject_tier,2.0
ICLR_26_14,l2_grounded,gemma4_e4b,7.666666666666667,3,1.0,ACCEPT,ICLR,Reject,reject_tier,2.0
ICLR_26_14,l2_grounded,llama_3.1_8b,8.0,3,1.0,ACCEPT,ICLR,Reject,reject_tier,2.0
ICLR_26_14,l2_grounded,llama_3.2_3b,8.333333333333334,3,1.0,ACCEPT,ICLR,Reject,reject_tier,2.0
ICLR_26_14,l2_grounded,ministral3_14b,8.333333333333334,3,1.0,ACCEPT,ICLR,Reject,reject_tier,2.0
ICLR_26_14,l2_grounded,ministral3_8b,7.666666666666667,3,0.3333333333333333,REJECT,ICLR,Reject,reject_tier,2.0
ICLR_26_14,l2_grounded,qwen2.5_32b,7.666666666666667,3,1.0,ACCEPT,ICLR,Reject,reject_tier,2.0
ICLR_26_14,l2_grounded,qwen2.5_3b,8.0,3,1.0,ACCEPT,ICLR,Reject,reject_tier,2.0
ICLR_26_14,l2_grounded,qwen2.5_7b,8.0,3,1.0,ACCEPT,ICLR,Reject,reject_tier,2.0
ICLR_26_14,native_fluent,gemma4_31b,6.0,3,0.0,REJECT,ICLR,Reject,reject_tier,2.0
ICLR_26_14,native_fluent,gemma4_e4b,7.666666666666667,3,1.0,ACCEPT,ICLR,Reject,reject_tier,2.0
ICLR_26_14,native_fluent,llama_3.1_8b,8.0,3,1.0,ACCEPT,ICLR,Reject,reject_tier,2.0
ICLR_26_14,native_fluent,llama_3.2_3b,8.0,3,1.0,ACCEPT,ICLR,Reject,reject_tier,2.0
ICLR_26_14,native_fluent,ministral3_14b,7.666666666666667,3,1.0,ACCEPT,ICLR,Reject,reject_tier,2.0
ICLR_26_14,native_fluent,ministral3_8b,7.333333333333333,3,0.3333333333333333,REJECT,ICLR,Reject,reject_tier,2.0
ICLR_26_14,native_fluent,qwen2.5_32b,8.0,3,1.0,ACCEPT,ICLR,Reject,reject_tier,2.0
ICLR_26_14,native_fluent,qwen2.5_3b,8.0,3,1.0,ACCEPT,ICLR,Reject,reject_tier,2.0
ICLR_26_14,native_fluent,qwen2.5_7b,8.0,3,1.0,ACCEPT,ICLR,Reject,reject_tier,2.0
ICLR_26_14,original,gemma4_31b,6.0,3,0.0,REJECT,ICLR,Reject,reject_tier,2.0
ICLR_26_14,original,gemma4_e4b,8.0,3,1.0,ACCEPT,ICLR,Reject,reject_tier,2.0
ICLR_26_14,original,llama_3.1_8b,8.0,3,1.0,ACCEPT,ICLR,Reject,reject_tier,2.0
ICLR_26_14,original,llama_3.2_3b,8.0,3,1.0,ACCEPT,ICLR,Reject,reject_tier,2.0
ICLR_26_14,original,ministral3_14b,7.666666666666667,3,1.0,ACCEPT,ICLR,Reject,reject_tier,2.0
ICLR_26_14,original,ministral3_8b,7.0,3,0.0,REJECT,ICLR,Reject,reject_tier,2.0
ICLR_26_14,original,qwen2.5_32b,8.0,3,1.0,ACCEPT,ICLR,Reject,reject_tier,2.0
ICLR_26_14,original,qwen2.5_3b,8.0,3,1.0,ACCEPT,ICLR,Reject,reject_tier,2.0
ICLR_26_14,original,qwen2.5_7b,8.0,3,1.0,ACCEPT,ICLR,Reject,reject_tier,2.0
ICLR_26_14,overclaiming,gemma4_31b,3.0,3,0.0,REJECT,ICLR,Reject,reject_tier,2.0
ICLR_26_14,overclaiming,gemma4_e4b,8.0,3,1.0,ACCEPT,ICLR,Reject,reject_tier,2.0
ICLR_26_14,overclaiming,llama_3.1_8b,8.0,3,1.0,ACCEPT,ICLR,Reject,reject_tier,2.0
ICLR_26_14,overclaiming,llama_3.2_3b,8.333333333333334,3,1.0,ACCEPT,ICLR,Reject,reject_tier,2.0
ICLR_26_14,overclaiming,ministral3_14b,7.666666666666667,3,1.0,ACCEPT,ICLR,Reject,reject_tier,2.0
ICLR_26_14,overclaiming,ministral3_8b,7.333333333333333,3,0.3333333333333333,REJECT,ICLR,Reject,reject_tier,2.0
ICLR_26_14,overclaiming,qwen2.5_32b,8.0,3,1.0,ACCEPT,ICLR,Reject,reject_tier,2.0
ICLR_26_14,overclaiming,qwen2.5_3b,8.333333333333334,3,1.0,ACCEPT,ICLR,Reject,reject_tier,2.0
ICLR_26_14,overclaiming,qwen2.5_7b,8.0,3,1.0,ACCEPT,ICLR,Reject,reject_tier,2.0
ICLR_26_15,assertive,gemma4_31b,4.0,3,0.0,REJECT,ICLR,Reject,reject_tier,2.0
ICLR_26_15,assertive,gemma4_e4b,7.0,3,1.0,ACCEPT,ICLR,Reject,reject_tier,2.0
ICLR_26_15,assertive,llama_3.1_8b,8.0,3,1.0,ACCEPT,ICLR,Reject,reject_tier,2.0
ICLR_26_15,assertive,llama_3.2_3b,8.0,3,1.0,ACCEPT,ICLR,Reject,reject_tier,2.0
ICLR_26_15,assertive,ministral3_14b,7.666666666666667,3,1.0,ACCEPT,ICLR,Reject,reject_tier,2.0
ICLR_26_15,assertive,ministral3_8b,7.333333333333333,3,0.0,REJECT,ICLR,Reject,reject_tier,2.0
ICLR_26_15,assertive,qwen2.5_32b,8.0,3,1.0,ACCEPT,ICLR,Reject,reject_tier,2.0
ICLR_26_15,assertive,qwen2.5_3b,8.0,3,1.0,ACCEPT,ICLR,Reject,reject_tier,2.0
ICLR_26_15,assertive,qwen2.5_7b,8.0,3,1.0,ACCEPT,ICLR,Reject,reject_tier,2.0
ICLR_26_15,hedged,gemma4_31b,3.0,3,0.0,REJECT,ICLR,Reject,reject_tier,2.0
ICLR_26_15,hedged,gemma4_e4b,6.0,3,1.0,ACCEPT,ICLR,Reject,reject_tier,2.0
ICLR_26_15,hedged,llama_3.1_8b,7.0,3,1.0,ACCEPT,ICLR,Reject,reject_tier,2.0
ICLR_26_15,hedged,llama_3.2_3b,7.666666666666667,3,1.0,ACCEPT,ICLR,Reject,reject_tier,2.0
ICLR_26_15,hedged,ministral3_14b,6.333333333333333,3,0.0,REJECT,ICLR,Reject,reject_tier,2.0
ICLR_26_15,hedged,ministral3_8b,3.3333333333333335,3,0.0,REJECT,ICLR,Reject,reject_tier,2.0
ICLR_26_15,hedged,qwen2.5_32b,6.0,3,0.0,REJECT,ICLR,Reject,reject_tier,2.0
ICLR_26_15,hedged,qwen2.5_3b,7.0,3,1.0,ACCEPT,ICLR,Reject,reject_tier,2.0
ICLR_26_15,hedged,qwen2.5_7b,7.666666666666667,3,1.0,ACCEPT,ICLR,Reject,reject_tier,2.0
ICLR_26_15,l2_grounded,gemma4_31b,4.0,3,0.0,REJECT,ICLR,Reject,reject_tier,2.0
ICLR_26_15,l2_grounded,gemma4_e4b,7.0,3,1.0,ACCEPT,ICLR,Reject,reject_tier,2.0
ICLR_26_15,l2_grounded,llama_3.1_8b,7.666666666666667,3,1.0,ACCEPT,ICLR,Reject,reject_tier,2.0
ICLR_26_15,l2_grounded,llama_3.2_3b,7.666666666666667,3,1.0,ACCEPT,ICLR,Reject,reject_tier,2.0
ICLR_26_15,l2_grounded,ministral3_14b,7.0,3,1.0,ACCEPT,ICLR,Reject,reject_tier,2.0
ICLR_26_15,l2_grounded,ministral3_8b,7.666666666666667,3,0.3333333333333333,REJECT,ICLR,Reject,reject_tier,2.0
ICLR_26_15,l2_grounded,qwen2.5_32b,7.666666666666667,3,1.0,ACCEPT,ICLR,Reject,reject_tier,2.0
ICLR_26_15,l2_grounded,qwen2.5_3b,8.0,3,1.0,ACCEPT,ICLR,Reject,reject_tier,2.0
ICLR_26_15,l2_grounded,qwen2.5_7b,8.0,3,1.0,ACCEPT,ICLR,Reject,reject_tier,2.0
ICLR_26_15,native_fluent,gemma4_31b,4.0,3,0.0,REJECT,ICLR,Reject,reject_tier,2.0
ICLR_26_15,native_fluent,gemma4_e4b,7.0,3,1.0,ACCEPT,ICLR,Reject,reject_tier,2.0
ICLR_26_15,native_fluent,llama_3.1_8b,7.666666666666667,3,1.0,ACCEPT,ICLR,Reject,reject_tier,2.0
ICLR_26_15,native_fluent,llama_3.2_3b,7.666666666666667,3,1.0,ACCEPT,ICLR,Reject,reject_tier,2.0
ICLR_26_15,native_fluent,ministral3_14b,7.333333333333333,3,1.0,ACCEPT,ICLR,Reject,reject_tier,2.0
ICLR_26_15,native_fluent,ministral3_8b,7.333333333333333,3,0.3333333333333333,REJECT,ICLR,Reject,reject_tier,2.0
ICLR_26_15,native_fluent,qwen2.5_32b,8.0,3,1.0,ACCEPT,ICLR,Reject,reject_tier,2.0
ICLR_26_15,native_fluent,qwen2.5_3b,8.0,3,1.0,ACCEPT,ICLR,Reject,reject_tier,2.0
ICLR_26_15,native_fluent,qwen2.5_7b,8.0,3,1.0,ACCEPT,ICLR,Reject,reject_tier,2.0
ICLR_26_15,original,gemma4_31b,3.0,3,0.0,REJECT,ICLR,Reject,reject_tier,2.0
ICLR_26_15,original,gemma4_e4b,6.333333333333333,3,1.0,ACCEPT,ICLR,Reject,reject_tier,2.0
ICLR_26_15,original,llama_3.1_8b,7.666666666666667,3,1.0,ACCEPT,ICLR,Reject,reject_tier,2.0
ICLR_26_15,original,llama_3.2_3b,8.0,3,1.0,ACCEPT,ICLR,Reject,reject_tier,2.0
ICLR_26_15,original,ministral3_14b,7.333333333333333,3,1.0,ACCEPT,ICLR,Reject,reject_tier,2.0
ICLR_26_15,original,ministral3_8b,6.666666666666667,3,0.0,REJECT,ICLR,Reject,reject_tier,2.0
ICLR_26_15,original,qwen2.5_32b,7.0,3,1.0,ACCEPT,ICLR,Reject,reject_tier,2.0
ICLR_26_15,original,qwen2.5_3b,8.0,3,1.0,ACCEPT,ICLR,Reject,reject_tier,2.0
ICLR_26_15,original,qwen2.5_7b,8.0,3,1.0,ACCEPT,ICLR,Reject,reject_tier,2.0
ICLR_26_15,overclaiming,gemma4_31b,3.0,3,0.0,REJECT,ICLR,Reject,reject_tier,2.0
ICLR_26_15,overclaiming,gemma4_e4b,4.0,3,0.0,REJECT,ICLR,Reject,reject_tier,2.0
ICLR_26_15,overclaiming,llama_3.1_8b,7.333333333333333,3,1.0,ACCEPT,ICLR,Reject,reject_tier,2.0
ICLR_26_15,overclaiming,llama_3.2_3b,7.333333333333333,3,1.0,ACCEPT,ICLR,Reject,reject_tier,2.0
ICLR_26_15,overclaiming,ministral3_14b,4.666666666666667,3,0.0,REJECT,ICLR,Reject,reject_tier,2.0
ICLR_26_15,overclaiming,ministral3_8b,5.333333333333333,3,0.0,REJECT,ICLR,Reject,reject_tier,2.0
ICLR_26_15,overclaiming,qwen2.5_32b,7.0,3,1.0,ACCEPT,ICLR,Reject,reject_tier,2.0
ICLR_26_15,overclaiming,qwen2.5_3b,8.0,3,1.0,ACCEPT,ICLR,Reject,reject_tier,2.0
ICLR_26_15,overclaiming,qwen2.5_7b,8.0,3,1.0,ACCEPT,ICLR,Reject,reject_tier,2.0
ICLR_26_16,assertive,gemma4_31b,4.0,3,0.0,REJECT,ICLR,Reject,reject_tier,3.3333333333333335
ICLR_26_16,assertive,gemma4_e4b,7.0,3,1.0,ACCEPT,ICLR,Reject,reject_tier,3.3333333333333335
ICLR_26_16,assertive,llama_3.1_8b,8.0,3,1.0,ACCEPT,ICLR,Reject,reject_tier,3.3333333333333335
ICLR_26_16,assertive,llama_3.2_3b,7.666666666666667,3,1.0,ACCEPT,ICLR,Reject,reject_tier,3.3333333333333335
ICLR_26_16,assertive,ministral3_14b,7.666666666666667,3,1.0,ACCEPT,ICLR,Reject,reject_tier,3.3333333333333335
ICLR_26_16,assertive,ministral3_8b,7.333333333333333,3,0.3333333333333333,REJECT,ICLR,Reject,reject_tier,3.3333333333333335
ICLR_26_16,assertive,qwen2.5_32b,7.666666666666667,3,1.0,ACCEPT,ICLR,Reject,reject_tier,3.3333333333333335
ICLR_26_16,assertive,qwen2.5_3b,7.666666666666667,3,1.0,ACCEPT,ICLR,Reject,reject_tier,3.3333333333333335
ICLR_26_16,assertive,qwen2.5_7b,8.0,3,1.0,ACCEPT,ICLR,Reject,reject_tier,3.3333333333333335
ICLR_26_16,hedged,gemma4_31b,3.0,3,0.0,REJECT,ICLR,Reject,reject_tier,3.3333333333333335
ICLR_26_16,hedged,gemma4_e4b,6.0,3,1.0,ACCEPT,ICLR,Reject,reject_tier,3.3333333333333335
ICLR_26_16,hedged,llama_3.1_8b,8.0,3,1.0,ACCEPT,ICLR,Reject,reject_tier,3.3333333333333335
ICLR_26_16,hedged,llama_3.2_3b,8.0,3,1.0,ACCEPT,ICLR,Reject,reject_tier,3.3333333333333335
ICLR_26_16,hedged,ministral3_14b,7.333333333333333,3,0.3333333333333333,REJECT,ICLR,Reject,reject_tier,3.3333333333333335
ICLR_26_16,hedged,ministral3_8b,6.0,3,0.0,REJECT,ICLR,Reject,reject_tier,3.3333333333333335
ICLR_26_16,hedged,qwen2.5_32b,7.0,3,1.0,ACCEPT,ICLR,Reject,reject_tier,3.3333333333333335
ICLR_26_16,hedged,qwen2.5_3b,7.666666666666667,3,1.0,ACCEPT,ICLR,Reject,reject_tier,3.3333333333333335
ICLR_26_16,hedged,qwen2.5_7b,8.0,3,1.0,ACCEPT,ICLR,Reject,reject_tier,3.3333333333333335
ICLR_26_16,l2_grounded,gemma4_31b,3.0,3,0.0,REJECT,ICLR,Reject,reject_tier,3.3333333333333335
ICLR_26_16,l2_grounded,gemma4_e4b,7.0,3,1.0,ACCEPT,ICLR,Reject,reject_tier,3.3333333333333335
ICLR_26_16,l2_grounded,llama_3.1_8b,8.0,3,1.0,ACCEPT,ICLR,Reject,reject_tier,3.3333333333333335
ICLR_26_16,l2_grounded,llama_3.2_3b,7.666666666666667,3,1.0,ACCEPT,ICLR,Reject,reject_tier,3.3333333333333335
ICLR_26_16,l2_grounded,ministral3_14b,8.0,3,1.0,ACCEPT,ICLR,Reject,reject_tier,3.3333333333333335
ICLR_26_16,l2_grounded,ministral3_8b,7.0,3,0.0,REJECT,ICLR,Reject,reject_tier,3.3333333333333335
ICLR_26_16,l2_grounded,qwen2.5_32b,8.0,3,1.0,ACCEPT,ICLR,Reject,reject_tier,3.3333333333333335
ICLR_26_16,l2_grounded,qwen2.5_3b,8.0,3,1.0,ACCEPT,ICLR,Reject,reject_tier,3.3333333333333335
ICLR_26_16,l2_grounded,qwen2.5_7b,8.0,3,1.0,ACCEPT,ICLR,Reject,reject_tier,3.3333333333333335
ICLR_26_16,native_fluent,gemma4_31b,4.0,3,0.0,REJECT,ICLR,Reject,reject_tier,3.3333333333333335
ICLR_26_16,native_fluent,gemma4_e4b,7.666666666666667,3,1.0,ACCEPT,ICLR,Reject,reject_tier,3.3333333333333335
ICLR_26_16,native_fluent,llama_3.1_8b,8.0,3,1.0,ACCEPT,ICLR,Reject,reject_tier,3.3333333333333335
ICLR_26_16,native_fluent,llama_3.2_3b,7.333333333333333,3,1.0,ACCEPT,ICLR,Reject,reject_tier,3.3333333333333335
ICLR_26_16,native_fluent,ministral3_14b,7.666666666666667,3,1.0,ACCEPT,ICLR,Reject,reject_tier,3.3333333333333335
ICLR_26_16,native_fluent,ministral3_8b,7.666666666666667,3,0.3333333333333333,REJECT,ICLR,Reject,reject_tier,3.3333333333333335
ICLR_26_16,native_fluent,qwen2.5_32b,8.0,3,1.0,ACCEPT,ICLR,Reject,reject_tier,3.3333333333333335
ICLR_26_16,native_fluent,qwen2.5_3b,8.0,3,1.0,ACCEPT,ICLR,Reject,reject_tier,3.3333333333333335
ICLR_26_16,native_fluent,qwen2.5_7b,8.0,3,1.0,ACCEPT,ICLR,Reject,reject_tier,3.3333333333333335
ICLR_26_16,original,gemma4_31b,3.0,3,0.0,REJECT,ICLR,Reject,reject_tier,3.3333333333333335
ICLR_26_16,original,gemma4_e4b,7.0,3,1.0,ACCEPT,ICLR,Reject,reject_tier,3.3333333333333335
ICLR_26_16,original,llama_3.1_8b,8.0,3,1.0,ACCEPT,ICLR,Reject,reject_tier,3.3333333333333335
ICLR_26_16,original,llama_3.2_3b,7.666666666666667,3,1.0,ACCEPT,ICLR,Reject,reject_tier,3.3333333333333335
ICLR_26_16,original,ministral3_14b,7.0,3,0.3333333333333333,REJECT,ICLR,Reject,reject_tier,3.3333333333333335
ICLR_26_16,original,ministral3_8b,6.333333333333333,3,0.0,REJECT,ICLR,Reject,reject_tier,3.3333333333333335
ICLR_26_16,original,qwen2.5_32b,7.0,3,1.0,ACCEPT,ICLR,Reject,reject_tier,3.3333333333333335
ICLR_26_16,original,qwen2.5_3b,8.0,3,1.0,ACCEPT,ICLR,Reject,reject_tier,3.3333333333333335
ICLR_26_16,original,qwen2.5_7b,7.666666666666667,3,1.0,ACCEPT,ICLR,Reject,reject_tier,3.3333333333333335
ICLR_26_16,overclaiming,gemma4_31b,3.0,3,0.0,REJECT,ICLR,Reject,reject_tier,3.3333333333333335
ICLR_26_16,overclaiming,gemma4_e4b,7.0,3,1.0,ACCEPT,ICLR,Reject,reject_tier,3.3333333333333335
ICLR_26_16,overclaiming,llama_3.1_8b,7.333333333333333,3,1.0,ACCEPT,ICLR,Reject,reject_tier,3.3333333333333335
ICLR_26_16,overclaiming,llama_3.2_3b,8.0,3,1.0,ACCEPT,ICLR,Reject,reject_tier,3.3333333333333335
ICLR_26_16,overclaiming,ministral3_14b,6.666666666666667,3,0.0,REJECT,ICLR,Reject,reject_tier,3.3333333333333335
ICLR_26_16,overclaiming,ministral3_8b,6.333333333333333,3,0.0,REJECT,ICLR,Reject,reject_tier,3.3333333333333335
ICLR_26_16,overclaiming,qwen2.5_32b,7.333333333333333,3,1.0,ACCEPT,ICLR,Reject,reject_tier,3.3333333333333335
ICLR_26_16,overclaiming,qwen2.5_3b,7.666666666666667,3,1.0,ACCEPT,ICLR,Reject,reject_tier,3.3333333333333335
ICLR_26_16,overclaiming,qwen2.5_7b,7.0,3,1.0,ACCEPT,ICLR,Reject,reject_tier,3.3333333333333335
ICLR_26_17,assertive,gemma4_31b,6.0,3,0.0,REJECT,ICLR,Reject,reject_tier,3.0
ICLR_26_17,assertive,gemma4_e4b,7.0,3,1.0,ACCEPT,ICLR,Reject,reject_tier,3.0
ICLR_26_17,assertive,llama_3.1_8b,8.0,3,1.0,ACCEPT,ICLR,Reject,reject_tier,3.0
ICLR_26_17,assertive,llama_3.2_3b,8.0,3,1.0,ACCEPT,ICLR,Reject,reject_tier,3.0
ICLR_26_17,assertive,ministral3_14b,7.666666666666667,3,1.0,ACCEPT,ICLR,Reject,reject_tier,3.0
ICLR_26_17,assertive,ministral3_8b,8.0,3,0.6666666666666666,ACCEPT,ICLR,Reject,reject_tier,3.0
ICLR_26_17,assertive,qwen2.5_32b,8.0,3,1.0,ACCEPT,ICLR,Reject,reject_tier,3.0
ICLR_26_17,assertive,qwen2.5_3b,8.0,3,1.0,ACCEPT,ICLR,Reject,reject_tier,3.0
ICLR_26_17,assertive,qwen2.5_7b,8.0,3,1.0,ACCEPT,ICLR,Reject,reject_tier,3.0
ICLR_26_17,hedged,gemma4_31b,5.0,3,0.0,REJECT,ICLR,Reject,reject_tier,3.0
ICLR_26_17,hedged,gemma4_e4b,6.0,3,1.0,ACCEPT,ICLR,Reject,reject_tier,3.0
ICLR_26_17,hedged,llama_3.1_8b,7.666666666666667,3,1.0,ACCEPT,ICLR,Reject,reject_tier,3.0
ICLR_26_17,hedged,llama_3.2_3b,7.666666666666667,3,1.0,ACCEPT,ICLR,Reject,reject_tier,3.0
ICLR_26_17,hedged,ministral3_14b,7.333333333333333,3,1.0,ACCEPT,ICLR,Reject,reject_tier,3.0
ICLR_26_17,hedged,ministral3_8b,7.666666666666667,3,0.6666666666666666,ACCEPT,ICLR,Reject,reject_tier,3.0
ICLR_26_17,hedged,qwen2.5_32b,7.0,3,1.0,ACCEPT,ICLR,Reject,reject_tier,3.0
ICLR_26_17,hedged,qwen2.5_3b,8.0,3,1.0,ACCEPT,ICLR,Reject,reject_tier,3.0
ICLR_26_17,hedged,qwen2.5_7b,8.0,3,1.0,ACCEPT,ICLR,Reject,reject_tier,3.0
ICLR_26_17,l2_grounded,gemma4_31b,6.0,3,0.0,REJECT,ICLR,Reject,reject_tier,3.0
ICLR_26_17,l2_grounded,gemma4_e4b,6.0,3,1.0,ACCEPT,ICLR,Reject,reject_tier,3.0
ICLR_26_17,l2_grounded,llama_3.1_8b,8.0,3,1.0,ACCEPT,ICLR,Reject,reject_tier,3.0
ICLR_26_17,l2_grounded,llama_3.2_3b,7.666666666666667,3,1.0,ACCEPT,ICLR,Reject,reject_tier,3.0
ICLR_26_17,l2_grounded,ministral3_14b,7.666666666666667,3,1.0,ACCEPT,ICLR,Reject,reject_tier,3.0
ICLR_26_17,l2_grounded,ministral3_8b,7.666666666666667,3,0.6666666666666666,ACCEPT,ICLR,Reject,reject_tier,3.0
ICLR_26_17,l2_grounded,qwen2.5_32b,8.0,3,1.0,ACCEPT,ICLR,Reject,reject_tier,3.0
ICLR_26_17,l2_grounded,qwen2.5_3b,8.0,3,1.0,ACCEPT,ICLR,Reject,reject_tier,3.0
ICLR_26_17,l2_grounded,qwen2.5_7b,8.0,3,1.0,ACCEPT,ICLR,Reject,reject_tier,3.0
ICLR_26_17,native_fluent,gemma4_31b,6.0,3,0.0,REJECT,ICLR,Reject,reject_tier,3.0
ICLR_26_17,native_fluent,gemma4_e4b,7.0,3,1.0,ACCEPT,ICLR,Reject,reject_tier,3.0
ICLR_26_17,native_fluent,llama_3.1_8b,8.0,3,1.0,ACCEPT,ICLR,Reject,reject_tier,3.0
ICLR_26_17,native_fluent,llama_3.2_3b,8.0,3,1.0,ACCEPT,ICLR,Reject,reject_tier,3.0
ICLR_26_17,native_fluent,ministral3_14b,7.666666666666667,3,1.0,ACCEPT,ICLR,Reject,reject_tier,3.0
ICLR_26_17,native_fluent,ministral3_8b,7.666666666666667,3,0.3333333333333333,REJECT,ICLR,Reject,reject_tier,3.0
ICLR_26_17,native_fluent,qwen2.5_32b,8.0,3,1.0,ACCEPT,ICLR,Reject,reject_tier,3.0
ICLR_26_17,native_fluent,qwen2.5_3b,8.0,3,1.0,ACCEPT,ICLR,Reject,reject_tier,3.0
ICLR_26_17,native_fluent,qwen2.5_7b,8.0,3,1.0,ACCEPT,ICLR,Reject,reject_tier,3.0
ICLR_26_17,original,gemma4_31b,6.0,3,0.0,REJECT,ICLR,Reject,reject_tier,3.0
ICLR_26_17,original,gemma4_e4b,6.666666666666667,3,1.0,ACCEPT,ICLR,Reject,reject_tier,3.0
ICLR_26_17,original,llama_3.1_8b,8.0,3,1.0,ACCEPT,ICLR,Reject,reject_tier,3.0
ICLR_26_17,original,llama_3.2_3b,7.666666666666667,3,1.0,ACCEPT,ICLR,Reject,reject_tier,3.0
ICLR_26_17,original,ministral3_14b,8.0,3,1.0,ACCEPT,ICLR,Reject,reject_tier,3.0
ICLR_26_17,original,ministral3_8b,8.0,3,1.0,ACCEPT,ICLR,Reject,reject_tier,3.0
ICLR_26_17,original,qwen2.5_32b,8.0,3,1.0,ACCEPT,ICLR,Reject,reject_tier,3.0
ICLR_26_17,original,qwen2.5_3b,8.0,3,1.0,ACCEPT,ICLR,Reject,reject_tier,3.0
ICLR_26_17,original,qwen2.5_7b,8.0,3,1.0,ACCEPT,ICLR,Reject,reject_tier,3.0
ICLR_26_17,overclaiming,gemma4_31b,3.0,3,0.0,REJECT,ICLR,Reject,reject_tier,3.0
ICLR_26_17,overclaiming,gemma4_e4b,7.0,3,1.0,ACCEPT,ICLR,Reject,reject_tier,3.0
ICLR_26_17,overclaiming,llama_3.1_8b,8.0,3,1.0,ACCEPT,ICLR,Reject,reject_tier,3.0
ICLR_26_17,overclaiming,llama_3.2_3b,7.333333333333333,3,1.0,ACCEPT,ICLR,Reject,reject_tier,3.0
ICLR_26_17,overclaiming,ministral3_14b,7.666666666666667,3,0.6666666666666666,ACCEPT,ICLR,Reject,reject_tier,3.0
ICLR_26_17,overclaiming,ministral3_8b,8.0,3,1.0,ACCEPT,ICLR,Reject,reject_tier,3.0
ICLR_26_17,overclaiming,qwen2.5_32b,8.0,3,1.0,ACCEPT,ICLR,Reject,reject_tier,3.0
ICLR_26_17,overclaiming,qwen2.5_3b,9.0,3,1.0,ACCEPT,ICLR,Reject,reject_tier,3.0
ICLR_26_17,overclaiming,qwen2.5_7b,8.666666666666666,3,1.0,ACCEPT,ICLR,Reject,reject_tier,3.0
ICLR_26_18,assertive,gemma4_31b,6.0,3,0.0,REJECT,ICLR,Reject,reject_tier,2.0
ICLR_26_18,assertive,gemma4_e4b,7.333333333333333,3,1.0,ACCEPT,ICLR,Reject,reject_tier,2.0
ICLR_26_18,assertive,llama_3.1_8b,8.0,3,1.0,ACCEPT,ICLR,Reject,reject_tier,2.0
ICLR_26_18,assertive,llama_3.2_3b,7.666666666666667,3,1.0,ACCEPT,ICLR,Reject,reject_tier,2.0
ICLR_26_18,assertive,ministral3_14b,8.666666666666666,3,1.0,ACCEPT,ICLR,Reject,reject_tier,2.0
ICLR_26_18,assertive,ministral3_8b,8.666666666666666,3,1.0,ACCEPT,ICLR,Reject,reject_tier,2.0
ICLR_26_18,assertive,qwen2.5_32b,8.0,3,1.0,ACCEPT,ICLR,Reject,reject_tier,2.0
ICLR_26_18,assertive,qwen2.5_3b,8.0,3,1.0,ACCEPT,ICLR,Reject,reject_tier,2.0
ICLR_26_18,assertive,qwen2.5_7b,8.333333333333334,3,1.0,ACCEPT,ICLR,Reject,reject_tier,2.0
ICLR_26_18,hedged,gemma4_31b,4.0,3,0.0,REJECT,ICLR,Reject,reject_tier,2.0
ICLR_26_18,hedged,gemma4_e4b,7.0,3,1.0,ACCEPT,ICLR,Reject,reject_tier,2.0
ICLR_26_18,hedged,llama_3.1_8b,7.666666666666667,3,1.0,ACCEPT,ICLR,Reject,reject_tier,2.0
ICLR_26_18,hedged,llama_3.2_3b,8.0,3,1.0,ACCEPT,ICLR,Reject,reject_tier,2.0
ICLR_26_18,hedged,ministral3_14b,7.333333333333333,3,1.0,ACCEPT,ICLR,Reject,reject_tier,2.0
ICLR_26_18,hedged,ministral3_8b,7.333333333333333,3,0.3333333333333333,REJECT,ICLR,Reject,reject_tier,2.0
ICLR_26_18,hedged,qwen2.5_32b,7.0,3,1.0,ACCEPT,ICLR,Reject,reject_tier,2.0
ICLR_26_18,hedged,qwen2.5_3b,8.0,3,1.0,ACCEPT,ICLR,Reject,reject_tier,2.0
ICLR_26_18,hedged,qwen2.5_7b,8.0,3,1.0,ACCEPT,ICLR,Reject,reject_tier,2.0
ICLR_26_18,l2_grounded,gemma4_31b,5.0,3,0.0,REJECT,ICLR,Reject,reject_tier,2.0
ICLR_26_18,l2_grounded,gemma4_e4b,7.0,3,1.0,ACCEPT,ICLR,Reject,reject_tier,2.0
ICLR_26_18,l2_grounded,llama_3.1_8b,8.0,3,1.0,ACCEPT,ICLR,Reject,reject_tier,2.0
ICLR_26_18,l2_grounded,llama_3.2_3b,7.666666666666667,3,1.0,ACCEPT,ICLR,Reject,reject_tier,2.0
ICLR_26_18,l2_grounded,ministral3_14b,8.0,3,1.0,ACCEPT,ICLR,Reject,reject_tier,2.0
ICLR_26_18,l2_grounded,ministral3_8b,7.666666666666667,3,0.3333333333333333,REJECT,ICLR,Reject,reject_tier,2.0
ICLR_26_18,l2_grounded,qwen2.5_32b,8.0,3,1.0,ACCEPT,ICLR,Reject,reject_tier,2.0
ICLR_26_18,l2_grounded,qwen2.5_3b,8.0,3,1.0,ACCEPT,ICLR,Reject,reject_tier,2.0
ICLR_26_18,l2_grounded,qwen2.5_7b,8.333333333333334,3,1.0,ACCEPT,ICLR,Reject,reject_tier,2.0
ICLR_26_18,native_fluent,gemma4_31b,6.0,3,0.0,REJECT,ICLR,Reject,reject_tier,2.0
ICLR_26_18,native_fluent,gemma4_e4b,7.333333333333333,3,1.0,ACCEPT,ICLR,Reject,reject_tier,2.0
ICLR_26_18,native_fluent,llama_3.1_8b,8.0,3,1.0,ACCEPT,ICLR,Reject,reject_tier,2.0
ICLR_26_18,native_fluent,llama_3.2_3b,7.666666666666667,3,1.0,ACCEPT,ICLR,Reject,reject_tier,2.0
ICLR_26_18,native_fluent,ministral3_14b,8.0,3,1.0,ACCEPT,ICLR,Reject,reject_tier,2.0
ICLR_26_18,native_fluent,ministral3_8b,8.333333333333334,3,0.6666666666666666,ACCEPT,ICLR,Reject,reject_tier,2.0
ICLR_26_18,native_fluent,qwen2.5_32b,8.0,3,1.0,ACCEPT,ICLR,Reject,reject_tier,2.0
ICLR_26_18,native_fluent,qwen2.5_3b,8.0,3,1.0,ACCEPT,ICLR,Reject,reject_tier,2.0
ICLR_26_18,native_fluent,qwen2.5_7b,8.0,3,1.0,ACCEPT,ICLR,Reject,reject_tier,2.0
ICLR_26_18,original,gemma4_31b,6.0,3,0.0,REJECT,ICLR,Reject,reject_tier,2.0
ICLR_26_18,original,gemma4_e4b,7.0,3,1.0,ACCEPT,ICLR,Reject,reject_tier,2.0
ICLR_26_18,original,llama_3.1_8b,8.0,3,1.0,ACCEPT,ICLR,Reject,reject_tier,2.0
ICLR_26_18,original,llama_3.2_3b,7.666666666666667,3,1.0,ACCEPT,ICLR,Reject,reject_tier,2.0
ICLR_26_18,original,ministral3_14b,8.0,3,1.0,ACCEPT,ICLR,Reject,reject_tier,2.0
ICLR_26_18,original,ministral3_8b,8.666666666666666,3,1.0,ACCEPT,ICLR,Reject,reject_tier,2.0
ICLR_26_18,original,qwen2.5_32b,8.0,3,1.0,ACCEPT,ICLR,Reject,reject_tier,2.0
ICLR_26_18,original,qwen2.5_3b,8.0,3,1.0,ACCEPT,ICLR,Reject,reject_tier,2.0
ICLR_26_18,original,qwen2.5_7b,8.0,3,1.0,ACCEPT,ICLR,Reject,reject_tier,2.0
ICLR_26_18,overclaiming,gemma4_31b,3.0,3,0.0,REJECT,ICLR,Reject,reject_tier,2.0
ICLR_26_18,overclaiming,gemma4_e4b,7.0,3,1.0,ACCEPT,ICLR,Reject,reject_tier,2.0
ICLR_26_18,overclaiming,llama_3.1_8b,7.666666666666667,3,1.0,ACCEPT,ICLR,Reject,reject_tier,2.0
ICLR_26_18,overclaiming,llama_3.2_3b,8.333333333333334,3,1.0,ACCEPT,ICLR,Reject,reject_tier,2.0
ICLR_26_18,overclaiming,ministral3_14b,6.666666666666667,3,0.0,REJECT,ICLR,Reject,reject_tier,2.0
ICLR_26_18,overclaiming,ministral3_8b,8.0,3,0.6666666666666666,ACCEPT,ICLR,Reject,reject_tier,2.0
ICLR_26_18,overclaiming,qwen2.5_32b,8.0,3,1.0,ACCEPT,ICLR,Reject,reject_tier,2.0
ICLR_26_18,overclaiming,qwen2.5_3b,8.333333333333334,3,1.0,ACCEPT,ICLR,Reject,reject_tier,2.0
ICLR_26_18,overclaiming,qwen2.5_7b,9.0,3,1.0,ACCEPT,ICLR,Reject,reject_tier,2.0
ICLR_26_19,assertive,gemma4_31b,7.0,3,1.0,ACCEPT,ICLR,Reject,reject_tier,4.0
ICLR_26_19,assertive,gemma4_e4b,7.666666666666667,3,1.0,ACCEPT,ICLR,Reject,reject_tier,4.0
ICLR_26_19,assertive,llama_3.1_8b,8.0,3,1.0,ACCEPT,ICLR,Reject,reject_tier,4.0
ICLR_26_19,assertive,llama_3.2_3b,7.333333333333333,3,1.0,ACCEPT,ICLR,Reject,reject_tier,4.0
ICLR_26_19,assertive,ministral3_14b,8.666666666666666,3,1.0,ACCEPT,ICLR,Reject,reject_tier,4.0
ICLR_26_19,assertive,ministral3_8b,8.666666666666666,3,1.0,ACCEPT,ICLR,Reject,reject_tier,4.0
ICLR_26_19,assertive,qwen2.5_32b,8.0,3,1.0,ACCEPT,ICLR,Reject,reject_tier,4.0
ICLR_26_19,assertive,qwen2.5_3b,8.0,3,1.0,ACCEPT,ICLR,Reject,reject_tier,4.0
ICLR_26_19,assertive,qwen2.5_7b,9.0,3,1.0,ACCEPT,ICLR,Reject,reject_tier,4.0
ICLR_26_19,hedged,gemma4_31b,6.0,3,0.0,REJECT,ICLR,Reject,reject_tier,4.0
ICLR_26_19,hedged,gemma4_e4b,7.333333333333333,3,1.0,ACCEPT,ICLR,Reject,reject_tier,4.0
ICLR_26_19,hedged,llama_3.1_8b,8.0,3,1.0,ACCEPT,ICLR,Reject,reject_tier,4.0
ICLR_26_19,hedged,llama_3.2_3b,7.333333333333333,3,1.0,ACCEPT,ICLR,Reject,reject_tier,4.0
ICLR_26_19,hedged,ministral3_14b,8.333333333333334,3,1.0,ACCEPT,ICLR,Reject,reject_tier,4.0
ICLR_26_19,hedged,ministral3_8b,8.333333333333334,3,1.0,ACCEPT,ICLR,Reject,reject_tier,4.0
ICLR_26_19,hedged,qwen2.5_32b,8.0,3,1.0,ACCEPT,ICLR,Reject,reject_tier,4.0
ICLR_26_19,hedged,qwen2.5_3b,8.0,3,1.0,ACCEPT,ICLR,Reject,reject_tier,4.0
ICLR_26_19,hedged,qwen2.5_7b,8.333333333333334,3,1.0,ACCEPT,ICLR,Reject,reject_tier,4.0
ICLR_26_19,l2_grounded,gemma4_31b,7.0,3,1.0,ACCEPT,ICLR,Reject,reject_tier,4.0
ICLR_26_19,l2_grounded,gemma4_e4b,7.333333333333333,3,1.0,ACCEPT,ICLR,Reject,reject_tier,4.0
ICLR_26_19,l2_grounded,llama_3.1_8b,8.0,3,1.0,ACCEPT,ICLR,Reject,reject_tier,4.0
ICLR_26_19,l2_grounded,llama_3.2_3b,8.0,3,1.0,ACCEPT,ICLR,Reject,reject_tier,4.0
ICLR_26_19,l2_grounded,ministral3_14b,8.333333333333334,3,1.0,ACCEPT,ICLR,Reject,reject_tier,4.0
ICLR_26_19,l2_grounded,ministral3_8b,9.0,3,1.0,ACCEPT,ICLR,Reject,reject_tier,4.0
ICLR_26_19,l2_grounded,qwen2.5_32b,8.0,3,1.0,ACCEPT,ICLR,Reject,reject_tier,4.0
ICLR_26_19,l2_grounded,qwen2.5_3b,8.666666666666666,3,1.0,ACCEPT,ICLR,Reject,reject_tier,4.0
ICLR_26_19,l2_grounded,qwen2.5_7b,8.333333333333334,3,1.0,ACCEPT,ICLR,Reject,reject_tier,4.0
ICLR_26_19,native_fluent,gemma4_31b,7.0,3,1.0,ACCEPT,ICLR,Reject,reject_tier,4.0
ICLR_26_19,native_fluent,gemma4_e4b,8.0,3,1.0,ACCEPT,ICLR,Reject,reject_tier,4.0
ICLR_26_19,native_fluent,llama_3.1_8b,8.0,3,1.0,ACCEPT,ICLR,Reject,reject_tier,4.0
ICLR_26_19,native_fluent,llama_3.2_3b,8.0,3,1.0,ACCEPT,ICLR,Reject,reject_tier,4.0
ICLR_26_19,native_fluent,ministral3_14b,8.666666666666666,3,1.0,ACCEPT,ICLR,Reject,reject_tier,4.0
ICLR_26_19,native_fluent,ministral3_8b,8.333333333333334,3,1.0,ACCEPT,ICLR,Reject,reject_tier,4.0
ICLR_26_19,native_fluent,qwen2.5_32b,8.0,3,1.0,ACCEPT,ICLR,Reject,reject_tier,4.0
ICLR_26_19,native_fluent,qwen2.5_3b,8.333333333333334,3,1.0,ACCEPT,ICLR,Reject,reject_tier,4.0
ICLR_26_19,native_fluent,qwen2.5_7b,8.666666666666666,3,1.0,ACCEPT,ICLR,Reject,reject_tier,4.0
ICLR_26_19,original,gemma4_31b,7.0,3,1.0,ACCEPT,ICLR,Reject,reject_tier,4.0
ICLR_26_19,original,gemma4_e4b,8.0,3,1.0,ACCEPT,ICLR,Reject,reject_tier,4.0
ICLR_26_19,original,llama_3.1_8b,8.0,3,1.0,ACCEPT,ICLR,Reject,reject_tier,4.0
ICLR_26_19,original,llama_3.2_3b,8.0,3,1.0,ACCEPT,ICLR,Reject,reject_tier,4.0
ICLR_26_19,original,ministral3_14b,9.0,3,1.0,ACCEPT,ICLR,Reject,reject_tier,4.0
ICLR_26_19,original,ministral3_8b,8.666666666666666,3,1.0,ACCEPT,ICLR,Reject,reject_tier,4.0
ICLR_26_19,original,qwen2.5_32b,8.0,3,1.0,ACCEPT,ICLR,Reject,reject_tier,4.0
ICLR_26_19,original,qwen2.5_3b,9.0,3,1.0,ACCEPT,ICLR,Reject,reject_tier,4.0
ICLR_26_19,original,qwen2.5_7b,9.0,3,1.0,ACCEPT,ICLR,Reject,reject_tier,4.0
ICLR_26_19,overclaiming,gemma4_31b,6.0,3,0.0,REJECT,ICLR,Reject,reject_tier,4.0
ICLR_26_19,overclaiming,gemma4_e4b,8.0,3,1.0,ACCEPT,ICLR,Reject,reject_tier,4.0
ICLR_26_19,overclaiming,llama_3.1_8b,8.0,3,1.0,ACCEPT,ICLR,Reject,reject_tier,4.0
ICLR_26_19,overclaiming,llama_3.2_3b,7.666666666666667,3,1.0,ACCEPT,ICLR,Reject,reject_tier,4.0
ICLR_26_19,overclaiming,ministral3_14b,9.0,3,1.0,ACCEPT,ICLR,Reject,reject_tier,4.0
ICLR_26_19,overclaiming,ministral3_8b,9.0,3,1.0,ACCEPT,ICLR,Reject,reject_tier,4.0
ICLR_26_19,overclaiming,qwen2.5_32b,8.0,3,1.0,ACCEPT,ICLR,Reject,reject_tier,4.0
ICLR_26_19,overclaiming,qwen2.5_3b,9.0,3,1.0,ACCEPT,ICLR,Reject,reject_tier,4.0
ICLR_26_19,overclaiming,qwen2.5_7b,9.0,3,1.0,ACCEPT,ICLR,Reject,reject_tier,4.0
ICLR_26_2,assertive,gemma4_31b,6.0,3,0.0,REJECT,ICLR,Reject,reject_tier,3.5
ICLR_26_2,assertive,gemma4_e4b,7.0,3,1.0,ACCEPT,ICLR,Reject,reject_tier,3.5
ICLR_26_2,assertive,llama_3.1_8b,8.0,3,1.0,ACCEPT,ICLR,Reject,reject_tier,3.5
ICLR_26_2,assertive,llama_3.2_3b,7.0,3,1.0,ACCEPT,ICLR,Reject,reject_tier,3.5
ICLR_26_2,assertive,ministral3_14b,7.666666666666667,3,1.0,ACCEPT,ICLR,Reject,reject_tier,3.5
ICLR_26_2,assertive,ministral3_8b,8.0,3,0.6666666666666666,ACCEPT,ICLR,Reject,reject_tier,3.5
ICLR_26_2,assertive,qwen2.5_32b,7.0,3,1.0,ACCEPT,ICLR,Reject,reject_tier,3.5
ICLR_26_2,assertive,qwen2.5_3b,7.333333333333333,3,1.0,ACCEPT,ICLR,Reject,reject_tier,3.5
ICLR_26_2,assertive,qwen2.5_7b,7.0,3,1.0,ACCEPT,ICLR,Reject,reject_tier,3.5
ICLR_26_2,hedged,gemma4_31b,6.0,3,0.0,REJECT,ICLR,Reject,reject_tier,3.5
ICLR_26_2,hedged,gemma4_e4b,7.0,3,1.0,ACCEPT,ICLR,Reject,reject_tier,3.5
ICLR_26_2,hedged,llama_3.1_8b,8.0,3,1.0,ACCEPT,ICLR,Reject,reject_tier,3.5
ICLR_26_2,hedged,llama_3.2_3b,7.666666666666667,3,1.0,ACCEPT,ICLR,Reject,reject_tier,3.5
ICLR_26_2,hedged,ministral3_14b,8.0,3,1.0,ACCEPT,ICLR,Reject,reject_tier,3.5
ICLR_26_2,hedged,ministral3_8b,8.0,3,1.0,ACCEPT,ICLR,Reject,reject_tier,3.5
ICLR_26_2,hedged,qwen2.5_32b,7.0,3,1.0,ACCEPT,ICLR,Reject,reject_tier,3.5
ICLR_26_2,hedged,qwen2.5_3b,7.333333333333333,3,1.0,ACCEPT,ICLR,Reject,reject_tier,3.5
ICLR_26_2,hedged,qwen2.5_7b,7.0,3,1.0,ACCEPT,ICLR,Reject,reject_tier,3.5
ICLR_26_2,l2_grounded,gemma4_31b,6.0,3,0.0,REJECT,ICLR,Reject,reject_tier,3.5
ICLR_26_2,l2_grounded,gemma4_e4b,7.0,3,1.0,ACCEPT,ICLR,Reject,reject_tier,3.5
ICLR_26_2,l2_grounded,llama_3.1_8b,8.0,3,1.0,ACCEPT,ICLR,Reject,reject_tier,3.5
ICLR_26_2,l2_grounded,llama_3.2_3b,7.333333333333333,3,1.0,ACCEPT,ICLR,Reject,reject_tier,3.5
ICLR_26_2,l2_grounded,ministral3_14b,7.666666666666667,3,1.0,ACCEPT,ICLR,Reject,reject_tier,3.5
ICLR_26_2,l2_grounded,ministral3_8b,8.333333333333334,3,1.0,ACCEPT,ICLR,Reject,reject_tier,3.5
ICLR_26_2,l2_grounded,qwen2.5_32b,7.0,3,1.0,ACCEPT,ICLR,Reject,reject_tier,3.5
ICLR_26_2,l2_grounded,qwen2.5_3b,7.666666666666667,3,1.0,ACCEPT,ICLR,Reject,reject_tier,3.5
ICLR_26_2,l2_grounded,qwen2.5_7b,8.0,3,1.0,ACCEPT,ICLR,Reject,reject_tier,3.5
ICLR_26_2,native_fluent,gemma4_31b,6.0,3,0.0,REJECT,ICLR,Reject,reject_tier,3.5
ICLR_26_2,native_fluent,gemma4_e4b,7.0,3,1.0,ACCEPT,ICLR,Reject,reject_tier,3.5
ICLR_26_2,native_fluent,llama_3.1_8b,8.0,3,1.0,ACCEPT,ICLR,Reject,reject_tier,3.5
ICLR_26_2,native_fluent,llama_3.2_3b,7.666666666666667,3,1.0,ACCEPT,ICLR,Reject,reject_tier,3.5
ICLR_26_2,native_fluent,ministral3_14b,7.333333333333333,3,1.0,ACCEPT,ICLR,Reject,reject_tier,3.5
ICLR_26_2,native_fluent,ministral3_8b,8.333333333333334,3,1.0,ACCEPT,ICLR,Reject,reject_tier,3.5
ICLR_26_2,native_fluent,qwen2.5_32b,7.0,3,1.0,ACCEPT,ICLR,Reject,reject_tier,3.5
ICLR_26_2,native_fluent,qwen2.5_3b,7.666666666666667,3,1.0,ACCEPT,ICLR,Reject,reject_tier,3.5
ICLR_26_2,native_fluent,qwen2.5_7b,8.0,3,1.0,ACCEPT,ICLR,Reject,reject_tier,3.5
ICLR_26_2,original,gemma4_31b,5.666666666666667,3,0.0,REJECT,ICLR,Reject,reject_tier,3.5
ICLR_26_2,original,gemma4_e4b,7.0,3,1.0,ACCEPT,ICLR,Reject,reject_tier,3.5
ICLR_26_2,original,llama_3.1_8b,8.0,3,1.0,ACCEPT,ICLR,Reject,reject_tier,3.5
ICLR_26_2,original,llama_3.2_3b,7.666666666666667,3,1.0,ACCEPT,ICLR,Reject,reject_tier,3.5
ICLR_26_2,original,ministral3_14b,7.666666666666667,3,1.0,ACCEPT,ICLR,Reject,reject_tier,3.5
ICLR_26_2,original,ministral3_8b,8.333333333333334,3,1.0,ACCEPT,ICLR,Reject,reject_tier,3.5
ICLR_26_2,original,qwen2.5_32b,7.0,3,1.0,ACCEPT,ICLR,Reject,reject_tier,3.5
ICLR_26_2,original,qwen2.5_3b,8.0,3,1.0,ACCEPT,ICLR,Reject,reject_tier,3.5
ICLR_26_2,original,qwen2.5_7b,7.333333333333333,3,1.0,ACCEPT,ICLR,Reject,reject_tier,3.5
ICLR_26_2,overclaiming,gemma4_31b,3.0,3,0.0,REJECT,ICLR,Reject,reject_tier,3.5
ICLR_26_2,overclaiming,gemma4_e4b,7.0,3,1.0,ACCEPT,ICLR,Reject,reject_tier,3.5
ICLR_26_2,overclaiming,llama_3.1_8b,8.0,3,1.0,ACCEPT,ICLR,Reject,reject_tier,3.5
ICLR_26_2,overclaiming,llama_3.2_3b,8.0,3,1.0,ACCEPT,ICLR,Reject,reject_tier,3.5
ICLR_26_2,overclaiming,ministral3_14b,8.0,3,1.0,ACCEPT,ICLR,Reject,reject_tier,3.5
ICLR_26_2,overclaiming,ministral3_8b,8.333333333333334,3,0.6666666666666666,ACCEPT,ICLR,Reject,reject_tier,3.5
ICLR_26_2,overclaiming,qwen2.5_32b,8.0,3,1.0,ACCEPT,ICLR,Reject,reject_tier,3.5
ICLR_26_2,overclaiming,qwen2.5_3b,10.0,3,1.0,ACCEPT,ICLR,Reject,reject_tier,3.5
ICLR_26_2,overclaiming,qwen2.5_7b,8.666666666666666,3,1.0,ACCEPT,ICLR,Reject,reject_tier,3.5
ICLR_26_20,assertive,gemma4_31b,7.333333333333333,3,1.0,ACCEPT,ICLR,Reject,reject_tier,2.5
ICLR_26_20,assertive,gemma4_e4b,8.0,3,1.0,ACCEPT,ICLR,Reject,reject_tier,2.5
ICLR_26_20,assertive,llama_3.1_8b,8.666666666666666,3,1.0,ACCEPT,ICLR,Reject,reject_tier,2.5
ICLR_26_20,assertive,llama_3.2_3b,8.0,3,1.0,ACCEPT,ICLR,Reject,reject_tier,2.5
ICLR_26_20,assertive,ministral3_14b,8.333333333333334,3,1.0,ACCEPT,ICLR,Reject,reject_tier,2.5
ICLR_26_20,assertive,ministral3_8b,8.333333333333334,3,1.0,ACCEPT,ICLR,Reject,reject_tier,2.5
ICLR_26_20,assertive,qwen2.5_32b,8.0,3,1.0,ACCEPT,ICLR,Reject,reject_tier,2.5
ICLR_26_20,assertive,qwen2.5_3b,8.666666666666666,3,1.0,ACCEPT,ICLR,Reject,reject_tier,2.5
ICLR_26_20,assertive,qwen2.5_7b,8.333333333333334,3,1.0,ACCEPT,ICLR,Reject,reject_tier,2.5
ICLR_26_20,hedged,gemma4_31b,6.0,3,0.0,REJECT,ICLR,Reject,reject_tier,2.5
ICLR_26_20,hedged,gemma4_e4b,8.0,3,1.0,ACCEPT,ICLR,Reject,reject_tier,2.5
ICLR_26_20,hedged,llama_3.1_8b,8.0,3,1.0,ACCEPT,ICLR,Reject,reject_tier,2.5
ICLR_26_20,hedged,llama_3.2_3b,8.333333333333334,3,1.0,ACCEPT,ICLR,Reject,reject_tier,2.5
ICLR_26_20,hedged,ministral3_14b,9.0,3,1.0,ACCEPT,ICLR,Reject,reject_tier,2.5
ICLR_26_20,hedged,ministral3_8b,8.0,3,1.0,ACCEPT,ICLR,Reject,reject_tier,2.5
ICLR_26_20,hedged,qwen2.5_32b,8.0,3,1.0,ACCEPT,ICLR,Reject,reject_tier,2.5
ICLR_26_20,hedged,qwen2.5_3b,8.333333333333334,3,1.0,ACCEPT,ICLR,Reject,reject_tier,2.5
ICLR_26_20,hedged,qwen2.5_7b,8.0,3,1.0,ACCEPT,ICLR,Reject,reject_tier,2.5
ICLR_26_20,l2_grounded,gemma4_31b,7.0,3,1.0,ACCEPT,ICLR,Reject,reject_tier,2.5
ICLR_26_20,l2_grounded,gemma4_e4b,8.0,3,1.0,ACCEPT,ICLR,Reject,reject_tier,2.5
ICLR_26_20,l2_grounded,llama_3.1_8b,8.333333333333334,3,1.0,ACCEPT,ICLR,Reject,reject_tier,2.5
ICLR_26_20,l2_grounded,llama_3.2_3b,8.333333333333334,3,1.0,ACCEPT,ICLR,Reject,reject_tier,2.5
ICLR_26_20,l2_grounded,ministral3_14b,8.666666666666666,3,1.0,ACCEPT,ICLR,Reject,reject_tier,2.5
ICLR_26_20,l2_grounded,ministral3_8b,8.0,3,0.6666666666666666,ACCEPT,ICLR,Reject,reject_tier,2.5
ICLR_26_20,l2_grounded,qwen2.5_32b,8.0,3,1.0,ACCEPT,ICLR,Reject,reject_tier,2.5
ICLR_26_20,l2_grounded,qwen2.5_3b,8.666666666666666,3,1.0,ACCEPT,ICLR,Reject,reject_tier,2.5
ICLR_26_20,l2_grounded,qwen2.5_7b,8.0,3,1.0,ACCEPT,ICLR,Reject,reject_tier,2.5
ICLR_26_20,native_fluent,gemma4_31b,7.0,3,1.0,ACCEPT,ICLR,Reject,reject_tier,2.5
ICLR_26_20,native_fluent,gemma4_e4b,8.0,3,1.0,ACCEPT,ICLR,Reject,reject_tier,2.5
ICLR_26_20,native_fluent,llama_3.1_8b,8.0,3,1.0,ACCEPT,ICLR,Reject,reject_tier,2.5
ICLR_26_20,native_fluent,llama_3.2_3b,8.0,3,1.0,ACCEPT,ICLR,Reject,reject_tier,2.5
ICLR_26_20,native_fluent,ministral3_14b,9.0,3,1.0,ACCEPT,ICLR,Reject,reject_tier,2.5
ICLR_26_20,native_fluent,ministral3_8b,8.333333333333334,3,1.0,ACCEPT,ICLR,Reject,reject_tier,2.5
ICLR_26_20,native_fluent,qwen2.5_32b,8.0,3,1.0,ACCEPT,ICLR,Reject,reject_tier,2.5
ICLR_26_20,native_fluent,qwen2.5_3b,9.0,3,1.0,ACCEPT,ICLR,Reject,reject_tier,2.5
ICLR_26_20,native_fluent,qwen2.5_7b,8.0,3,1.0,ACCEPT,ICLR,Reject,reject_tier,2.5
ICLR_26_20,original,gemma4_31b,8.0,3,1.0,ACCEPT,ICLR,Reject,reject_tier,2.5
ICLR_26_20,original,gemma4_e4b,8.0,3,1.0,ACCEPT,ICLR,Reject,reject_tier,2.5
ICLR_26_20,original,llama_3.1_8b,8.333333333333334,3,1.0,ACCEPT,ICLR,Reject,reject_tier,2.5
ICLR_26_20,original,llama_3.2_3b,8.0,3,1.0,ACCEPT,ICLR,Reject,reject_tier,2.5
ICLR_26_20,original,ministral3_14b,8.666666666666666,3,1.0,ACCEPT,ICLR,Reject,reject_tier,2.5
ICLR_26_20,original,ministral3_8b,8.666666666666666,3,1.0,ACCEPT,ICLR,Reject,reject_tier,2.5
ICLR_26_20,original,qwen2.5_32b,8.0,3,1.0,ACCEPT,ICLR,Reject,reject_tier,2.5
ICLR_26_20,original,qwen2.5_3b,8.333333333333334,3,1.0,ACCEPT,ICLR,Reject,reject_tier,2.5
ICLR_26_20,original,qwen2.5_7b,8.0,3,1.0,ACCEPT,ICLR,Reject,reject_tier,2.5
ICLR_26_20,overclaiming,gemma4_31b,3.6666666666666665,3,0.0,REJECT,ICLR,Reject,reject_tier,2.5
ICLR_26_20,overclaiming,gemma4_e4b,9.0,3,1.0,ACCEPT,ICLR,Reject,reject_tier,2.5
ICLR_26_20,overclaiming,llama_3.1_8b,9.0,3,1.0,ACCEPT,ICLR,Reject,reject_tier,2.5
ICLR_26_20,overclaiming,llama_3.2_3b,8.666666666666666,3,1.0,ACCEPT,ICLR,Reject,reject_tier,2.5
ICLR_26_20,overclaiming,ministral3_14b,8.666666666666666,3,1.0,ACCEPT,ICLR,Reject,reject_tier,2.5
ICLR_26_20,overclaiming,ministral3_8b,9.0,3,1.0,ACCEPT,ICLR,Reject,reject_tier,2.5
ICLR_26_20,overclaiming,qwen2.5_32b,9.0,3,1.0,ACCEPT,ICLR,Reject,reject_tier,2.5
ICLR_26_20,overclaiming,qwen2.5_3b,9.333333333333334,3,1.0,ACCEPT,ICLR,Reject,reject_tier,2.5
ICLR_26_20,overclaiming,qwen2.5_7b,9.0,3,1.0,ACCEPT,ICLR,Reject,reject_tier,2.5
ICLR_26_21,assertive,gemma4_31b,6.0,3,0.0,REJECT,ICLR,Reject,reject_tier,3.5
ICLR_26_21,assertive,gemma4_e4b,8.0,3,1.0,ACCEPT,ICLR,Reject,reject_tier,3.5
ICLR_26_21,assertive,llama_3.1_8b,8.0,3,1.0,ACCEPT,ICLR,Reject,reject_tier,3.5
ICLR_26_21,assertive,llama_3.2_3b,8.333333333333334,3,1.0,ACCEPT,ICLR,Reject,reject_tier,3.5
ICLR_26_21,assertive,ministral3_14b,9.0,3,1.0,ACCEPT,ICLR,Reject,reject_tier,3.5
ICLR_26_21,assertive,ministral3_8b,9.0,3,1.0,ACCEPT,ICLR,Reject,reject_tier,3.5
ICLR_26_21,assertive,qwen2.5_32b,8.0,3,1.0,ACCEPT,ICLR,Reject,reject_tier,3.5
ICLR_26_21,assertive,qwen2.5_3b,8.0,3,1.0,ACCEPT,ICLR,Reject,reject_tier,3.5
ICLR_26_21,assertive,qwen2.5_7b,9.0,3,1.0,ACCEPT,ICLR,Reject,reject_tier,3.5
ICLR_26_21,hedged,gemma4_31b,4.0,3,0.0,REJECT,ICLR,Reject,reject_tier,3.5
ICLR_26_21,hedged,gemma4_e4b,7.0,3,1.0,ACCEPT,ICLR,Reject,reject_tier,3.5
ICLR_26_21,hedged,llama_3.1_8b,8.0,3,1.0,ACCEPT,ICLR,Reject,reject_tier,3.5
ICLR_26_21,hedged,llama_3.2_3b,8.0,3,1.0,ACCEPT,ICLR,Reject,reject_tier,3.5
ICLR_26_21,hedged,ministral3_14b,8.666666666666666,3,1.0,ACCEPT,ICLR,Reject,reject_tier,3.5
ICLR_26_21,hedged,ministral3_8b,8.0,3,0.6666666666666666,ACCEPT,ICLR,Reject,reject_tier,3.5
ICLR_26_21,hedged,qwen2.5_32b,7.0,3,1.0,ACCEPT,ICLR,Reject,reject_tier,3.5
ICLR_26_21,hedged,qwen2.5_3b,7.0,3,1.0,ACCEPT,ICLR,Reject,reject_tier,3.5
ICLR_26_21,hedged,qwen2.5_7b,8.0,3,1.0,ACCEPT,ICLR,Reject,reject_tier,3.5
ICLR_26_21,l2_grounded,gemma4_31b,6.0,3,0.0,REJECT,ICLR,Reject,reject_tier,3.5
ICLR_26_21,l2_grounded,gemma4_e4b,7.333333333333333,3,1.0,ACCEPT,ICLR,Reject,reject_tier,3.5
ICLR_26_21,l2_grounded,llama_3.1_8b,8.0,3,1.0,ACCEPT,ICLR,Reject,reject_tier,3.5
ICLR_26_21,l2_grounded,llama_3.2_3b,8.0,3,1.0,ACCEPT,ICLR,Reject,reject_tier,3.5
ICLR_26_21,l2_grounded,ministral3_14b,8.666666666666666,3,1.0,ACCEPT,ICLR,Reject,reject_tier,3.5
ICLR_26_21,l2_grounded,ministral3_8b,9.0,3,1.0,ACCEPT,ICLR,Reject,reject_tier,3.5
ICLR_26_21,l2_grounded,qwen2.5_32b,8.0,3,1.0,ACCEPT,ICLR,Reject,reject_tier,3.5
ICLR_26_21,l2_grounded,qwen2.5_3b,8.0,3,1.0,ACCEPT,ICLR,Reject,reject_tier,3.5
ICLR_26_21,l2_grounded,qwen2.5_7b,8.333333333333334,3,1.0,ACCEPT,ICLR,Reject,reject_tier,3.5
ICLR_26_21,native_fluent,gemma4_31b,6.0,3,0.0,REJECT,ICLR,Reject,reject_tier,3.5
ICLR_26_21,native_fluent,gemma4_e4b,7.666666666666667,3,1.0,ACCEPT,ICLR,Reject,reject_tier,3.5
ICLR_26_21,native_fluent,llama_3.1_8b,8.0,3,1.0,ACCEPT,ICLR,Reject,reject_tier,3.5
ICLR_26_21,native_fluent,llama_3.2_3b,8.0,3,1.0,ACCEPT,ICLR,Reject,reject_tier,3.5
ICLR_26_21,native_fluent,ministral3_14b,9.0,3,1.0,ACCEPT,ICLR,Reject,reject_tier,3.5
ICLR_26_21,native_fluent,ministral3_8b,9.0,3,1.0,ACCEPT,ICLR,Reject,reject_tier,3.5
ICLR_26_21,native_fluent,qwen2.5_32b,8.0,3,1.0,ACCEPT,ICLR,Reject,reject_tier,3.5
ICLR_26_21,native_fluent,qwen2.5_3b,8.0,3,1.0,ACCEPT,ICLR,Reject,reject_tier,3.5
ICLR_26_21,native_fluent,qwen2.5_7b,8.333333333333334,3,1.0,ACCEPT,ICLR,Reject,reject_tier,3.5
ICLR_26_21,original,gemma4_31b,6.0,3,0.0,REJECT,ICLR,Reject,reject_tier,3.5
ICLR_26_21,original,gemma4_e4b,7.0,3,1.0,ACCEPT,ICLR,Reject,reject_tier,3.5
ICLR_26_21,original,llama_3.1_8b,8.0,3,1.0,ACCEPT,ICLR,Reject,reject_tier,3.5
ICLR_26_21,original,llama_3.2_3b,7.666666666666667,3,1.0,ACCEPT,ICLR,Reject,reject_tier,3.5
ICLR_26_21,original,ministral3_14b,9.0,3,1.0,ACCEPT,ICLR,Reject,reject_tier,3.5
ICLR_26_21,original,ministral3_8b,9.0,3,1.0,ACCEPT,ICLR,Reject,reject_tier,3.5
ICLR_26_21,original,qwen2.5_32b,8.0,3,1.0,ACCEPT,ICLR,Reject,reject_tier,3.5
ICLR_26_21,original,qwen2.5_3b,8.0,3,1.0,ACCEPT,ICLR,Reject,reject_tier,3.5
ICLR_26_21,original,qwen2.5_7b,8.666666666666666,3,1.0,ACCEPT,ICLR,Reject,reject_tier,3.5
ICLR_26_21,overclaiming,gemma4_31b,3.0,3,0.0,REJECT,ICLR,Reject,reject_tier,3.5
ICLR_26_21,overclaiming,gemma4_e4b,6.666666666666667,3,1.0,ACCEPT,ICLR,Reject,reject_tier,3.5
ICLR_26_21,overclaiming,llama_3.1_8b,8.0,3,1.0,ACCEPT,ICLR,Reject,reject_tier,3.5
ICLR_26_21,overclaiming,llama_3.2_3b,8.666666666666666,3,1.0,ACCEPT,ICLR,Reject,reject_tier,3.5
ICLR_26_21,overclaiming,ministral3_14b,6.0,3,0.0,REJECT,ICLR,Reject,reject_tier,3.5
ICLR_26_21,overclaiming,ministral3_8b,9.666666666666666,3,1.0,ACCEPT,ICLR,Reject,reject_tier,3.5
ICLR_26_21,overclaiming,qwen2.5_32b,9.0,3,1.0,ACCEPT,ICLR,Reject,reject_tier,3.5
ICLR_26_21,overclaiming,qwen2.5_3b,9.0,3,1.0,ACCEPT,ICLR,Reject,reject_tier,3.5
ICLR_26_21,overclaiming,qwen2.5_7b,9.0,3,1.0,ACCEPT,ICLR,Reject,reject_tier,3.5
ICLR_26_22,assertive,gemma4_31b,6.0,3,0.0,REJECT,ICLR,Reject,reject_tier,2.0
ICLR_26_22,assertive,gemma4_e4b,8.0,3,1.0,ACCEPT,ICLR,Reject,reject_tier,2.0
ICLR_26_22,assertive,llama_3.1_8b,8.0,3,1.0,ACCEPT,ICLR,Reject,reject_tier,2.0
ICLR_26_22,assertive,llama_3.2_3b,8.0,3,1.0,ACCEPT,ICLR,Reject,reject_tier,2.0
ICLR_26_22,assertive,ministral3_14b,8.333333333333334,3,1.0,ACCEPT,ICLR,Reject,reject_tier,2.0
ICLR_26_22,assertive,ministral3_8b,8.0,3,0.0,REJECT,ICLR,Reject,reject_tier,2.0
ICLR_26_22,assertive,qwen2.5_32b,8.0,3,1.0,ACCEPT,ICLR,Reject,reject_tier,2.0
ICLR_26_22,assertive,qwen2.5_3b,8.0,3,1.0,ACCEPT,ICLR,Reject,reject_tier,2.0
ICLR_26_22,assertive,qwen2.5_7b,8.0,3,1.0,ACCEPT,ICLR,Reject,reject_tier,2.0
ICLR_26_22,hedged,gemma4_31b,3.0,3,0.0,REJECT,ICLR,Reject,reject_tier,2.0
ICLR_26_22,hedged,gemma4_e4b,7.333333333333333,3,1.0,ACCEPT,ICLR,Reject,reject_tier,2.0
ICLR_26_22,hedged,llama_3.1_8b,7.666666666666667,3,1.0,ACCEPT,ICLR,Reject,reject_tier,2.0
ICLR_26_22,hedged,llama_3.2_3b,8.0,3,1.0,ACCEPT,ICLR,Reject,reject_tier,2.0
ICLR_26_22,hedged,ministral3_14b,6.666666666666667,3,0.0,REJECT,ICLR,Reject,reject_tier,2.0
ICLR_26_22,hedged,ministral3_8b,5.0,3,0.0,REJECT,ICLR,Reject,reject_tier,2.0
ICLR_26_22,hedged,qwen2.5_32b,7.0,3,1.0,ACCEPT,ICLR,Reject,reject_tier,2.0
ICLR_26_22,hedged,qwen2.5_3b,7.0,3,1.0,ACCEPT,ICLR,Reject,reject_tier,2.0
ICLR_26_22,hedged,qwen2.5_7b,7.333333333333333,3,1.0,ACCEPT,ICLR,Reject,reject_tier,2.0
ICLR_26_22,l2_grounded,gemma4_31b,6.333333333333333,3,0.3333333333333333,REJECT,ICLR,Reject,reject_tier,2.0
ICLR_26_22,l2_grounded,gemma4_e4b,8.0,3,1.0,ACCEPT,ICLR,Reject,reject_tier,2.0
ICLR_26_22,l2_grounded,llama_3.1_8b,8.0,3,1.0,ACCEPT,ICLR,Reject,reject_tier,2.0
ICLR_26_22,l2_grounded,llama_3.2_3b,8.333333333333334,3,1.0,ACCEPT,ICLR,Reject,reject_tier,2.0
ICLR_26_22,l2_grounded,ministral3_14b,8.333333333333334,3,1.0,ACCEPT,ICLR,Reject,reject_tier,2.0
ICLR_26_22,l2_grounded,ministral3_8b,8.333333333333334,3,0.6666666666666666,ACCEPT,ICLR,Reject,reject_tier,2.0
ICLR_26_22,l2_grounded,qwen2.5_32b,8.0,3,1.0,ACCEPT,ICLR,Reject,reject_tier,2.0
ICLR_26_22,l2_grounded,qwen2.5_3b,8.0,3,1.0,ACCEPT,ICLR,Reject,reject_tier,2.0
ICLR_26_22,l2_grounded,qwen2.5_7b,8.0,3,1.0,ACCEPT,ICLR,Reject,reject_tier,2.0
ICLR_26_22,native_fluent,gemma4_31b,6.0,3,0.0,REJECT,ICLR,Reject,reject_tier,2.0
ICLR_26_22,native_fluent,gemma4_e4b,8.0,3,1.0,ACCEPT,ICLR,Reject,reject_tier,2.0
ICLR_26_22,native_fluent,llama_3.1_8b,8.0,3,1.0,ACCEPT,ICLR,Reject,reject_tier,2.0
ICLR_26_22,native_fluent,llama_3.2_3b,8.0,3,1.0,ACCEPT,ICLR,Reject,reject_tier,2.0
ICLR_26_22,native_fluent,ministral3_14b,8.333333333333334,3,1.0,ACCEPT,ICLR,Reject,reject_tier,2.0
ICLR_26_22,native_fluent,ministral3_8b,7.666666666666667,3,0.3333333333333333,REJECT,ICLR,Reject,reject_tier,2.0
ICLR_26_22,native_fluent,qwen2.5_32b,8.0,3,1.0,ACCEPT,ICLR,Reject,reject_tier,2.0
ICLR_26_22,native_fluent,qwen2.5_3b,8.0,3,1.0,ACCEPT,ICLR,Reject,reject_tier,2.0
ICLR_26_22,native_fluent,qwen2.5_7b,8.0,3,1.0,ACCEPT,ICLR,Reject,reject_tier,2.0
ICLR_26_22,original,gemma4_31b,3.0,3,0.0,REJECT,ICLR,Reject,reject_tier,2.0
ICLR_26_22,original,gemma4_e4b,8.0,3,1.0,ACCEPT,ICLR,Reject,reject_tier,2.0
ICLR_26_22,original,llama_3.1_8b,8.0,3,1.0,ACCEPT,ICLR,Reject,reject_tier,2.0
ICLR_26_22,original,llama_3.2_3b,8.0,3,1.0,ACCEPT,ICLR,Reject,reject_tier,2.0
ICLR_26_22,original,ministral3_14b,7.666666666666667,3,1.0,ACCEPT,ICLR,Reject,reject_tier,2.0
ICLR_26_22,original,ministral3_8b,7.666666666666667,3,0.3333333333333333,REJECT,ICLR,Reject,reject_tier,2.0
ICLR_26_22,original,qwen2.5_32b,7.0,3,1.0,ACCEPT,ICLR,Reject,reject_tier,2.0
ICLR_26_22,original,qwen2.5_3b,8.0,3,1.0,ACCEPT,ICLR,Reject,reject_tier,2.0
ICLR_26_22,original,qwen2.5_7b,8.0,3,1.0,ACCEPT,ICLR,Reject,reject_tier,2.0
ICLR_26_22,overclaiming,gemma4_31b,3.0,3,0.0,REJECT,ICLR,Reject,reject_tier,2.0
ICLR_26_22,overclaiming,gemma4_e4b,7.333333333333333,3,1.0,ACCEPT,ICLR,Reject,reject_tier,2.0
ICLR_26_22,overclaiming,llama_3.1_8b,8.0,3,1.0,ACCEPT,ICLR,Reject,reject_tier,2.0
ICLR_26_22,overclaiming,llama_3.2_3b,8.333333333333334,3,1.0,ACCEPT,ICLR,Reject,reject_tier,2.0
ICLR_26_22,overclaiming,ministral3_14b,7.0,3,0.6666666666666666,ACCEPT,ICLR,Reject,reject_tier,2.0
ICLR_26_22,overclaiming,ministral3_8b,7.666666666666667,3,0.3333333333333333,REJECT,ICLR,Reject,reject_tier,2.0
ICLR_26_22,overclaiming,qwen2.5_32b,8.0,3,1.0,ACCEPT,ICLR,Reject,reject_tier,2.0
ICLR_26_22,overclaiming,qwen2.5_3b,8.333333333333334,3,1.0,ACCEPT,ICLR,Reject,reject_tier,2.0
ICLR_26_22,overclaiming,qwen2.5_7b,7.333333333333333,3,0.6666666666666666,ACCEPT,ICLR,Reject,reject_tier,2.0
ICLR_26_23,assertive,gemma4_31b,7.0,3,1.0,ACCEPT,ICLR,Reject,reject_tier,5.0
ICLR_26_23,assertive,gemma4_e4b,8.0,3,1.0,ACCEPT,ICLR,Reject,reject_tier,5.0
ICLR_26_23,assertive,llama_3.1_8b,8.0,3,1.0,ACCEPT,ICLR,Reject,reject_tier,5.0
ICLR_26_23,assertive,llama_3.2_3b,7.666666666666667,3,1.0,ACCEPT,ICLR,Reject,reject_tier,5.0
ICLR_26_23,assertive,ministral3_14b,8.666666666666666,3,1.0,ACCEPT,ICLR,Reject,reject_tier,5.0
ICLR_26_23,assertive,ministral3_8b,8.333333333333334,3,1.0,ACCEPT,ICLR,Reject,reject_tier,5.0
ICLR_26_23,assertive,qwen2.5_32b,8.0,3,1.0,ACCEPT,ICLR,Reject,reject_tier,5.0
ICLR_26_23,assertive,qwen2.5_3b,8.333333333333334,3,1.0,ACCEPT,ICLR,Reject,reject_tier,5.0
ICLR_26_23,assertive,qwen2.5_7b,9.0,3,1.0,ACCEPT,ICLR,Reject,reject_tier,5.0
ICLR_26_23,hedged,gemma4_31b,6.0,3,0.0,REJECT,ICLR,Reject,reject_tier,5.0
ICLR_26_23,hedged,gemma4_e4b,8.0,3,1.0,ACCEPT,ICLR,Reject,reject_tier,5.0
ICLR_26_23,hedged,llama_3.1_8b,8.0,3,1.0,ACCEPT,ICLR,Reject,reject_tier,5.0
ICLR_26_23,hedged,llama_3.2_3b,7.666666666666667,3,1.0,ACCEPT,ICLR,Reject,reject_tier,5.0
ICLR_26_23,hedged,ministral3_14b,7.666666666666667,3,0.6666666666666666,ACCEPT,ICLR,Reject,reject_tier,5.0
ICLR_26_23,hedged,ministral3_8b,8.333333333333334,3,1.0,ACCEPT,ICLR,Reject,reject_tier,5.0
ICLR_26_23,hedged,qwen2.5_32b,8.0,3,1.0,ACCEPT,ICLR,Reject,reject_tier,5.0
ICLR_26_23,hedged,qwen2.5_3b,8.0,3,1.0,ACCEPT,ICLR,Reject,reject_tier,5.0
ICLR_26_23,hedged,qwen2.5_7b,8.0,3,1.0,ACCEPT,ICLR,Reject,reject_tier,5.0
ICLR_26_23,l2_grounded,gemma4_31b,6.666666666666667,3,0.6666666666666666,ACCEPT,ICLR,Reject,reject_tier,5.0
ICLR_26_23,l2_grounded,gemma4_e4b,8.0,3,1.0,ACCEPT,ICLR,Reject,reject_tier,5.0
ICLR_26_23,l2_grounded,llama_3.1_8b,8.0,3,1.0,ACCEPT,ICLR,Reject,reject_tier,5.0
ICLR_26_23,l2_grounded,llama_3.2_3b,8.0,3,1.0,ACCEPT,ICLR,Reject,reject_tier,5.0
ICLR_26_23,l2_grounded,ministral3_14b,8.0,3,1.0,ACCEPT,ICLR,Reject,reject_tier,5.0
ICLR_26_23,l2_grounded,ministral3_8b,8.333333333333334,3,1.0,ACCEPT,ICLR,Reject,reject_tier,5.0
ICLR_26_23,l2_grounded,qwen2.5_32b,8.0,3,1.0,ACCEPT,ICLR,Reject,reject_tier,5.0
ICLR_26_23,l2_grounded,qwen2.5_3b,8.666666666666666,3,1.0,ACCEPT,ICLR,Reject,reject_tier,5.0
ICLR_26_23,l2_grounded,qwen2.5_7b,9.0,3,1.0,ACCEPT,ICLR,Reject,reject_tier,5.0
ICLR_26_23,native_fluent,gemma4_31b,6.333333333333333,3,0.3333333333333333,REJECT,ICLR,Reject,reject_tier,5.0
ICLR_26_23,native_fluent,gemma4_e4b,8.0,3,1.0,ACCEPT,ICLR,Reject,reject_tier,5.0
ICLR_26_23,native_fluent,llama_3.1_8b,8.0,3,1.0,ACCEPT,ICLR,Reject,reject_tier,5.0
ICLR_26_23,native_fluent,llama_3.2_3b,8.0,3,1.0,ACCEPT,ICLR,Reject,reject_tier,5.0
ICLR_26_23,native_fluent,ministral3_14b,8.333333333333334,3,1.0,ACCEPT,ICLR,Reject,reject_tier,5.0
ICLR_26_23,native_fluent,ministral3_8b,8.333333333333334,3,1.0,ACCEPT,ICLR,Reject,reject_tier,5.0
ICLR_26_23,native_fluent,qwen2.5_32b,8.0,3,1.0,ACCEPT,ICLR,Reject,reject_tier,5.0
ICLR_26_23,native_fluent,qwen2.5_3b,8.666666666666666,3,1.0,ACCEPT,ICLR,Reject,reject_tier,5.0
ICLR_26_23,native_fluent,qwen2.5_7b,8.333333333333334,3,1.0,ACCEPT,ICLR,Reject,reject_tier,5.0
ICLR_26_23,original,gemma4_31b,7.0,3,1.0,ACCEPT,ICLR,Reject,reject_tier,5.0
ICLR_26_23,original,gemma4_e4b,8.0,3,1.0,ACCEPT,ICLR,Reject,reject_tier,5.0
ICLR_26_23,original,llama_3.1_8b,8.0,3,1.0,ACCEPT,ICLR,Reject,reject_tier,5.0
ICLR_26_23,original,llama_3.2_3b,8.0,3,1.0,ACCEPT,ICLR,Reject,reject_tier,5.0
ICLR_26_23,original,ministral3_14b,8.0,3,1.0,ACCEPT,ICLR,Reject,reject_tier,5.0
ICLR_26_23,original,ministral3_8b,7.666666666666667,3,0.6666666666666666,ACCEPT,ICLR,Reject,reject_tier,5.0
ICLR_26_23,original,qwen2.5_32b,8.0,3,1.0,ACCEPT,ICLR,Reject,reject_tier,5.0
ICLR_26_23,original,qwen2.5_3b,8.333333333333334,3,1.0,ACCEPT,ICLR,Reject,reject_tier,5.0
ICLR_26_23,original,qwen2.5_7b,9.0,3,1.0,ACCEPT,ICLR,Reject,reject_tier,5.0
ICLR_26_23,overclaiming,gemma4_31b,6.0,3,0.0,REJECT,ICLR,Reject,reject_tier,5.0
ICLR_26_23,overclaiming,gemma4_e4b,8.0,3,1.0,ACCEPT,ICLR,Reject,reject_tier,5.0
ICLR_26_23,overclaiming,llama_3.1_8b,8.0,3,1.0,ACCEPT,ICLR,Reject,reject_tier,5.0
ICLR_26_23,overclaiming,llama_3.2_3b,8.0,3,1.0,ACCEPT,ICLR,Reject,reject_tier,5.0
ICLR_26_23,overclaiming,ministral3_14b,8.333333333333334,3,1.0,ACCEPT,ICLR,Reject,reject_tier,5.0
ICLR_26_23,overclaiming,ministral3_8b,8.333333333333334,3,0.6666666666666666,ACCEPT,ICLR,Reject,reject_tier,5.0
ICLR_26_23,overclaiming,qwen2.5_32b,8.0,3,1.0,ACCEPT,ICLR,Reject,reject_tier,5.0
ICLR_26_23,overclaiming,qwen2.5_3b,9.333333333333334,3,1.0,ACCEPT,ICLR,Reject,reject_tier,5.0
ICLR_26_23,overclaiming,qwen2.5_7b,9.0,3,1.0,ACCEPT,ICLR,Reject,reject_tier,5.0
ICLR_26_24,assertive,gemma4_31b,6.0,3,0.0,REJECT,ICLR,Reject,reject_tier,3.3333333333333335
ICLR_26_24,assertive,gemma4_e4b,7.0,3,1.0,ACCEPT,ICLR,Reject,reject_tier,3.3333333333333335
ICLR_26_24,assertive,llama_3.1_8b,8.0,3,1.0,ACCEPT,ICLR,Reject,reject_tier,3.3333333333333335
ICLR_26_24,assertive,llama_3.2_3b,8.0,3,1.0,ACCEPT,ICLR,Reject,reject_tier,3.3333333333333335
ICLR_26_24,assertive,ministral3_14b,8.333333333333334,3,1.0,ACCEPT,ICLR,Reject,reject_tier,3.3333333333333335
ICLR_26_24,assertive,ministral3_8b,8.0,3,0.6666666666666666,ACCEPT,ICLR,Reject,reject_tier,3.3333333333333335
ICLR_26_24,assertive,qwen2.5_32b,7.333333333333333,3,1.0,ACCEPT,ICLR,Reject,reject_tier,3.3333333333333335
ICLR_26_24,assertive,qwen2.5_3b,7.0,3,1.0,ACCEPT,ICLR,Reject,reject_tier,3.3333333333333335
ICLR_26_24,assertive,qwen2.5_7b,8.0,3,1.0,ACCEPT,ICLR,Reject,reject_tier,3.3333333333333335
ICLR_26_24,hedged,gemma4_31b,6.0,3,0.0,REJECT,ICLR,Reject,reject_tier,3.3333333333333335
ICLR_26_24,hedged,gemma4_e4b,7.0,3,1.0,ACCEPT,ICLR,Reject,reject_tier,3.3333333333333335
ICLR_26_24,hedged,llama_3.1_8b,7.666666666666667,3,1.0,ACCEPT,ICLR,Reject,reject_tier,3.3333333333333335
ICLR_26_24,hedged,llama_3.2_3b,7.666666666666667,3,1.0,ACCEPT,ICLR,Reject,reject_tier,3.3333333333333335
ICLR_26_24,hedged,ministral3_14b,7.666666666666667,3,1.0,ACCEPT,ICLR,Reject,reject_tier,3.3333333333333335
ICLR_26_24,hedged,ministral3_8b,7.666666666666667,3,0.6666666666666666,ACCEPT,ICLR,Reject,reject_tier,3.3333333333333335
ICLR_26_24,hedged,qwen2.5_32b,7.0,3,1.0,ACCEPT,ICLR,Reject,reject_tier,3.3333333333333335
ICLR_26_24,hedged,qwen2.5_3b,7.0,3,1.0,ACCEPT,ICLR,Reject,reject_tier,3.3333333333333335
ICLR_26_24,hedged,qwen2.5_7b,8.0,3,1.0,ACCEPT,ICLR,Reject,reject_tier,3.3333333333333335
ICLR_26_24,l2_grounded,gemma4_31b,5.666666666666667,3,0.0,REJECT,ICLR,Reject,reject_tier,3.3333333333333335
ICLR_26_24,l2_grounded,gemma4_e4b,7.0,3,1.0,ACCEPT,ICLR,Reject,reject_tier,3.3333333333333335
ICLR_26_24,l2_grounded,llama_3.1_8b,8.0,3,1.0,ACCEPT,ICLR,Reject,reject_tier,3.3333333333333335
ICLR_26_24,l2_grounded,llama_3.2_3b,7.333333333333333,3,1.0,ACCEPT,ICLR,Reject,reject_tier,3.3333333333333335
ICLR_26_24,l2_grounded,ministral3_14b,7.666666666666667,3,1.0,ACCEPT,ICLR,Reject,reject_tier,3.3333333333333335
ICLR_26_24,l2_grounded,ministral3_8b,8.0,3,1.0,ACCEPT,ICLR,Reject,reject_tier,3.3333333333333335
ICLR_26_24,l2_grounded,qwen2.5_32b,7.0,3,1.0,ACCEPT,ICLR,Reject,reject_tier,3.3333333333333335
ICLR_26_24,l2_grounded,qwen2.5_3b,7.0,3,1.0,ACCEPT,ICLR,Reject,reject_tier,3.3333333333333335
ICLR_26_24,l2_grounded,qwen2.5_7b,8.0,3,1.0,ACCEPT,ICLR,Reject,reject_tier,3.3333333333333335
ICLR_26_24,native_fluent,gemma4_31b,5.666666666666667,3,0.0,REJECT,ICLR,Reject,reject_tier,3.3333333333333335
ICLR_26_24,native_fluent,gemma4_e4b,7.0,3,1.0,ACCEPT,ICLR,Reject,reject_tier,3.3333333333333335
ICLR_26_24,native_fluent,llama_3.1_8b,8.0,3,1.0,ACCEPT,ICLR,Reject,reject_tier,3.3333333333333335
ICLR_26_24,native_fluent,llama_3.2_3b,7.333333333333333,3,1.0,ACCEPT,ICLR,Reject,reject_tier,3.3333333333333335
ICLR_26_24,native_fluent,ministral3_14b,7.666666666666667,3,1.0,ACCEPT,ICLR,Reject,reject_tier,3.3333333333333335
ICLR_26_24,native_fluent,ministral3_8b,8.0,3,1.0,ACCEPT,ICLR,Reject,reject_tier,3.3333333333333335
ICLR_26_24,native_fluent,qwen2.5_32b,7.666666666666667,3,1.0,ACCEPT,ICLR,Reject,reject_tier,3.3333333333333335
ICLR_26_24,native_fluent,qwen2.5_3b,7.0,3,1.0,ACCEPT,ICLR,Reject,reject_tier,3.3333333333333335
ICLR_26_24,native_fluent,qwen2.5_7b,8.0,3,1.0,ACCEPT,ICLR,Reject,reject_tier,3.3333333333333335
ICLR_26_24,original,gemma4_31b,5.666666666666667,3,0.0,REJECT,ICLR,Reject,reject_tier,3.3333333333333335
ICLR_26_24,original,gemma4_e4b,7.0,3,1.0,ACCEPT,ICLR,Reject,reject_tier,3.3333333333333335
ICLR_26_24,original,llama_3.1_8b,8.0,3,1.0,ACCEPT,ICLR,Reject,reject_tier,3.3333333333333335
ICLR_26_24,original,llama_3.2_3b,7.666666666666667,3,1.0,ACCEPT,ICLR,Reject,reject_tier,3.3333333333333335
ICLR_26_24,original,ministral3_14b,8.0,3,1.0,ACCEPT,ICLR,Reject,reject_tier,3.3333333333333335
ICLR_26_24,original,ministral3_8b,8.0,3,0.6666666666666666,ACCEPT,ICLR,Reject,reject_tier,3.3333333333333335
ICLR_26_24,original,qwen2.5_32b,7.0,3,1.0,ACCEPT,ICLR,Reject,reject_tier,3.3333333333333335
ICLR_26_24,original,qwen2.5_3b,7.0,3,1.0,ACCEPT,ICLR,Reject,reject_tier,3.3333333333333335
ICLR_26_24,original,qwen2.5_7b,8.0,3,1.0,ACCEPT,ICLR,Reject,reject_tier,3.3333333333333335
ICLR_26_24,overclaiming,gemma4_31b,3.0,3,0.0,REJECT,ICLR,Reject,reject_tier,3.3333333333333335
ICLR_26_24,overclaiming,gemma4_e4b,7.0,3,1.0,ACCEPT,ICLR,Reject,reject_tier,3.3333333333333335
ICLR_26_24,overclaiming,llama_3.1_8b,8.0,3,1.0,ACCEPT,ICLR,Reject,reject_tier,3.3333333333333335
ICLR_26_24,overclaiming,llama_3.2_3b,7.0,3,1.0,ACCEPT,ICLR,Reject,reject_tier,3.3333333333333335
ICLR_26_24,overclaiming,ministral3_14b,7.0,3,0.6666666666666666,ACCEPT,ICLR,Reject,reject_tier,3.3333333333333335
ICLR_26_24,overclaiming,ministral3_8b,8.0,3,1.0,ACCEPT,ICLR,Reject,reject_tier,3.3333333333333335
ICLR_26_24,overclaiming,qwen2.5_32b,8.0,3,1.0,ACCEPT,ICLR,Reject,reject_tier,3.3333333333333335
ICLR_26_24,overclaiming,qwen2.5_3b,7.0,3,0.3333333333333333,REJECT,ICLR,Reject,reject_tier,3.3333333333333335
ICLR_26_24,overclaiming,qwen2.5_7b,8.0,3,1.0,ACCEPT,ICLR,Reject,reject_tier,3.3333333333333335
ICLR_26_25,assertive,gemma4_31b,4.0,3,0.0,REJECT,ICLR,Reject,reject_tier,4.5
ICLR_26_25,assertive,gemma4_e4b,7.0,3,1.0,ACCEPT,ICLR,Reject,reject_tier,4.5
ICLR_26_25,assertive,llama_3.1_8b,7.333333333333333,3,1.0,ACCEPT,ICLR,Reject,reject_tier,4.5
ICLR_26_25,assertive,llama_3.2_3b,8.0,3,1.0,ACCEPT,ICLR,Reject,reject_tier,4.5
ICLR_26_25,assertive,ministral3_14b,8.333333333333334,3,1.0,ACCEPT,ICLR,Reject,reject_tier,4.5
ICLR_26_25,assertive,ministral3_8b,8.0,3,0.6666666666666666,ACCEPT,ICLR,Reject,reject_tier,4.5
ICLR_26_25,assertive,qwen2.5_32b,8.0,3,1.0,ACCEPT,ICLR,Reject,reject_tier,4.5
ICLR_26_25,assertive,qwen2.5_3b,7.666666666666667,3,1.0,ACCEPT,ICLR,Reject,reject_tier,4.5
ICLR_26_25,assertive,qwen2.5_7b,8.333333333333334,3,1.0,ACCEPT,ICLR,Reject,reject_tier,4.5
ICLR_26_25,hedged,gemma4_31b,3.0,3,0.0,REJECT,ICLR,Reject,reject_tier,4.5
ICLR_26_25,hedged,gemma4_e4b,6.0,3,1.0,ACCEPT,ICLR,Reject,reject_tier,4.5
ICLR_26_25,hedged,llama_3.1_8b,7.0,3,1.0,ACCEPT,ICLR,Reject,reject_tier,4.5
ICLR_26_25,hedged,llama_3.2_3b,8.0,3,1.0,ACCEPT,ICLR,Reject,reject_tier,4.5
ICLR_26_25,hedged,ministral3_14b,8.0,3,1.0,ACCEPT,ICLR,Reject,reject_tier,4.5
ICLR_26_25,hedged,ministral3_8b,6.666666666666667,3,0.0,REJECT,ICLR,Reject,reject_tier,4.5
ICLR_26_25,hedged,qwen2.5_32b,7.0,3,1.0,ACCEPT,ICLR,Reject,reject_tier,4.5
ICLR_26_25,hedged,qwen2.5_3b,7.333333333333333,3,1.0,ACCEPT,ICLR,Reject,reject_tier,4.5
ICLR_26_25,hedged,qwen2.5_7b,8.0,3,1.0,ACCEPT,ICLR,Reject,reject_tier,4.5
ICLR_26_25,l2_grounded,gemma4_31b,4.0,3,0.0,REJECT,ICLR,Reject,reject_tier,4.5
ICLR_26_25,l2_grounded,gemma4_e4b,6.666666666666667,3,1.0,ACCEPT,ICLR,Reject,reject_tier,4.5
ICLR_26_25,l2_grounded,llama_3.1_8b,7.666666666666667,3,1.0,ACCEPT,ICLR,Reject,reject_tier,4.5
ICLR_26_25,l2_grounded,llama_3.2_3b,8.0,3,1.0,ACCEPT,ICLR,Reject,reject_tier,4.5
ICLR_26_25,l2_grounded,ministral3_14b,7.666666666666667,3,0.6666666666666666,ACCEPT,ICLR,Reject,reject_tier,4.5
ICLR_26_25,l2_grounded,ministral3_8b,8.333333333333334,3,0.6666666666666666,ACCEPT,ICLR,Reject,reject_tier,4.5
ICLR_26_25,l2_grounded,qwen2.5_32b,8.0,3,1.0,ACCEPT,ICLR,Reject,reject_tier,4.5
ICLR_26_25,l2_grounded,qwen2.5_3b,7.0,3,1.0,ACCEPT,ICLR,Reject,reject_tier,4.5
ICLR_26_25,l2_grounded,qwen2.5_7b,8.0,3,1.0,ACCEPT,ICLR,Reject,reject_tier,4.5
ICLR_26_25,native_fluent,gemma4_31b,4.0,3,0.0,REJECT,ICLR,Reject,reject_tier,4.5
ICLR_26_25,native_fluent,gemma4_e4b,7.0,3,1.0,ACCEPT,ICLR,Reject,reject_tier,4.5
ICLR_26_25,native_fluent,llama_3.1_8b,7.666666666666667,3,1.0,ACCEPT,ICLR,Reject,reject_tier,4.5
ICLR_26_25,native_fluent,llama_3.2_3b,8.0,3,1.0,ACCEPT,ICLR,Reject,reject_tier,4.5
ICLR_26_25,native_fluent,ministral3_14b,8.0,3,1.0,ACCEPT,ICLR,Reject,reject_tier,4.5
ICLR_26_25,native_fluent,ministral3_8b,8.333333333333334,3,1.0,ACCEPT,ICLR,Reject,reject_tier,4.5
ICLR_26_25,native_fluent,qwen2.5_32b,8.0,3,1.0,ACCEPT,ICLR,Reject,reject_tier,4.5
ICLR_26_25,native_fluent,qwen2.5_3b,8.0,3,1.0,ACCEPT,ICLR,Reject,reject_tier,4.5
ICLR_26_25,native_fluent,qwen2.5_7b,8.0,3,1.0,ACCEPT,ICLR,Reject,reject_tier,4.5
ICLR_26_25,original,gemma4_31b,4.0,3,0.0,REJECT,ICLR,Reject,reject_tier,4.5
ICLR_26_25,original,gemma4_e4b,7.0,3,1.0,ACCEPT,ICLR,Reject,reject_tier,4.5
ICLR_26_25,original,llama_3.1_8b,7.333333333333333,3,1.0,ACCEPT,ICLR,Reject,reject_tier,4.5
ICLR_26_25,original,llama_3.2_3b,7.333333333333333,3,1.0,ACCEPT,ICLR,Reject,reject_tier,4.5
ICLR_26_25,original,ministral3_14b,9.0,3,1.0,ACCEPT,ICLR,Reject,reject_tier,4.5
ICLR_26_25,original,ministral3_8b,8.0,3,0.6666666666666666,ACCEPT,ICLR,Reject,reject_tier,4.5
ICLR_26_25,original,qwen2.5_32b,8.0,3,1.0,ACCEPT,ICLR,Reject,reject_tier,4.5
ICLR_26_25,original,qwen2.5_3b,7.333333333333333,3,1.0,ACCEPT,ICLR,Reject,reject_tier,4.5
ICLR_26_25,original,qwen2.5_7b,8.0,3,1.0,ACCEPT,ICLR,Reject,reject_tier,4.5
ICLR_26_25,overclaiming,gemma4_31b,3.0,3,0.0,REJECT,ICLR,Reject,reject_tier,4.5
ICLR_26_25,overclaiming,gemma4_e4b,6.0,3,1.0,ACCEPT,ICLR,Reject,reject_tier,4.5
ICLR_26_25,overclaiming,llama_3.1_8b,7.333333333333333,3,1.0,ACCEPT,ICLR,Reject,reject_tier,4.5
ICLR_26_25,overclaiming,llama_3.2_3b,8.0,3,1.0,ACCEPT,ICLR,Reject,reject_tier,4.5
ICLR_26_25,overclaiming,ministral3_14b,7.333333333333333,3,0.3333333333333333,REJECT,ICLR,Reject,reject_tier,4.5
ICLR_26_25,overclaiming,ministral3_8b,8.0,3,0.3333333333333333,REJECT,ICLR,Reject,reject_tier,4.5
ICLR_26_25,overclaiming,qwen2.5_32b,8.0,3,1.0,ACCEPT,ICLR,Reject,reject_tier,4.5
ICLR_26_25,overclaiming,qwen2.5_3b,8.666666666666666,3,1.0,ACCEPT,ICLR,Reject,reject_tier,4.5
ICLR_26_25,overclaiming,qwen2.5_7b,8.0,3,1.0,ACCEPT,ICLR,Reject,reject_tier,4.5
ICLR_26_26,assertive,gemma4_31b,8.0,3,1.0,ACCEPT,ICLR,Reject,reject_tier,2.0
ICLR_26_26,assertive,gemma4_e4b,8.0,3,1.0,ACCEPT,ICLR,Reject,reject_tier,2.0
ICLR_26_26,assertive,llama_3.1_8b,9.0,3,1.0,ACCEPT,ICLR,Reject,reject_tier,2.0
ICLR_26_26,assertive,llama_3.2_3b,9.0,3,1.0,ACCEPT,ICLR,Reject,reject_tier,2.0
ICLR_26_26,assertive,ministral3_14b,9.0,3,1.0,ACCEPT,ICLR,Reject,reject_tier,2.0
ICLR_26_26,assertive,ministral3_8b,9.0,3,1.0,ACCEPT,ICLR,Reject,reject_tier,2.0
ICLR_26_26,assertive,qwen2.5_32b,9.0,3,1.0,ACCEPT,ICLR,Reject,reject_tier,2.0
ICLR_26_26,assertive,qwen2.5_3b,9.0,3,1.0,ACCEPT,ICLR,Reject,reject_tier,2.0
ICLR_26_26,assertive,qwen2.5_7b,9.0,3,1.0,ACCEPT,ICLR,Reject,reject_tier,2.0
ICLR_26_26,hedged,gemma4_31b,3.3333333333333335,3,0.0,REJECT,ICLR,Reject,reject_tier,2.0
ICLR_26_26,hedged,gemma4_e4b,6.0,3,1.0,ACCEPT,ICLR,Reject,reject_tier,2.0
ICLR_26_26,hedged,llama_3.1_8b,7.666666666666667,3,1.0,ACCEPT,ICLR,Reject,reject_tier,2.0
ICLR_26_26,hedged,llama_3.2_3b,7.666666666666667,3,1.0,ACCEPT,ICLR,Reject,reject_tier,2.0
ICLR_26_26,hedged,ministral3_14b,6.333333333333333,3,0.3333333333333333,REJECT,ICLR,Reject,reject_tier,2.0
ICLR_26_26,hedged,ministral3_8b,7.0,3,0.0,REJECT,ICLR,Reject,reject_tier,2.0
ICLR_26_26,hedged,qwen2.5_32b,6.666666666666667,3,1.0,ACCEPT,ICLR,Reject,reject_tier,2.0
ICLR_26_26,hedged,qwen2.5_3b,7.666666666666667,3,1.0,ACCEPT,ICLR,Reject,reject_tier,2.0
ICLR_26_26,hedged,qwen2.5_7b,8.0,3,1.0,ACCEPT,ICLR,Reject,reject_tier,2.0
ICLR_26_26,l2_grounded,gemma4_31b,7.666666666666667,3,1.0,ACCEPT,ICLR,Reject,reject_tier,2.0
ICLR_26_26,l2_grounded,gemma4_e4b,8.0,3,1.0,ACCEPT,ICLR,Reject,reject_tier,2.0
ICLR_26_26,l2_grounded,llama_3.1_8b,8.333333333333334,3,1.0,ACCEPT,ICLR,Reject,reject_tier,2.0
ICLR_26_26,l2_grounded,llama_3.2_3b,8.0,3,1.0,ACCEPT,ICLR,Reject,reject_tier,2.0
ICLR_26_26,l2_grounded,ministral3_14b,9.0,3,1.0,ACCEPT,ICLR,Reject,reject_tier,2.0
ICLR_26_26,l2_grounded,ministral3_8b,8.0,3,0.6666666666666666,ACCEPT,ICLR,Reject,reject_tier,2.0
ICLR_26_26,l2_grounded,qwen2.5_32b,8.666666666666666,3,1.0,ACCEPT,ICLR,Reject,reject_tier,2.0
ICLR_26_26,l2_grounded,qwen2.5_3b,8.666666666666666,3,1.0,ACCEPT,ICLR,Reject,reject_tier,2.0
ICLR_26_26,l2_grounded,qwen2.5_7b,9.0,3,1.0,ACCEPT,ICLR,Reject,reject_tier,2.0
ICLR_26_26,native_fluent,gemma4_31b,8.0,3,1.0,ACCEPT,ICLR,Reject,reject_tier,2.0
ICLR_26_26,native_fluent,gemma4_e4b,9.0,3,1.0,ACCEPT,ICLR,Reject,reject_tier,2.0
ICLR_26_26,native_fluent,llama_3.1_8b,8.666666666666666,3,1.0,ACCEPT,ICLR,Reject,reject_tier,2.0
ICLR_26_26,native_fluent,llama_3.2_3b,8.0,3,1.0,ACCEPT,ICLR,Reject,reject_tier,2.0
ICLR_26_26,native_fluent,ministral3_14b,9.0,3,1.0,ACCEPT,ICLR,Reject,reject_tier,2.0
ICLR_26_26,native_fluent,ministral3_8b,8.666666666666666,3,1.0,ACCEPT,ICLR,Reject,reject_tier,2.0
ICLR_26_26,native_fluent,qwen2.5_32b,9.0,3,1.0,ACCEPT,ICLR,Reject,reject_tier,2.0
ICLR_26_26,native_fluent,qwen2.5_3b,9.333333333333334,3,1.0,ACCEPT,ICLR,Reject,reject_tier,2.0
ICLR_26_26,native_fluent,qwen2.5_7b,9.0,3,1.0,ACCEPT,ICLR,Reject,reject_tier,2.0
ICLR_26_26,original,gemma4_31b,8.0,3,1.0,ACCEPT,ICLR,Reject,reject_tier,2.0
ICLR_26_26,original,gemma4_e4b,8.0,3,1.0,ACCEPT,ICLR,Reject,reject_tier,2.0
ICLR_26_26,original,llama_3.1_8b,8.333333333333334,3,1.0,ACCEPT,ICLR,Reject,reject_tier,2.0
ICLR_26_26,original,llama_3.2_3b,8.0,3,1.0,ACCEPT,ICLR,Reject,reject_tier,2.0
ICLR_26_26,original,ministral3_14b,9.0,3,1.0,ACCEPT,ICLR,Reject,reject_tier,2.0
ICLR_26_26,original,ministral3_8b,8.333333333333334,3,1.0,ACCEPT,ICLR,Reject,reject_tier,2.0
ICLR_26_26,original,qwen2.5_32b,8.0,3,1.0,ACCEPT,ICLR,Reject,reject_tier,2.0
ICLR_26_26,original,qwen2.5_3b,8.666666666666666,3,1.0,ACCEPT,ICLR,Reject,reject_tier,2.0
ICLR_26_26,original,qwen2.5_7b,8.0,3,1.0,ACCEPT,ICLR,Reject,reject_tier,2.0
ICLR_26_26,overclaiming,gemma4_31b,2.0,3,0.0,REJECT,ICLR,Reject,reject_tier,2.0
ICLR_26_26,overclaiming,gemma4_e4b,4.0,3,0.0,REJECT,ICLR,Reject,reject_tier,2.0
ICLR_26_26,overclaiming,llama_3.1_8b,8.666666666666666,3,1.0,ACCEPT,ICLR,Reject,reject_tier,2.0
ICLR_26_26,overclaiming,llama_3.2_3b,8.666666666666666,3,1.0,ACCEPT,ICLR,Reject,reject_tier,2.0
ICLR_26_26,overclaiming,ministral3_14b,2.5,2,0.0,REJECT,ICLR,Reject,reject_tier,2.0
ICLR_26_26,overclaiming,ministral3_8b,3.0,3,0.0,REJECT,ICLR,Reject,reject_tier,2.0
ICLR_26_26,overclaiming,qwen2.5_32b,4.666666666666667,3,0.3333333333333333,REJECT,ICLR,Reject,reject_tier,2.0
ICLR_26_26,overclaiming,qwen2.5_3b,10.0,3,1.0,ACCEPT,ICLR,Reject,reject_tier,2.0
ICLR_26_26,overclaiming,qwen2.5_7b,9.0,3,1.0,ACCEPT,ICLR,Reject,reject_tier,2.0
ICLR_26_27,assertive,gemma4_31b,5.333333333333333,3,0.0,REJECT,ICLR,Reject,reject_tier,2.0
ICLR_26_27,assertive,gemma4_e4b,7.666666666666667,3,1.0,ACCEPT,ICLR,Reject,reject_tier,2.0
ICLR_26_27,assertive,llama_3.1_8b,8.0,3,1.0,ACCEPT,ICLR,Reject,reject_tier,2.0
ICLR_26_27,assertive,llama_3.2_3b,8.0,3,1.0,ACCEPT,ICLR,Reject,reject_tier,2.0
ICLR_26_27,assertive,ministral3_14b,7.666666666666667,3,1.0,ACCEPT,ICLR,Reject,reject_tier,2.0
ICLR_26_27,assertive,ministral3_8b,7.0,3,0.3333333333333333,REJECT,ICLR,Reject,reject_tier,2.0
ICLR_26_27,assertive,qwen2.5_32b,8.0,3,1.0,ACCEPT,ICLR,Reject,reject_tier,2.0
ICLR_26_27,assertive,qwen2.5_3b,8.0,3,1.0,ACCEPT,ICLR,Reject,reject_tier,2.0
ICLR_26_27,assertive,qwen2.5_7b,8.0,3,1.0,ACCEPT,ICLR,Reject,reject_tier,2.0
ICLR_26_27,hedged,gemma4_31b,3.0,3,0.0,REJECT,ICLR,Reject,reject_tier,2.0
ICLR_26_27,hedged,gemma4_e4b,7.0,3,1.0,ACCEPT,ICLR,Reject,reject_tier,2.0
ICLR_26_27,hedged,llama_3.1_8b,8.0,3,1.0,ACCEPT,ICLR,Reject,reject_tier,2.0
ICLR_26_27,hedged,llama_3.2_3b,7.666666666666667,3,1.0,ACCEPT,ICLR,Reject,reject_tier,2.0
ICLR_26_27,hedged,ministral3_14b,7.0,3,0.6666666666666666,ACCEPT,ICLR,Reject,reject_tier,2.0
ICLR_26_27,hedged,ministral3_8b,7.0,3,0.0,REJECT,ICLR,Reject,reject_tier,2.0
ICLR_26_27,hedged,qwen2.5_32b,7.0,3,1.0,ACCEPT,ICLR,Reject,reject_tier,2.0
ICLR_26_27,hedged,qwen2.5_3b,7.666666666666667,3,1.0,ACCEPT,ICLR,Reject,reject_tier,2.0
ICLR_26_27,hedged,qwen2.5_7b,8.0,3,1.0,ACCEPT,ICLR,Reject,reject_tier,2.0
ICLR_26_27,l2_grounded,gemma4_31b,4.0,3,0.0,REJECT,ICLR,Reject,reject_tier,2.0
ICLR_26_27,l2_grounded,gemma4_e4b,7.0,3,1.0,ACCEPT,ICLR,Reject,reject_tier,2.0
ICLR_26_27,l2_grounded,llama_3.1_8b,8.0,3,1.0,ACCEPT,ICLR,Reject,reject_tier,2.0
ICLR_26_27,l2_grounded,llama_3.2_3b,8.0,3,1.0,ACCEPT,ICLR,Reject,reject_tier,2.0
ICLR_26_27,l2_grounded,ministral3_14b,7.666666666666667,3,0.6666666666666666,ACCEPT,ICLR,Reject,reject_tier,2.0
ICLR_26_27,l2_grounded,ministral3_8b,7.333333333333333,3,0.0,REJECT,ICLR,Reject,reject_tier,2.0
ICLR_26_27,l2_grounded,qwen2.5_32b,7.333333333333333,3,1.0,ACCEPT,ICLR,Reject,reject_tier,2.0
ICLR_26_27,l2_grounded,qwen2.5_3b,8.0,3,1.0,ACCEPT,ICLR,Reject,reject_tier,2.0
ICLR_26_27,l2_grounded,qwen2.5_7b,8.0,3,1.0,ACCEPT,ICLR,Reject,reject_tier,2.0
ICLR_26_27,native_fluent,gemma4_31b,6.0,3,0.0,REJECT,ICLR,Reject,reject_tier,2.0
ICLR_26_27,native_fluent,gemma4_e4b,8.0,3,1.0,ACCEPT,ICLR,Reject,reject_tier,2.0
ICLR_26_27,native_fluent,llama_3.1_8b,8.0,3,1.0,ACCEPT,ICLR,Reject,reject_tier,2.0
ICLR_26_27,native_fluent,llama_3.2_3b,7.333333333333333,3,1.0,ACCEPT,ICLR,Reject,reject_tier,2.0
ICLR_26_27,native_fluent,ministral3_14b,7.666666666666667,3,1.0,ACCEPT,ICLR,Reject,reject_tier,2.0
ICLR_26_27,native_fluent,ministral3_8b,7.666666666666667,3,0.6666666666666666,ACCEPT,ICLR,Reject,reject_tier,2.0
ICLR_26_27,native_fluent,qwen2.5_32b,8.0,3,1.0,ACCEPT,ICLR,Reject,reject_tier,2.0
ICLR_26_27,native_fluent,qwen2.5_3b,8.0,3,1.0,ACCEPT,ICLR,Reject,reject_tier,2.0
ICLR_26_27,native_fluent,qwen2.5_7b,8.0,3,1.0,ACCEPT,ICLR,Reject,reject_tier,2.0
ICLR_26_27,original,gemma4_31b,4.0,3,0.0,REJECT,ICLR,Reject,reject_tier,2.0
ICLR_26_27,original,gemma4_e4b,7.666666666666667,3,1.0,ACCEPT,ICLR,Reject,reject_tier,2.0
ICLR_26_27,original,llama_3.1_8b,8.0,3,1.0,ACCEPT,ICLR,Reject,reject_tier,2.0
ICLR_26_27,original,llama_3.2_3b,7.666666666666667,3,1.0,ACCEPT,ICLR,Reject,reject_tier,2.0
ICLR_26_27,original,ministral3_14b,7.333333333333333,3,1.0,ACCEPT,ICLR,Reject,reject_tier,2.0
ICLR_26_27,original,ministral3_8b,7.333333333333333,3,0.3333333333333333,REJECT,ICLR,Reject,reject_tier,2.0
ICLR_26_27,original,qwen2.5_32b,8.0,3,1.0,ACCEPT,ICLR,Reject,reject_tier,2.0
ICLR_26_27,original,qwen2.5_3b,8.0,3,1.0,ACCEPT,ICLR,Reject,reject_tier,2.0
ICLR_26_27,original,qwen2.5_7b,8.0,3,1.0,ACCEPT,ICLR,Reject,reject_tier,2.0
ICLR_26_27,overclaiming,gemma4_31b,3.0,3,0.0,REJECT,ICLR,Reject,reject_tier,2.0
ICLR_26_27,overclaiming,gemma4_e4b,7.0,3,1.0,ACCEPT,ICLR,Reject,reject_tier,2.0
ICLR_26_27,overclaiming,llama_3.1_8b,6.666666666666667,3,1.0,ACCEPT,ICLR,Reject,reject_tier,2.0
ICLR_26_27,overclaiming,llama_3.2_3b,7.666666666666667,3,1.0,ACCEPT,ICLR,Reject,reject_tier,2.0
ICLR_26_27,overclaiming,ministral3_14b,6.666666666666667,3,0.0,REJECT,ICLR,Reject,reject_tier,2.0
ICLR_26_27,overclaiming,ministral3_8b,6.666666666666667,3,0.0,REJECT,ICLR,Reject,reject_tier,2.0
ICLR_26_27,overclaiming,qwen2.5_32b,8.0,3,1.0,ACCEPT,ICLR,Reject,reject_tier,2.0
ICLR_26_27,overclaiming,qwen2.5_3b,8.0,3,1.0,ACCEPT,ICLR,Reject,reject_tier,2.0
ICLR_26_27,overclaiming,qwen2.5_7b,8.0,3,1.0,ACCEPT,ICLR,Reject,reject_tier,2.0
ICLR_26_28,assertive,gemma4_31b,4.0,3,0.0,REJECT,ICLR,Reject,reject_tier,3.0
ICLR_26_28,assertive,gemma4_e4b,7.0,3,1.0,ACCEPT,ICLR,Reject,reject_tier,3.0
ICLR_26_28,assertive,llama_3.1_8b,8.0,3,1.0,ACCEPT,ICLR,Reject,reject_tier,3.0
ICLR_26_28,assertive,llama_3.2_3b,7.0,3,1.0,ACCEPT,ICLR,Reject,reject_tier,3.0
ICLR_26_28,assertive,ministral3_14b,8.0,3,1.0,ACCEPT,ICLR,Reject,reject_tier,3.0
ICLR_26_28,assertive,ministral3_8b,8.333333333333334,3,1.0,ACCEPT,ICLR,Reject,reject_tier,3.0
ICLR_26_28,assertive,qwen2.5_32b,7.0,3,1.0,ACCEPT,ICLR,Reject,reject_tier,3.0
ICLR_26_28,assertive,qwen2.5_3b,8.0,3,1.0,ACCEPT,ICLR,Reject,reject_tier,3.0
ICLR_26_28,assertive,qwen2.5_7b,8.0,3,1.0,ACCEPT,ICLR,Reject,reject_tier,3.0
ICLR_26_28,hedged,gemma4_31b,3.0,3,0.0,REJECT,ICLR,Reject,reject_tier,3.0
ICLR_26_28,hedged,gemma4_e4b,7.0,3,1.0,ACCEPT,ICLR,Reject,reject_tier,3.0
ICLR_26_28,hedged,llama_3.1_8b,8.0,3,1.0,ACCEPT,ICLR,Reject,reject_tier,3.0
ICLR_26_28,hedged,llama_3.2_3b,6.333333333333333,3,1.0,ACCEPT,ICLR,Reject,reject_tier,3.0
ICLR_26_28,hedged,ministral3_14b,7.0,3,1.0,ACCEPT,ICLR,Reject,reject_tier,3.0
ICLR_26_28,hedged,ministral3_8b,7.666666666666667,3,0.3333333333333333,REJECT,ICLR,Reject,reject_tier,3.0
ICLR_26_28,hedged,qwen2.5_32b,7.0,3,1.0,ACCEPT,ICLR,Reject,reject_tier,3.0
ICLR_26_28,hedged,qwen2.5_3b,7.333333333333333,3,1.0,ACCEPT,ICLR,Reject,reject_tier,3.0
ICLR_26_28,hedged,qwen2.5_7b,8.0,3,1.0,ACCEPT,ICLR,Reject,reject_tier,3.0
ICLR_26_28,l2_grounded,gemma4_31b,3.3333333333333335,3,0.0,REJECT,ICLR,Reject,reject_tier,3.0
ICLR_26_28,l2_grounded,gemma4_e4b,7.0,3,1.0,ACCEPT,ICLR,Reject,reject_tier,3.0
ICLR_26_28,l2_grounded,llama_3.1_8b,8.0,3,1.0,ACCEPT,ICLR,Reject,reject_tier,3.0
ICLR_26_28,l2_grounded,llama_3.2_3b,7.0,3,1.0,ACCEPT,ICLR,Reject,reject_tier,3.0
ICLR_26_28,l2_grounded,ministral3_14b,6.666666666666667,3,1.0,ACCEPT,ICLR,Reject,reject_tier,3.0
ICLR_26_28,l2_grounded,ministral3_8b,8.333333333333334,3,0.6666666666666666,ACCEPT,ICLR,Reject,reject_tier,3.0
ICLR_26_28,l2_grounded,qwen2.5_32b,7.0,3,1.0,ACCEPT,ICLR,Reject,reject_tier,3.0
ICLR_26_28,l2_grounded,qwen2.5_3b,7.666666666666667,3,1.0,ACCEPT,ICLR,Reject,reject_tier,3.0
ICLR_26_28,l2_grounded,qwen2.5_7b,8.0,3,1.0,ACCEPT,ICLR,Reject,reject_tier,3.0
ICLR_26_28,native_fluent,gemma4_31b,3.0,3,0.0,REJECT,ICLR,Reject,reject_tier,3.0
ICLR_26_28,native_fluent,gemma4_e4b,7.0,3,1.0,ACCEPT,ICLR,Reject,reject_tier,3.0
ICLR_26_28,native_fluent,llama_3.1_8b,7.333333333333333,3,1.0,ACCEPT,ICLR,Reject,reject_tier,3.0
ICLR_26_28,native_fluent,llama_3.2_3b,7.666666666666667,3,1.0,ACCEPT,ICLR,Reject,reject_tier,3.0
ICLR_26_28,native_fluent,ministral3_14b,7.666666666666667,3,1.0,ACCEPT,ICLR,Reject,reject_tier,3.0
ICLR_26_28,native_fluent,ministral3_8b,7.666666666666667,3,0.6666666666666666,ACCEPT,ICLR,Reject,reject_tier,3.0
ICLR_26_28,native_fluent,qwen2.5_32b,7.0,3,1.0,ACCEPT,ICLR,Reject,reject_tier,3.0
ICLR_26_28,native_fluent,qwen2.5_3b,8.0,3,1.0,ACCEPT,ICLR,Reject,reject_tier,3.0
ICLR_26_28,native_fluent,qwen2.5_7b,8.0,3,1.0,ACCEPT,ICLR,Reject,reject_tier,3.0
ICLR_26_28,original,gemma4_31b,3.3333333333333335,3,0.0,REJECT,ICLR,Reject,reject_tier,3.0
ICLR_26_28,original,gemma4_e4b,7.0,3,1.0,ACCEPT,ICLR,Reject,reject_tier,3.0
ICLR_26_28,original,llama_3.1_8b,8.0,3,1.0,ACCEPT,ICLR,Reject,reject_tier,3.0
ICLR_26_28,original,llama_3.2_3b,6.333333333333333,3,1.0,ACCEPT,ICLR,Reject,reject_tier,3.0
ICLR_26_28,original,ministral3_14b,7.333333333333333,3,1.0,ACCEPT,ICLR,Reject,reject_tier,3.0
ICLR_26_28,original,ministral3_8b,8.0,3,1.0,ACCEPT,ICLR,Reject,reject_tier,3.0
ICLR_26_28,original,qwen2.5_32b,7.0,3,1.0,ACCEPT,ICLR,Reject,reject_tier,3.0
ICLR_26_28,original,qwen2.5_3b,8.0,3,1.0,ACCEPT,ICLR,Reject,reject_tier,3.0
ICLR_26_28,original,qwen2.5_7b,8.0,3,1.0,ACCEPT,ICLR,Reject,reject_tier,3.0
ICLR_26_28,overclaiming,gemma4_31b,3.0,3,0.0,REJECT,ICLR,Reject,reject_tier,3.0
ICLR_26_28,overclaiming,gemma4_e4b,7.0,3,1.0,ACCEPT,ICLR,Reject,reject_tier,3.0
ICLR_26_28,overclaiming,llama_3.1_8b,7.666666666666667,3,1.0,ACCEPT,ICLR,Reject,reject_tier,3.0
ICLR_26_28,overclaiming,llama_3.2_3b,7.333333333333333,3,1.0,ACCEPT,ICLR,Reject,reject_tier,3.0
ICLR_26_28,overclaiming,ministral3_14b,8.0,3,1.0,ACCEPT,ICLR,Reject,reject_tier,3.0
ICLR_26_28,overclaiming,ministral3_8b,7.666666666666667,3,0.6666666666666666,ACCEPT,ICLR,Reject,reject_tier,3.0
ICLR_26_28,overclaiming,qwen2.5_32b,7.0,3,1.0,ACCEPT,ICLR,Reject,reject_tier,3.0
ICLR_26_28,overclaiming,qwen2.5_3b,8.0,3,1.0,ACCEPT,ICLR,Reject,reject_tier,3.0
ICLR_26_28,overclaiming,qwen2.5_7b,8.0,3,1.0,ACCEPT,ICLR,Reject,reject_tier,3.0
ICLR_26_29,assertive,gemma4_31b,7.0,3,1.0,ACCEPT,ICLR,Reject,reject_tier,2.5
ICLR_26_29,assertive,gemma4_e4b,8.0,3,1.0,ACCEPT,ICLR,Reject,reject_tier,2.5
ICLR_26_29,assertive,llama_3.1_8b,8.0,3,1.0,ACCEPT,ICLR,Reject,reject_tier,2.5
ICLR_26_29,assertive,llama_3.2_3b,8.333333333333334,3,1.0,ACCEPT,ICLR,Reject,reject_tier,2.5
ICLR_26_29,assertive,ministral3_14b,9.0,3,1.0,ACCEPT,ICLR,Reject,reject_tier,2.5
ICLR_26_29,assertive,ministral3_8b,8.666666666666666,3,1.0,ACCEPT,ICLR,Reject,reject_tier,2.5
ICLR_26_29,assertive,qwen2.5_32b,8.0,3,1.0,ACCEPT,ICLR,Reject,reject_tier,2.5
ICLR_26_29,assertive,qwen2.5_3b,8.333333333333334,3,1.0,ACCEPT,ICLR,Reject,reject_tier,2.5
ICLR_26_29,assertive,qwen2.5_7b,9.0,3,1.0,ACCEPT,ICLR,Reject,reject_tier,2.5
ICLR_26_29,hedged,gemma4_31b,6.0,3,0.0,REJECT,ICLR,Reject,reject_tier,2.5
ICLR_26_29,hedged,gemma4_e4b,7.666666666666667,3,1.0,ACCEPT,ICLR,Reject,reject_tier,2.5
ICLR_26_29,hedged,llama_3.1_8b,8.0,3,1.0,ACCEPT,ICLR,Reject,reject_tier,2.5
ICLR_26_29,hedged,llama_3.2_3b,8.0,3,1.0,ACCEPT,ICLR,Reject,reject_tier,2.5
ICLR_26_29,hedged,ministral3_14b,9.0,3,1.0,ACCEPT,ICLR,Reject,reject_tier,2.5
ICLR_26_29,hedged,ministral3_8b,8.0,3,1.0,ACCEPT,ICLR,Reject,reject_tier,2.5
ICLR_26_29,hedged,qwen2.5_32b,8.0,3,1.0,ACCEPT,ICLR,Reject,reject_tier,2.5
ICLR_26_29,hedged,qwen2.5_3b,8.0,3,1.0,ACCEPT,ICLR,Reject,reject_tier,2.5
ICLR_26_29,hedged,qwen2.5_7b,8.0,3,1.0,ACCEPT,ICLR,Reject,reject_tier,2.5
ICLR_26_29,l2_grounded,gemma4_31b,6.333333333333333,3,0.3333333333333333,REJECT,ICLR,Reject,reject_tier,2.5
ICLR_26_29,l2_grounded,gemma4_e4b,7.666666666666667,3,1.0,ACCEPT,ICLR,Reject,reject_tier,2.5
ICLR_26_29,l2_grounded,llama_3.1_8b,8.0,3,1.0,ACCEPT,ICLR,Reject,reject_tier,2.5
ICLR_26_29,l2_grounded,llama_3.2_3b,8.0,3,1.0,ACCEPT,ICLR,Reject,reject_tier,2.5
ICLR_26_29,l2_grounded,ministral3_14b,8.666666666666666,3,1.0,ACCEPT,ICLR,Reject,reject_tier,2.5
ICLR_26_29,l2_grounded,ministral3_8b,8.333333333333334,3,0.6666666666666666,ACCEPT,ICLR,Reject,reject_tier,2.5
ICLR_26_29,l2_grounded,qwen2.5_32b,8.0,3,1.0,ACCEPT,ICLR,Reject,reject_tier,2.5
ICLR_26_29,l2_grounded,qwen2.5_3b,8.0,3,1.0,ACCEPT,ICLR,Reject,reject_tier,2.5
ICLR_26_29,l2_grounded,qwen2.5_7b,8.0,3,1.0,ACCEPT,ICLR,Reject,reject_tier,2.5
ICLR_26_29,native_fluent,gemma4_31b,7.0,3,1.0,ACCEPT,ICLR,Reject,reject_tier,2.5
ICLR_26_29,native_fluent,gemma4_e4b,8.0,3,1.0,ACCEPT,ICLR,Reject,reject_tier,2.5
ICLR_26_29,native_fluent,llama_3.1_8b,8.0,3,1.0,ACCEPT,ICLR,Reject,reject_tier,2.5
ICLR_26_29,native_fluent,llama_3.2_3b,8.0,3,1.0,ACCEPT,ICLR,Reject,reject_tier,2.5
ICLR_26_29,native_fluent,ministral3_14b,8.333333333333334,3,1.0,ACCEPT,ICLR,Reject,reject_tier,2.5
ICLR_26_29,native_fluent,ministral3_8b,9.0,3,1.0,ACCEPT,ICLR,Reject,reject_tier,2.5
ICLR_26_29,native_fluent,qwen2.5_32b,8.0,3,1.0,ACCEPT,ICLR,Reject,reject_tier,2.5
ICLR_26_29,native_fluent,qwen2.5_3b,8.333333333333334,3,1.0,ACCEPT,ICLR,Reject,reject_tier,2.5
ICLR_26_29,native_fluent,qwen2.5_7b,9.0,3,1.0,ACCEPT,ICLR,Reject,reject_tier,2.5
ICLR_26_29,original,gemma4_31b,7.0,3,1.0,ACCEPT,ICLR,Reject,reject_tier,2.5
ICLR_26_29,original,gemma4_e4b,8.0,3,1.0,ACCEPT,ICLR,Reject,reject_tier,2.5
ICLR_26_29,original,llama_3.1_8b,8.0,3,1.0,ACCEPT,ICLR,Reject,reject_tier,2.5
ICLR_26_29,original,llama_3.2_3b,8.333333333333334,3,1.0,ACCEPT,ICLR,Reject,reject_tier,2.5
ICLR_26_29,original,ministral3_14b,9.0,3,1.0,ACCEPT,ICLR,Reject,reject_tier,2.5
ICLR_26_29,original,ministral3_8b,8.0,3,1.0,ACCEPT,ICLR,Reject,reject_tier,2.5
ICLR_26_29,original,qwen2.5_32b,8.0,3,1.0,ACCEPT,ICLR,Reject,reject_tier,2.5
ICLR_26_29,original,qwen2.5_3b,9.0,3,1.0,ACCEPT,ICLR,Reject,reject_tier,2.5
ICLR_26_29,original,qwen2.5_7b,8.666666666666666,3,1.0,ACCEPT,ICLR,Reject,reject_tier,2.5
ICLR_26_29,overclaiming,gemma4_31b,4.0,3,0.0,REJECT,ICLR,Reject,reject_tier,2.5
ICLR_26_29,overclaiming,gemma4_e4b,8.0,3,1.0,ACCEPT,ICLR,Reject,reject_tier,2.5
ICLR_26_29,overclaiming,llama_3.1_8b,8.333333333333334,3,1.0,ACCEPT,ICLR,Reject,reject_tier,2.5
ICLR_26_29,overclaiming,llama_3.2_3b,8.0,3,1.0,ACCEPT,ICLR,Reject,reject_tier,2.5
ICLR_26_29,overclaiming,ministral3_14b,8.666666666666666,3,1.0,ACCEPT,ICLR,Reject,reject_tier,2.5
ICLR_26_29,overclaiming,ministral3_8b,8.666666666666666,3,1.0,ACCEPT,ICLR,Reject,reject_tier,2.5
ICLR_26_29,overclaiming,qwen2.5_32b,8.0,3,1.0,ACCEPT,ICLR,Reject,reject_tier,2.5
ICLR_26_29,overclaiming,qwen2.5_3b,9.0,3,1.0,ACCEPT,ICLR,Reject,reject_tier,2.5
ICLR_26_29,overclaiming,qwen2.5_7b,9.0,3,1.0,ACCEPT,ICLR,Reject,reject_tier,2.5
ICLR_26_3,assertive,gemma4_31b,6.0,3,0.3333333333333333,REJECT,ICLR,Reject,reject_tier,3.0
ICLR_26_3,assertive,gemma4_e4b,7.666666666666667,3,1.0,ACCEPT,ICLR,Reject,reject_tier,3.0
ICLR_26_3,assertive,llama_3.1_8b,8.0,3,1.0,ACCEPT,ICLR,Reject,reject_tier,3.0
ICLR_26_3,assertive,llama_3.2_3b,8.0,3,1.0,ACCEPT,ICLR,Reject,reject_tier,3.0
ICLR_26_3,assertive,ministral3_14b,8.0,3,1.0,ACCEPT,ICLR,Reject,reject_tier,3.0
ICLR_26_3,assertive,ministral3_8b,7.666666666666667,3,0.3333333333333333,REJECT,ICLR,Reject,reject_tier,3.0
ICLR_26_3,assertive,qwen2.5_32b,8.0,3,1.0,ACCEPT,ICLR,Reject,reject_tier,3.0
ICLR_26_3,assertive,qwen2.5_3b,8.666666666666666,3,1.0,ACCEPT,ICLR,Reject,reject_tier,3.0
ICLR_26_3,assertive,qwen2.5_7b,8.0,3,1.0,ACCEPT,ICLR,Reject,reject_tier,3.0
ICLR_26_3,hedged,gemma4_31b,4.0,3,0.0,REJECT,ICLR,Reject,reject_tier,3.0
ICLR_26_3,hedged,gemma4_e4b,7.0,3,1.0,ACCEPT,ICLR,Reject,reject_tier,3.0
ICLR_26_3,hedged,llama_3.1_8b,7.666666666666667,3,1.0,ACCEPT,ICLR,Reject,reject_tier,3.0
ICLR_26_3,hedged,llama_3.2_3b,8.0,3,1.0,ACCEPT,ICLR,Reject,reject_tier,3.0
ICLR_26_3,hedged,ministral3_14b,8.0,3,1.0,ACCEPT,ICLR,Reject,reject_tier,3.0
ICLR_26_3,hedged,ministral3_8b,7.666666666666667,3,0.6666666666666666,ACCEPT,ICLR,Reject,reject_tier,3.0
ICLR_26_3,hedged,qwen2.5_32b,7.0,3,1.0,ACCEPT,ICLR,Reject,reject_tier,3.0
ICLR_26_3,hedged,qwen2.5_3b,8.0,3,1.0,ACCEPT,ICLR,Reject,reject_tier,3.0
ICLR_26_3,hedged,qwen2.5_7b,8.0,3,1.0,ACCEPT,ICLR,Reject,reject_tier,3.0
ICLR_26_3,l2_grounded,gemma4_31b,6.0,3,0.0,REJECT,ICLR,Reject,reject_tier,3.0
ICLR_26_3,l2_grounded,gemma4_e4b,7.333333333333333,3,1.0,ACCEPT,ICLR,Reject,reject_tier,3.0
ICLR_26_3,l2_grounded,llama_3.1_8b,8.0,3,1.0,ACCEPT,ICLR,Reject,reject_tier,3.0
ICLR_26_3,l2_grounded,llama_3.2_3b,8.0,3,1.0,ACCEPT,ICLR,Reject,reject_tier,3.0
ICLR_26_3,l2_grounded,ministral3_14b,8.0,3,1.0,ACCEPT,ICLR,Reject,reject_tier,3.0
ICLR_26_3,l2_grounded,ministral3_8b,8.0,3,0.6666666666666666,ACCEPT,ICLR,Reject,reject_tier,3.0
ICLR_26_3,l2_grounded,qwen2.5_32b,8.0,3,1.0,ACCEPT,ICLR,Reject,reject_tier,3.0
ICLR_26_3,l2_grounded,qwen2.5_3b,8.333333333333334,3,1.0,ACCEPT,ICLR,Reject,reject_tier,3.0
ICLR_26_3,l2_grounded,qwen2.5_7b,8.0,3,1.0,ACCEPT,ICLR,Reject,reject_tier,3.0
ICLR_26_3,native_fluent,gemma4_31b,6.0,3,0.0,REJECT,ICLR,Reject,reject_tier,3.0
ICLR_26_3,native_fluent,gemma4_e4b,8.0,3,1.0,ACCEPT,ICLR,Reject,reject_tier,3.0
ICLR_26_3,native_fluent,llama_3.1_8b,8.0,3,1.0,ACCEPT,ICLR,Reject,reject_tier,3.0
ICLR_26_3,native_fluent,llama_3.2_3b,8.0,3,1.0,ACCEPT,ICLR,Reject,reject_tier,3.0
ICLR_26_3,native_fluent,ministral3_14b,8.0,3,1.0,ACCEPT,ICLR,Reject,reject_tier,3.0
ICLR_26_3,native_fluent,ministral3_8b,7.333333333333333,3,0.3333333333333333,REJECT,ICLR,Reject,reject_tier,3.0
ICLR_26_3,native_fluent,qwen2.5_32b,8.0,3,1.0,ACCEPT,ICLR,Reject,reject_tier,3.0
ICLR_26_3,native_fluent,qwen2.5_3b,8.0,3,1.0,ACCEPT,ICLR,Reject,reject_tier,3.0
ICLR_26_3,native_fluent,qwen2.5_7b,8.333333333333334,3,1.0,ACCEPT,ICLR,Reject,reject_tier,3.0
ICLR_26_3,original,gemma4_31b,6.0,3,0.0,REJECT,ICLR,Reject,reject_tier,3.0
ICLR_26_3,original,gemma4_e4b,7.333333333333333,3,1.0,ACCEPT,ICLR,Reject,reject_tier,3.0
ICLR_26_3,original,llama_3.1_8b,8.0,3,1.0,ACCEPT,ICLR,Reject,reject_tier,3.0
ICLR_26_3,original,llama_3.2_3b,8.0,3,1.0,ACCEPT,ICLR,Reject,reject_tier,3.0
ICLR_26_3,original,ministral3_14b,8.0,3,1.0,ACCEPT,ICLR,Reject,reject_tier,3.0
ICLR_26_3,original,ministral3_8b,8.333333333333334,3,1.0,ACCEPT,ICLR,Reject,reject_tier,3.0
ICLR_26_3,original,qwen2.5_32b,8.0,3,1.0,ACCEPT,ICLR,Reject,reject_tier,3.0
ICLR_26_3,original,qwen2.5_3b,8.0,3,1.0,ACCEPT,ICLR,Reject,reject_tier,3.0
ICLR_26_3,original,qwen2.5_7b,8.0,3,1.0,ACCEPT,ICLR,Reject,reject_tier,3.0
ICLR_26_3,overclaiming,gemma4_31b,3.0,3,0.0,REJECT,ICLR,Reject,reject_tier,3.0
ICLR_26_3,overclaiming,gemma4_e4b,8.0,3,1.0,ACCEPT,ICLR,Reject,reject_tier,3.0
ICLR_26_3,overclaiming,llama_3.1_8b,8.0,3,1.0,ACCEPT,ICLR,Reject,reject_tier,3.0
ICLR_26_3,overclaiming,llama_3.2_3b,8.0,3,1.0,ACCEPT,ICLR,Reject,reject_tier,3.0
ICLR_26_3,overclaiming,ministral3_14b,7.0,3,0.6666666666666666,ACCEPT,ICLR,Reject,reject_tier,3.0
ICLR_26_3,overclaiming,ministral3_8b,8.333333333333334,3,0.3333333333333333,REJECT,ICLR,Reject,reject_tier,3.0
ICLR_26_3,overclaiming,qwen2.5_32b,8.0,3,1.0,ACCEPT,ICLR,Reject,reject_tier,3.0
ICLR_26_3,overclaiming,qwen2.5_3b,8.0,3,1.0,ACCEPT,ICLR,Reject,reject_tier,3.0
ICLR_26_3,overclaiming,qwen2.5_7b,8.333333333333334,3,1.0,ACCEPT,ICLR,Reject,reject_tier,3.0
ICLR_26_30,assertive,gemma4_31b,5.0,3,0.0,REJECT,ICLR,Reject,reject_tier,1.3333333333333333
ICLR_26_30,assertive,gemma4_e4b,7.0,3,1.0,ACCEPT,ICLR,Reject,reject_tier,1.3333333333333333
ICLR_26_30,assertive,llama_3.1_8b,7.666666666666667,3,1.0,ACCEPT,ICLR,Reject,reject_tier,1.3333333333333333
ICLR_26_30,assertive,llama_3.2_3b,8.0,3,1.0,ACCEPT,ICLR,Reject,reject_tier,1.3333333333333333
ICLR_26_30,assertive,ministral3_14b,7.333333333333333,3,1.0,ACCEPT,ICLR,Reject,reject_tier,1.3333333333333333
ICLR_26_30,assertive,ministral3_8b,6.666666666666667,3,0.0,REJECT,ICLR,Reject,reject_tier,1.3333333333333333
ICLR_26_30,assertive,qwen2.5_32b,8.0,3,1.0,ACCEPT,ICLR,Reject,reject_tier,1.3333333333333333
ICLR_26_30,assertive,qwen2.5_3b,8.0,3,1.0,ACCEPT,ICLR,Reject,reject_tier,1.3333333333333333
ICLR_26_30,assertive,qwen2.5_7b,8.0,3,1.0,ACCEPT,ICLR,Reject,reject_tier,1.3333333333333333
ICLR_26_30,hedged,gemma4_31b,3.0,3,0.0,REJECT,ICLR,Reject,reject_tier,1.3333333333333333
ICLR_26_30,hedged,gemma4_e4b,6.0,3,1.0,ACCEPT,ICLR,Reject,reject_tier,1.3333333333333333
ICLR_26_30,hedged,llama_3.1_8b,6.333333333333333,3,1.0,ACCEPT,ICLR,Reject,reject_tier,1.3333333333333333
ICLR_26_30,hedged,llama_3.2_3b,7.333333333333333,3,1.0,ACCEPT,ICLR,Reject,reject_tier,1.3333333333333333
ICLR_26_30,hedged,ministral3_14b,4.666666666666667,3,0.0,REJECT,ICLR,Reject,reject_tier,1.3333333333333333
ICLR_26_30,hedged,ministral3_8b,3.0,3,0.0,REJECT,ICLR,Reject,reject_tier,1.3333333333333333
ICLR_26_30,hedged,qwen2.5_32b,4.333333333333333,3,0.0,REJECT,ICLR,Reject,reject_tier,1.3333333333333333
ICLR_26_30,hedged,qwen2.5_3b,7.0,3,1.0,ACCEPT,ICLR,Reject,reject_tier,1.3333333333333333
ICLR_26_30,hedged,qwen2.5_7b,7.333333333333333,3,1.0,ACCEPT,ICLR,Reject,reject_tier,1.3333333333333333
ICLR_26_30,l2_grounded,gemma4_31b,4.0,3,0.0,REJECT,ICLR,Reject,reject_tier,1.3333333333333333
ICLR_26_30,l2_grounded,gemma4_e4b,7.0,3,1.0,ACCEPT,ICLR,Reject,reject_tier,1.3333333333333333
ICLR_26_30,l2_grounded,llama_3.1_8b,7.333333333333333,3,1.0,ACCEPT,ICLR,Reject,reject_tier,1.3333333333333333
ICLR_26_30,l2_grounded,llama_3.2_3b,8.0,3,1.0,ACCEPT,ICLR,Reject,reject_tier,1.3333333333333333
ICLR_26_30,l2_grounded,ministral3_14b,7.0,3,1.0,ACCEPT,ICLR,Reject,reject_tier,1.3333333333333333
ICLR_26_30,l2_grounded,ministral3_8b,6.333333333333333,3,0.0,REJECT,ICLR,Reject,reject_tier,1.3333333333333333
ICLR_26_30,l2_grounded,qwen2.5_32b,7.0,3,1.0,ACCEPT,ICLR,Reject,reject_tier,1.3333333333333333
ICLR_26_30,l2_grounded,qwen2.5_3b,8.0,3,1.0,ACCEPT,ICLR,Reject,reject_tier,1.3333333333333333
ICLR_26_30,l2_grounded,qwen2.5_7b,8.0,3,1.0,ACCEPT,ICLR,Reject,reject_tier,1.3333333333333333
ICLR_26_30,native_fluent,gemma4_31b,5.0,3,0.0,REJECT,ICLR,Reject,reject_tier,1.3333333333333333
ICLR_26_30,native_fluent,gemma4_e4b,7.0,3,1.0,ACCEPT,ICLR,Reject,reject_tier,1.3333333333333333
ICLR_26_30,native_fluent,llama_3.1_8b,8.0,3,1.0,ACCEPT,ICLR,Reject,reject_tier,1.3333333333333333
ICLR_26_30,native_fluent,llama_3.2_3b,7.666666666666667,3,1.0,ACCEPT,ICLR,Reject,reject_tier,1.3333333333333333
ICLR_26_30,native_fluent,ministral3_14b,7.0,3,0.6666666666666666,ACCEPT,ICLR,Reject,reject_tier,1.3333333333333333
ICLR_26_30,native_fluent,ministral3_8b,8.0,3,0.3333333333333333,REJECT,ICLR,Reject,reject_tier,1.3333333333333333
ICLR_26_30,native_fluent,qwen2.5_32b,7.0,3,1.0,ACCEPT,ICLR,Reject,reject_tier,1.3333333333333333
ICLR_26_30,native_fluent,qwen2.5_3b,8.0,3,1.0,ACCEPT,ICLR,Reject,reject_tier,1.3333333333333333
ICLR_26_30,native_fluent,qwen2.5_7b,8.0,3,1.0,ACCEPT,ICLR,Reject,reject_tier,1.3333333333333333
ICLR_26_30,original,gemma4_31b,4.0,3,0.0,REJECT,ICLR,Reject,reject_tier,1.3333333333333333
ICLR_26_30,original,gemma4_e4b,7.0,3,1.0,ACCEPT,ICLR,Reject,reject_tier,1.3333333333333333
ICLR_26_30,original,llama_3.1_8b,7.666666666666667,3,1.0,ACCEPT,ICLR,Reject,reject_tier,1.3333333333333333
ICLR_26_30,original,llama_3.2_3b,8.0,3,1.0,ACCEPT,ICLR,Reject,reject_tier,1.3333333333333333
ICLR_26_30,original,ministral3_14b,7.0,3,1.0,ACCEPT,ICLR,Reject,reject_tier,1.3333333333333333
ICLR_26_30,original,ministral3_8b,6.666666666666667,3,0.0,REJECT,ICLR,Reject,reject_tier,1.3333333333333333
ICLR_26_30,original,qwen2.5_32b,7.0,3,1.0,ACCEPT,ICLR,Reject,reject_tier,1.3333333333333333
ICLR_26_30,original,qwen2.5_3b,7.333333333333333,3,1.0,ACCEPT,ICLR,Reject,reject_tier,1.3333333333333333
ICLR_26_30,original,qwen2.5_7b,8.0,3,1.0,ACCEPT,ICLR,Reject,reject_tier,1.3333333333333333
ICLR_26_30,overclaiming,gemma4_31b,3.0,3,0.0,REJECT,ICLR,Reject,reject_tier,1.3333333333333333
ICLR_26_30,overclaiming,gemma4_e4b,5.333333333333333,3,0.6666666666666666,ACCEPT,ICLR,Reject,reject_tier,1.3333333333333333
ICLR_26_30,overclaiming,llama_3.1_8b,5.333333333333333,3,1.0,ACCEPT,ICLR,Reject,reject_tier,1.3333333333333333
ICLR_26_30,overclaiming,llama_3.2_3b,7.0,3,0.6666666666666666,ACCEPT,ICLR,Reject,reject_tier,1.3333333333333333
ICLR_26_30,overclaiming,ministral3_14b,4.0,3,0.0,REJECT,ICLR,Reject,reject_tier,1.3333333333333333
ICLR_26_30,overclaiming,ministral3_8b,3.3333333333333335,3,0.0,REJECT,ICLR,Reject,reject_tier,1.3333333333333333
ICLR_26_30,overclaiming,qwen2.5_32b,6.0,3,0.0,REJECT,ICLR,Reject,reject_tier,1.3333333333333333
ICLR_26_30,overclaiming,qwen2.5_3b,8.0,3,1.0,ACCEPT,ICLR,Reject,reject_tier,1.3333333333333333
ICLR_26_30,overclaiming,qwen2.5_7b,8.0,3,1.0,ACCEPT,ICLR,Reject,reject_tier,1.3333333333333333
ICLR_26_31,assertive,gemma4_31b,6.0,3,1.0,ACCEPT,ICLR,Reject,reject_tier,3.2
ICLR_26_31,assertive,gemma4_e4b,7.666666666666667,3,1.0,ACCEPT,ICLR,Reject,reject_tier,3.2
ICLR_26_31,assertive,llama_3.1_8b,8.0,3,1.0,ACCEPT,ICLR,Reject,reject_tier,3.2
ICLR_26_31,assertive,llama_3.2_3b,7.666666666666667,3,1.0,ACCEPT,ICLR,Reject,reject_tier,3.2
ICLR_26_31,assertive,ministral3_14b,8.0,3,1.0,ACCEPT,ICLR,Reject,reject_tier,3.2
ICLR_26_31,assertive,ministral3_8b,7.666666666666667,3,0.3333333333333333,REJECT,ICLR,Reject,reject_tier,3.2
ICLR_26_31,assertive,qwen2.5_32b,8.0,3,1.0,ACCEPT,ICLR,Reject,reject_tier,3.2
ICLR_26_31,assertive,qwen2.5_3b,8.0,3,1.0,ACCEPT,ICLR,Reject,reject_tier,3.2
ICLR_26_31,assertive,qwen2.5_7b,8.0,3,1.0,ACCEPT,ICLR,Reject,reject_tier,3.2
ICLR_26_31,hedged,gemma4_31b,6.0,3,1.0,ACCEPT,ICLR,Reject,reject_tier,3.2
ICLR_26_31,hedged,gemma4_e4b,7.0,3,1.0,ACCEPT,ICLR,Reject,reject_tier,3.2
ICLR_26_31,hedged,llama_3.1_8b,7.666666666666667,3,1.0,ACCEPT,ICLR,Reject,reject_tier,3.2
ICLR_26_31,hedged,llama_3.2_3b,8.0,3,1.0,ACCEPT,ICLR,Reject,reject_tier,3.2
ICLR_26_31,hedged,ministral3_14b,7.666666666666667,3,1.0,ACCEPT,ICLR,Reject,reject_tier,3.2
ICLR_26_31,hedged,ministral3_8b,8.0,3,1.0,ACCEPT,ICLR,Reject,reject_tier,3.2
ICLR_26_31,hedged,qwen2.5_32b,7.0,3,1.0,ACCEPT,ICLR,Reject,reject_tier,3.2
ICLR_26_31,hedged,qwen2.5_3b,8.333333333333334,3,1.0,ACCEPT,ICLR,Reject,reject_tier,3.2
ICLR_26_31,hedged,qwen2.5_7b,8.0,3,1.0,ACCEPT,ICLR,Reject,reject_tier,3.2
ICLR_26_31,l2_grounded,gemma4_31b,6.0,3,1.0,ACCEPT,ICLR,Reject,reject_tier,3.2
ICLR_26_31,l2_grounded,gemma4_e4b,7.0,3,1.0,ACCEPT,ICLR,Reject,reject_tier,3.2
ICLR_26_31,l2_grounded,llama_3.1_8b,7.666666666666667,3,1.0,ACCEPT,ICLR,Reject,reject_tier,3.2
ICLR_26_31,l2_grounded,llama_3.2_3b,8.0,3,1.0,ACCEPT,ICLR,Reject,reject_tier,3.2
ICLR_26_31,l2_grounded,ministral3_14b,7.666666666666667,3,1.0,ACCEPT,ICLR,Reject,reject_tier,3.2
ICLR_26_31,l2_grounded,ministral3_8b,8.0,3,1.0,ACCEPT,ICLR,Reject,reject_tier,3.2
ICLR_26_31,l2_grounded,qwen2.5_32b,7.666666666666667,3,1.0,ACCEPT,ICLR,Reject,reject_tier,3.2
ICLR_26_31,l2_grounded,qwen2.5_3b,8.0,3,1.0,ACCEPT,ICLR,Reject,reject_tier,3.2
ICLR_26_31,l2_grounded,qwen2.5_7b,8.0,3,1.0,ACCEPT,ICLR,Reject,reject_tier,3.2
ICLR_26_31,native_fluent,gemma4_31b,6.333333333333333,3,1.0,ACCEPT,ICLR,Reject,reject_tier,3.2
ICLR_26_31,native_fluent,gemma4_e4b,7.0,3,1.0,ACCEPT,ICLR,Reject,reject_tier,3.2
ICLR_26_31,native_fluent,llama_3.1_8b,8.0,3,1.0,ACCEPT,ICLR,Reject,reject_tier,3.2
ICLR_26_31,native_fluent,llama_3.2_3b,7.333333333333333,3,1.0,ACCEPT,ICLR,Reject,reject_tier,3.2
ICLR_26_31,native_fluent,ministral3_14b,7.666666666666667,3,1.0,ACCEPT,ICLR,Reject,reject_tier,3.2
ICLR_26_31,native_fluent,ministral3_8b,8.0,3,0.6666666666666666,ACCEPT,ICLR,Reject,reject_tier,3.2
ICLR_26_31,native_fluent,qwen2.5_32b,7.666666666666667,3,1.0,ACCEPT,ICLR,Reject,reject_tier,3.2
ICLR_26_31,native_fluent,qwen2.5_3b,8.0,3,1.0,ACCEPT,ICLR,Reject,reject_tier,3.2
ICLR_26_31,native_fluent,qwen2.5_7b,8.666666666666666,3,1.0,ACCEPT,ICLR,Reject,reject_tier,3.2
ICLR_26_31,original,gemma4_31b,6.0,3,1.0,ACCEPT,ICLR,Reject,reject_tier,3.2
ICLR_26_31,original,gemma4_e4b,7.333333333333333,3,1.0,ACCEPT,ICLR,Reject,reject_tier,3.2
ICLR_26_31,original,llama_3.1_8b,8.0,3,1.0,ACCEPT,ICLR,Reject,reject_tier,3.2
ICLR_26_31,original,llama_3.2_3b,8.0,3,1.0,ACCEPT,ICLR,Reject,reject_tier,3.2
ICLR_26_31,original,ministral3_14b,8.0,3,1.0,ACCEPT,ICLR,Reject,reject_tier,3.2
ICLR_26_31,original,ministral3_8b,7.666666666666667,3,0.3333333333333333,REJECT,ICLR,Reject,reject_tier,3.2
ICLR_26_31,original,qwen2.5_32b,8.0,3,1.0,ACCEPT,ICLR,Reject,reject_tier,3.2
ICLR_26_31,original,qwen2.5_3b,8.0,3,1.0,ACCEPT,ICLR,Reject,reject_tier,3.2
ICLR_26_31,original,qwen2.5_7b,8.0,3,1.0,ACCEPT,ICLR,Reject,reject_tier,3.2
ICLR_26_31,overclaiming,gemma4_31b,4.0,3,0.0,REJECT,ICLR,Reject,reject_tier,3.2
ICLR_26_31,overclaiming,gemma4_e4b,8.0,3,1.0,ACCEPT,ICLR,Reject,reject_tier,3.2
ICLR_26_31,overclaiming,llama_3.1_8b,8.0,3,1.0,ACCEPT,ICLR,Reject,reject_tier,3.2
ICLR_26_31,overclaiming,llama_3.2_3b,8.0,3,1.0,ACCEPT,ICLR,Reject,reject_tier,3.2
ICLR_26_31,overclaiming,ministral3_14b,8.0,3,1.0,ACCEPT,ICLR,Reject,reject_tier,3.2
ICLR_26_31,overclaiming,ministral3_8b,9.0,3,1.0,ACCEPT,ICLR,Reject,reject_tier,3.2
ICLR_26_31,overclaiming,qwen2.5_32b,8.0,3,1.0,ACCEPT,ICLR,Reject,reject_tier,3.2
ICLR_26_31,overclaiming,qwen2.5_3b,9.333333333333334,3,1.0,ACCEPT,ICLR,Reject,reject_tier,3.2
ICLR_26_31,overclaiming,qwen2.5_7b,9.0,3,1.0,ACCEPT,ICLR,Reject,reject_tier,3.2
ICLR_26_32,assertive,gemma4_31b,5.0,3,0.0,REJECT,ICLR,Reject,reject_tier,2.5
ICLR_26_32,assertive,gemma4_e4b,7.0,3,1.0,ACCEPT,ICLR,Reject,reject_tier,2.5
ICLR_26_32,assertive,llama_3.1_8b,8.0,3,1.0,ACCEPT,ICLR,Reject,reject_tier,2.5
ICLR_26_32,assertive,llama_3.2_3b,8.0,3,1.0,ACCEPT,ICLR,Reject,reject_tier,2.5
ICLR_26_32,assertive,ministral3_14b,8.333333333333334,3,1.0,ACCEPT,ICLR,Reject,reject_tier,2.5
ICLR_26_32,assertive,ministral3_8b,7.666666666666667,3,0.6666666666666666,ACCEPT,ICLR,Reject,reject_tier,2.5
ICLR_26_32,assertive,qwen2.5_32b,7.666666666666667,3,1.0,ACCEPT,ICLR,Reject,reject_tier,2.5
ICLR_26_32,assertive,qwen2.5_3b,8.0,3,1.0,ACCEPT,ICLR,Reject,reject_tier,2.5
ICLR_26_32,assertive,qwen2.5_7b,8.0,3,1.0,ACCEPT,ICLR,Reject,reject_tier,2.5
ICLR_26_32,hedged,gemma4_31b,5.0,3,0.0,REJECT,ICLR,Reject,reject_tier,2.5
ICLR_26_32,hedged,gemma4_e4b,7.0,3,1.0,ACCEPT,ICLR,Reject,reject_tier,2.5
ICLR_26_32,hedged,llama_3.1_8b,7.0,3,1.0,ACCEPT,ICLR,Reject,reject_tier,2.5
ICLR_26_32,hedged,llama_3.2_3b,7.666666666666667,3,1.0,ACCEPT,ICLR,Reject,reject_tier,2.5
ICLR_26_32,hedged,ministral3_14b,7.333333333333333,3,1.0,ACCEPT,ICLR,Reject,reject_tier,2.5
ICLR_26_32,hedged,ministral3_8b,7.666666666666667,3,0.6666666666666666,ACCEPT,ICLR,Reject,reject_tier,2.5
ICLR_26_32,hedged,qwen2.5_32b,7.0,3,1.0,ACCEPT,ICLR,Reject,reject_tier,2.5
ICLR_26_32,hedged,qwen2.5_3b,8.0,3,1.0,ACCEPT,ICLR,Reject,reject_tier,2.5
ICLR_26_32,hedged,qwen2.5_7b,8.0,3,1.0,ACCEPT,ICLR,Reject,reject_tier,2.5
ICLR_26_32,l2_grounded,gemma4_31b,5.0,3,0.0,REJECT,ICLR,Reject,reject_tier,2.5
ICLR_26_32,l2_grounded,gemma4_e4b,7.0,3,1.0,ACCEPT,ICLR,Reject,reject_tier,2.5
ICLR_26_32,l2_grounded,llama_3.1_8b,8.0,3,1.0,ACCEPT,ICLR,Reject,reject_tier,2.5
ICLR_26_32,l2_grounded,llama_3.2_3b,7.666666666666667,3,1.0,ACCEPT,ICLR,Reject,reject_tier,2.5
ICLR_26_32,l2_grounded,ministral3_14b,7.666666666666667,3,1.0,ACCEPT,ICLR,Reject,reject_tier,2.5
ICLR_26_32,l2_grounded,ministral3_8b,7.666666666666667,3,0.6666666666666666,ACCEPT,ICLR,Reject,reject_tier,2.5
ICLR_26_32,l2_grounded,qwen2.5_32b,7.0,3,1.0,ACCEPT,ICLR,Reject,reject_tier,2.5
ICLR_26_32,l2_grounded,qwen2.5_3b,8.0,3,1.0,ACCEPT,ICLR,Reject,reject_tier,2.5
ICLR_26_32,l2_grounded,qwen2.5_7b,8.0,3,1.0,ACCEPT,ICLR,Reject,reject_tier,2.5
ICLR_26_32,native_fluent,gemma4_31b,6.0,3,0.0,REJECT,ICLR,Reject,reject_tier,2.5
ICLR_26_32,native_fluent,gemma4_e4b,7.0,3,1.0,ACCEPT,ICLR,Reject,reject_tier,2.5
ICLR_26_32,native_fluent,llama_3.1_8b,8.0,3,1.0,ACCEPT,ICLR,Reject,reject_tier,2.5
ICLR_26_32,native_fluent,llama_3.2_3b,7.333333333333333,3,1.0,ACCEPT,ICLR,Reject,reject_tier,2.5
ICLR_26_32,native_fluent,ministral3_14b,8.0,3,1.0,ACCEPT,ICLR,Reject,reject_tier,2.5
ICLR_26_32,native_fluent,ministral3_8b,8.0,3,1.0,ACCEPT,ICLR,Reject,reject_tier,2.5
ICLR_26_32,native_fluent,qwen2.5_32b,7.0,3,1.0,ACCEPT,ICLR,Reject,reject_tier,2.5
ICLR_26_32,native_fluent,qwen2.5_3b,8.0,3,1.0,ACCEPT,ICLR,Reject,reject_tier,2.5
ICLR_26_32,native_fluent,qwen2.5_7b,8.0,3,1.0,ACCEPT,ICLR,Reject,reject_tier,2.5
ICLR_26_32,original,gemma4_31b,4.666666666666667,3,0.0,REJECT,ICLR,Reject,reject_tier,2.5
ICLR_26_32,original,gemma4_e4b,7.0,3,1.0,ACCEPT,ICLR,Reject,reject_tier,2.5
ICLR_26_32,original,llama_3.1_8b,7.333333333333333,3,1.0,ACCEPT,ICLR,Reject,reject_tier,2.5
ICLR_26_32,original,llama_3.2_3b,7.666666666666667,3,1.0,ACCEPT,ICLR,Reject,reject_tier,2.5
ICLR_26_32,original,ministral3_14b,7.333333333333333,3,1.0,ACCEPT,ICLR,Reject,reject_tier,2.5
ICLR_26_32,original,ministral3_8b,7.666666666666667,3,0.6666666666666666,ACCEPT,ICLR,Reject,reject_tier,2.5
ICLR_26_32,original,qwen2.5_32b,7.0,3,1.0,ACCEPT,ICLR,Reject,reject_tier,2.5
ICLR_26_32,original,qwen2.5_3b,8.0,3,1.0,ACCEPT,ICLR,Reject,reject_tier,2.5
ICLR_26_32,original,qwen2.5_7b,8.0,3,1.0,ACCEPT,ICLR,Reject,reject_tier,2.5
ICLR_26_32,overclaiming,gemma4_31b,4.0,3,0.0,REJECT,ICLR,Reject,reject_tier,2.5
ICLR_26_32,overclaiming,gemma4_e4b,7.0,3,1.0,ACCEPT,ICLR,Reject,reject_tier,2.5
ICLR_26_32,overclaiming,llama_3.1_8b,8.0,3,1.0,ACCEPT,ICLR,Reject,reject_tier,2.5
ICLR_26_32,overclaiming,llama_3.2_3b,7.666666666666667,3,1.0,ACCEPT,ICLR,Reject,reject_tier,2.5
ICLR_26_32,overclaiming,ministral3_14b,7.666666666666667,3,1.0,ACCEPT,ICLR,Reject,reject_tier,2.5
ICLR_26_32,overclaiming,ministral3_8b,8.333333333333334,3,0.6666666666666666,ACCEPT,ICLR,Reject,reject_tier,2.5
ICLR_26_32,overclaiming,qwen2.5_32b,8.0,3,1.0,ACCEPT,ICLR,Reject,reject_tier,2.5
ICLR_26_32,overclaiming,qwen2.5_3b,8.333333333333334,3,1.0,ACCEPT,ICLR,Reject,reject_tier,2.5
ICLR_26_32,overclaiming,qwen2.5_7b,8.0,3,1.0,ACCEPT,ICLR,Reject,reject_tier,2.5
ICLR_26_33,assertive,gemma4_31b,6.666666666666667,3,0.6666666666666666,ACCEPT,ICLR,Reject,reject_tier,3.5
ICLR_26_33,assertive,gemma4_e4b,7.0,3,1.0,ACCEPT,ICLR,Reject,reject_tier,3.5
ICLR_26_33,assertive,llama_3.1_8b,8.0,3,1.0,ACCEPT,ICLR,Reject,reject_tier,3.5
ICLR_26_33,assertive,llama_3.2_3b,7.666666666666667,3,1.0,ACCEPT,ICLR,Reject,reject_tier,3.5
ICLR_26_33,assertive,ministral3_14b,8.333333333333334,3,1.0,ACCEPT,ICLR,Reject,reject_tier,3.5
ICLR_26_33,assertive,ministral3_8b,9.0,3,1.0,ACCEPT,ICLR,Reject,reject_tier,3.5
ICLR_26_33,assertive,qwen2.5_32b,8.0,3,1.0,ACCEPT,ICLR,Reject,reject_tier,3.5
ICLR_26_33,assertive,qwen2.5_3b,8.0,3,1.0,ACCEPT,ICLR,Reject,reject_tier,3.5
ICLR_26_33,assertive,qwen2.5_7b,8.0,3,1.0,ACCEPT,ICLR,Reject,reject_tier,3.5
ICLR_26_33,hedged,gemma4_31b,6.0,3,0.3333333333333333,REJECT,ICLR,Reject,reject_tier,3.5
ICLR_26_33,hedged,gemma4_e4b,7.0,3,1.0,ACCEPT,ICLR,Reject,reject_tier,3.5
ICLR_26_33,hedged,llama_3.1_8b,8.0,3,1.0,ACCEPT,ICLR,Reject,reject_tier,3.5
ICLR_26_33,hedged,llama_3.2_3b,7.666666666666667,3,1.0,ACCEPT,ICLR,Reject,reject_tier,3.5
ICLR_26_33,hedged,ministral3_14b,8.0,3,1.0,ACCEPT,ICLR,Reject,reject_tier,3.5
ICLR_26_33,hedged,ministral3_8b,8.333333333333334,3,1.0,ACCEPT,ICLR,Reject,reject_tier,3.5
ICLR_26_33,hedged,qwen2.5_32b,8.0,3,1.0,ACCEPT,ICLR,Reject,reject_tier,3.5
ICLR_26_33,hedged,qwen2.5_3b,7.333333333333333,3,1.0,ACCEPT,ICLR,Reject,reject_tier,3.5
ICLR_26_33,hedged,qwen2.5_7b,8.0,3,1.0,ACCEPT,ICLR,Reject,reject_tier,3.5
ICLR_26_33,l2_grounded,gemma4_31b,6.666666666666667,3,0.6666666666666666,ACCEPT,ICLR,Reject,reject_tier,3.5
ICLR_26_33,l2_grounded,gemma4_e4b,7.333333333333333,3,1.0,ACCEPT,ICLR,Reject,reject_tier,3.5
ICLR_26_33,l2_grounded,llama_3.1_8b,8.0,3,1.0,ACCEPT,ICLR,Reject,reject_tier,3.5
ICLR_26_33,l2_grounded,llama_3.2_3b,8.0,3,1.0,ACCEPT,ICLR,Reject,reject_tier,3.5
ICLR_26_33,l2_grounded,ministral3_14b,8.0,3,1.0,ACCEPT,ICLR,Reject,reject_tier,3.5
ICLR_26_33,l2_grounded,ministral3_8b,8.0,3,1.0,ACCEPT,ICLR,Reject,reject_tier,3.5
ICLR_26_33,l2_grounded,qwen2.5_32b,8.0,3,1.0,ACCEPT,ICLR,Reject,reject_tier,3.5
ICLR_26_33,l2_grounded,qwen2.5_3b,8.0,3,1.0,ACCEPT,ICLR,Reject,reject_tier,3.5
ICLR_26_33,l2_grounded,qwen2.5_7b,8.0,3,1.0,ACCEPT,ICLR,Reject,reject_tier,3.5
ICLR_26_33,native_fluent,gemma4_31b,7.0,3,1.0,ACCEPT,ICLR,Reject,reject_tier,3.5
ICLR_26_33,native_fluent,gemma4_e4b,7.0,3,1.0,ACCEPT,ICLR,Reject,reject_tier,3.5
ICLR_26_33,native_fluent,llama_3.1_8b,8.0,3,1.0,ACCEPT,ICLR,Reject,reject_tier,3.5
ICLR_26_33,native_fluent,llama_3.2_3b,8.0,3,1.0,ACCEPT,ICLR,Reject,reject_tier,3.5
ICLR_26_33,native_fluent,ministral3_14b,8.666666666666666,3,1.0,ACCEPT,ICLR,Reject,reject_tier,3.5
ICLR_26_33,native_fluent,ministral3_8b,9.0,3,1.0,ACCEPT,ICLR,Reject,reject_tier,3.5
ICLR_26_33,native_fluent,qwen2.5_32b,8.0,3,1.0,ACCEPT,ICLR,Reject,reject_tier,3.5
ICLR_26_33,native_fluent,qwen2.5_3b,8.0,3,1.0,ACCEPT,ICLR,Reject,reject_tier,3.5
ICLR_26_33,native_fluent,qwen2.5_7b,8.0,3,1.0,ACCEPT,ICLR,Reject,reject_tier,3.5
ICLR_26_33,original,gemma4_31b,7.0,3,1.0,ACCEPT,ICLR,Reject,reject_tier,3.5
ICLR_26_33,original,gemma4_e4b,7.333333333333333,3,1.0,ACCEPT,ICLR,Reject,reject_tier,3.5
ICLR_26_33,original,llama_3.1_8b,8.0,3,1.0,ACCEPT,ICLR,Reject,reject_tier,3.5
ICLR_26_33,original,llama_3.2_3b,8.0,3,1.0,ACCEPT,ICLR,Reject,reject_tier,3.5
ICLR_26_33,original,ministral3_14b,8.666666666666666,3,1.0,ACCEPT,ICLR,Reject,reject_tier,3.5
ICLR_26_33,original,ministral3_8b,8.333333333333334,3,0.6666666666666666,ACCEPT,ICLR,Reject,reject_tier,3.5
ICLR_26_33,original,qwen2.5_32b,8.0,3,1.0,ACCEPT,ICLR,Reject,reject_tier,3.5
ICLR_26_33,original,qwen2.5_3b,8.0,3,1.0,ACCEPT,ICLR,Reject,reject_tier,3.5
ICLR_26_33,original,qwen2.5_7b,8.0,3,1.0,ACCEPT,ICLR,Reject,reject_tier,3.5
ICLR_26_33,overclaiming,gemma4_31b,3.0,3,0.0,REJECT,ICLR,Reject,reject_tier,3.5
ICLR_26_33,overclaiming,gemma4_e4b,6.666666666666667,3,1.0,ACCEPT,ICLR,Reject,reject_tier,3.5
ICLR_26_33,overclaiming,llama_3.1_8b,8.0,3,1.0,ACCEPT,ICLR,Reject,reject_tier,3.5
ICLR_26_33,overclaiming,llama_3.2_3b,7.0,3,1.0,ACCEPT,ICLR,Reject,reject_tier,3.5
ICLR_26_33,overclaiming,ministral3_14b,8.333333333333334,3,1.0,ACCEPT,ICLR,Reject,reject_tier,3.5
ICLR_26_33,overclaiming,ministral3_8b,8.666666666666666,3,1.0,ACCEPT,ICLR,Reject,reject_tier,3.5
ICLR_26_33,overclaiming,qwen2.5_32b,8.0,3,1.0,ACCEPT,ICLR,Reject,reject_tier,3.5
ICLR_26_33,overclaiming,qwen2.5_3b,8.0,3,1.0,ACCEPT,ICLR,Reject,reject_tier,3.5
ICLR_26_33,overclaiming,qwen2.5_7b,9.0,3,1.0,ACCEPT,ICLR,Reject,reject_tier,3.5
ICLR_26_34,assertive,gemma4_31b,6.0,3,0.0,REJECT,ICLR,Reject,reject_tier,4.8
ICLR_26_34,assertive,gemma4_e4b,8.0,3,1.0,ACCEPT,ICLR,Reject,reject_tier,4.8
ICLR_26_34,assertive,llama_3.1_8b,8.0,3,1.0,ACCEPT,ICLR,Reject,reject_tier,4.8
ICLR_26_34,assertive,llama_3.2_3b,8.0,3,1.0,ACCEPT,ICLR,Reject,reject_tier,4.8
ICLR_26_34,assertive,ministral3_14b,9.0,3,1.0,ACCEPT,ICLR,Reject,reject_tier,4.8
ICLR_26_34,assertive,ministral3_8b,8.666666666666666,3,1.0,ACCEPT,ICLR,Reject,reject_tier,4.8
ICLR_26_34,assertive,qwen2.5_32b,8.0,3,1.0,ACCEPT,ICLR,Reject,reject_tier,4.8
ICLR_26_34,assertive,qwen2.5_3b,8.666666666666666,3,1.0,ACCEPT,ICLR,Reject,reject_tier,4.8
ICLR_26_34,assertive,qwen2.5_7b,9.0,3,1.0,ACCEPT,ICLR,Reject,reject_tier,4.8
ICLR_26_34,hedged,gemma4_31b,6.0,3,0.0,REJECT,ICLR,Reject,reject_tier,4.8
ICLR_26_34,hedged,gemma4_e4b,7.0,3,1.0,ACCEPT,ICLR,Reject,reject_tier,4.8
ICLR_26_34,hedged,llama_3.1_8b,8.0,3,1.0,ACCEPT,ICLR,Reject,reject_tier,4.8
ICLR_26_34,hedged,llama_3.2_3b,7.0,3,1.0,ACCEPT,ICLR,Reject,reject_tier,4.8
ICLR_26_34,hedged,ministral3_14b,8.0,3,1.0,ACCEPT,ICLR,Reject,reject_tier,4.8
ICLR_26_34,hedged,ministral3_8b,8.333333333333334,3,1.0,ACCEPT,ICLR,Reject,reject_tier,4.8
ICLR_26_34,hedged,qwen2.5_32b,7.333333333333333,3,1.0,ACCEPT,ICLR,Reject,reject_tier,4.8
ICLR_26_34,hedged,qwen2.5_3b,7.0,3,1.0,ACCEPT,ICLR,Reject,reject_tier,4.8
ICLR_26_34,hedged,qwen2.5_7b,8.666666666666666,3,1.0,ACCEPT,ICLR,Reject,reject_tier,4.8
ICLR_26_34,l2_grounded,gemma4_31b,6.666666666666667,3,0.6666666666666666,ACCEPT,ICLR,Reject,reject_tier,4.8
ICLR_26_34,l2_grounded,gemma4_e4b,7.666666666666667,3,1.0,ACCEPT,ICLR,Reject,reject_tier,4.8
ICLR_26_34,l2_grounded,llama_3.1_8b,8.0,3,1.0,ACCEPT,ICLR,Reject,reject_tier,4.8
ICLR_26_34,l2_grounded,llama_3.2_3b,7.666666666666667,3,1.0,ACCEPT,ICLR,Reject,reject_tier,4.8
ICLR_26_34,l2_grounded,ministral3_14b,9.0,3,1.0,ACCEPT,ICLR,Reject,reject_tier,4.8
ICLR_26_34,l2_grounded,ministral3_8b,8.666666666666666,3,0.6666666666666666,ACCEPT,ICLR,Reject,reject_tier,4.8
ICLR_26_34,l2_grounded,qwen2.5_32b,8.0,3,1.0,ACCEPT,ICLR,Reject,reject_tier,4.8
ICLR_26_34,l2_grounded,qwen2.5_3b,9.0,3,1.0,ACCEPT,ICLR,Reject,reject_tier,4.8
ICLR_26_34,l2_grounded,qwen2.5_7b,9.0,3,1.0,ACCEPT,ICLR,Reject,reject_tier,4.8
ICLR_26_34,native_fluent,gemma4_31b,6.666666666666667,3,0.6666666666666666,ACCEPT,ICLR,Reject,reject_tier,4.8
ICLR_26_34,native_fluent,gemma4_e4b,8.0,3,1.0,ACCEPT,ICLR,Reject,reject_tier,4.8
ICLR_26_34,native_fluent,llama_3.1_8b,8.0,3,1.0,ACCEPT,ICLR,Reject,reject_tier,4.8
ICLR_26_34,native_fluent,llama_3.2_3b,8.0,3,1.0,ACCEPT,ICLR,Reject,reject_tier,4.8
ICLR_26_34,native_fluent,ministral3_14b,9.0,3,1.0,ACCEPT,ICLR,Reject,reject_tier,4.8
ICLR_26_34,native_fluent,ministral3_8b,9.0,3,1.0,ACCEPT,ICLR,Reject,reject_tier,4.8
ICLR_26_34,native_fluent,qwen2.5_32b,8.0,3,1.0,ACCEPT,ICLR,Reject,reject_tier,4.8
ICLR_26_34,native_fluent,qwen2.5_3b,9.0,3,1.0,ACCEPT,ICLR,Reject,reject_tier,4.8
ICLR_26_34,native_fluent,qwen2.5_7b,9.0,3,1.0,ACCEPT,ICLR,Reject,reject_tier,4.8
ICLR_26_34,original,gemma4_31b,6.0,3,0.0,REJECT,ICLR,Reject,reject_tier,4.8
ICLR_26_34,original,gemma4_e4b,7.333333333333333,3,1.0,ACCEPT,ICLR,Reject,reject_tier,4.8
ICLR_26_34,original,llama_3.1_8b,8.0,3,1.0,ACCEPT,ICLR,Reject,reject_tier,4.8
ICLR_26_34,original,llama_3.2_3b,7.666666666666667,3,1.0,ACCEPT,ICLR,Reject,reject_tier,4.8
ICLR_26_34,original,ministral3_14b,8.666666666666666,3,1.0,ACCEPT,ICLR,Reject,reject_tier,4.8
ICLR_26_34,original,ministral3_8b,9.0,3,1.0,ACCEPT,ICLR,Reject,reject_tier,4.8
ICLR_26_34,original,qwen2.5_32b,8.0,3,1.0,ACCEPT,ICLR,Reject,reject_tier,4.8
ICLR_26_34,original,qwen2.5_3b,8.666666666666666,3,1.0,ACCEPT,ICLR,Reject,reject_tier,4.8
ICLR_26_34,original,qwen2.5_7b,9.0,3,1.0,ACCEPT,ICLR,Reject,reject_tier,4.8
ICLR_26_34,overclaiming,gemma4_31b,3.3333333333333335,3,0.0,REJECT,ICLR,Reject,reject_tier,4.8
ICLR_26_34,overclaiming,gemma4_e4b,7.666666666666667,3,1.0,ACCEPT,ICLR,Reject,reject_tier,4.8
ICLR_26_34,overclaiming,llama_3.1_8b,8.0,3,1.0,ACCEPT,ICLR,Reject,reject_tier,4.8
ICLR_26_34,overclaiming,llama_3.2_3b,8.0,3,1.0,ACCEPT,ICLR,Reject,reject_tier,4.8
ICLR_26_34,overclaiming,ministral3_14b,9.0,3,1.0,ACCEPT,ICLR,Reject,reject_tier,4.8
ICLR_26_34,overclaiming,ministral3_8b,8.0,3,0.3333333333333333,REJECT,ICLR,Reject,reject_tier,4.8
ICLR_26_34,overclaiming,qwen2.5_32b,8.0,3,1.0,ACCEPT,ICLR,Reject,reject_tier,4.8
ICLR_26_34,overclaiming,qwen2.5_3b,7.666666666666667,3,1.0,ACCEPT,ICLR,Reject,reject_tier,4.8
ICLR_26_34,overclaiming,qwen2.5_7b,9.0,3,1.0,ACCEPT,ICLR,Reject,reject_tier,4.8
ICLR_26_35,assertive,gemma4_31b,3.0,3,0.0,REJECT,ICLR,Reject,reject_tier,2.5
ICLR_26_35,assertive,gemma4_e4b,8.0,3,1.0,ACCEPT,ICLR,Reject,reject_tier,2.5
ICLR_26_35,assertive,llama_3.1_8b,8.0,3,1.0,ACCEPT,ICLR,Reject,reject_tier,2.5
ICLR_26_35,assertive,llama_3.2_3b,8.0,3,1.0,ACCEPT,ICLR,Reject,reject_tier,2.5
ICLR_26_35,assertive,ministral3_14b,9.0,3,1.0,ACCEPT,ICLR,Reject,reject_tier,2.5
ICLR_26_35,assertive,ministral3_8b,8.333333333333334,3,0.6666666666666666,ACCEPT,ICLR,Reject,reject_tier,2.5
ICLR_26_35,assertive,qwen2.5_32b,8.0,3,1.0,ACCEPT,ICLR,Reject,reject_tier,2.5
ICLR_26_35,assertive,qwen2.5_3b,8.0,3,1.0,ACCEPT,ICLR,Reject,reject_tier,2.5
ICLR_26_35,assertive,qwen2.5_7b,8.666666666666666,3,1.0,ACCEPT,ICLR,Reject,reject_tier,2.5
ICLR_26_35,hedged,gemma4_31b,3.3333333333333335,3,0.0,REJECT,ICLR,Reject,reject_tier,2.5
ICLR_26_35,hedged,gemma4_e4b,7.666666666666667,3,1.0,ACCEPT,ICLR,Reject,reject_tier,2.5
ICLR_26_35,hedged,llama_3.1_8b,8.0,3,1.0,ACCEPT,ICLR,Reject,reject_tier,2.5
ICLR_26_35,hedged,llama_3.2_3b,8.0,3,1.0,ACCEPT,ICLR,Reject,reject_tier,2.5
ICLR_26_35,hedged,ministral3_14b,8.0,3,1.0,ACCEPT,ICLR,Reject,reject_tier,2.5
ICLR_26_35,hedged,ministral3_8b,8.333333333333334,3,0.6666666666666666,ACCEPT,ICLR,Reject,reject_tier,2.5
ICLR_26_35,hedged,qwen2.5_32b,7.0,3,1.0,ACCEPT,ICLR,Reject,reject_tier,2.5
ICLR_26_35,hedged,qwen2.5_3b,8.0,3,1.0,ACCEPT,ICLR,Reject,reject_tier,2.5
ICLR_26_35,hedged,qwen2.5_7b,8.0,3,1.0,ACCEPT,ICLR,Reject,reject_tier,2.5
ICLR_26_35,l2_grounded,gemma4_31b,3.0,3,0.0,REJECT,ICLR,Reject,reject_tier,2.5
ICLR_26_35,l2_grounded,gemma4_e4b,8.0,3,1.0,ACCEPT,ICLR,Reject,reject_tier,2.5
ICLR_26_35,l2_grounded,llama_3.1_8b,8.0,3,1.0,ACCEPT,ICLR,Reject,reject_tier,2.5
ICLR_26_35,l2_grounded,llama_3.2_3b,8.0,3,1.0,ACCEPT,ICLR,Reject,reject_tier,2.5
ICLR_26_35,l2_grounded,ministral3_14b,8.666666666666666,3,1.0,ACCEPT,ICLR,Reject,reject_tier,2.5
ICLR_26_35,l2_grounded,ministral3_8b,8.0,3,0.6666666666666666,ACCEPT,ICLR,Reject,reject_tier,2.5
ICLR_26_35,l2_grounded,qwen2.5_32b,8.0,3,1.0,ACCEPT,ICLR,Reject,reject_tier,2.5
ICLR_26_35,l2_grounded,qwen2.5_3b,8.333333333333334,3,1.0,ACCEPT,ICLR,Reject,reject_tier,2.5
ICLR_26_35,l2_grounded,qwen2.5_7b,8.666666666666666,3,1.0,ACCEPT,ICLR,Reject,reject_tier,2.5
ICLR_26_35,native_fluent,gemma4_31b,3.0,3,0.0,REJECT,ICLR,Reject,reject_tier,2.5
ICLR_26_35,native_fluent,gemma4_e4b,8.0,3,1.0,ACCEPT,ICLR,Reject,reject_tier,2.5
ICLR_26_35,native_fluent,llama_3.1_8b,8.0,3,1.0,ACCEPT,ICLR,Reject,reject_tier,2.5
ICLR_26_35,native_fluent,llama_3.2_3b,8.333333333333334,3,1.0,ACCEPT,ICLR,Reject,reject_tier,2.5
ICLR_26_35,native_fluent,ministral3_14b,8.333333333333334,3,1.0,ACCEPT,ICLR,Reject,reject_tier,2.5
ICLR_26_35,native_fluent,ministral3_8b,8.666666666666666,3,0.6666666666666666,ACCEPT,ICLR,Reject,reject_tier,2.5
ICLR_26_35,native_fluent,qwen2.5_32b,8.0,3,1.0,ACCEPT,ICLR,Reject,reject_tier,2.5
ICLR_26_35,native_fluent,qwen2.5_3b,9.0,3,1.0,ACCEPT,ICLR,Reject,reject_tier,2.5
ICLR_26_35,native_fluent,qwen2.5_7b,8.333333333333334,3,1.0,ACCEPT,ICLR,Reject,reject_tier,2.5
ICLR_26_35,original,gemma4_31b,3.0,3,0.0,REJECT,ICLR,Reject,reject_tier,2.5
ICLR_26_35,original,gemma4_e4b,8.0,3,1.0,ACCEPT,ICLR,Reject,reject_tier,2.5
ICLR_26_35,original,llama_3.1_8b,8.0,3,1.0,ACCEPT,ICLR,Reject,reject_tier,2.5
ICLR_26_35,original,llama_3.2_3b,8.0,3,1.0,ACCEPT,ICLR,Reject,reject_tier,2.5
ICLR_26_35,original,ministral3_14b,9.0,3,1.0,ACCEPT,ICLR,Reject,reject_tier,2.5
ICLR_26_35,original,ministral3_8b,8.333333333333334,3,1.0,ACCEPT,ICLR,Reject,reject_tier,2.5
ICLR_26_35,original,qwen2.5_32b,8.0,3,1.0,ACCEPT,ICLR,Reject,reject_tier,2.5
ICLR_26_35,original,qwen2.5_3b,8.0,3,1.0,ACCEPT,ICLR,Reject,reject_tier,2.5
ICLR_26_35,original,qwen2.5_7b,8.666666666666666,3,1.0,ACCEPT,ICLR,Reject,reject_tier,2.5
ICLR_26_35,overclaiming,gemma4_31b,3.0,3,0.0,REJECT,ICLR,Reject,reject_tier,2.5
ICLR_26_35,overclaiming,gemma4_e4b,8.0,3,1.0,ACCEPT,ICLR,Reject,reject_tier,2.5
ICLR_26_35,overclaiming,llama_3.1_8b,8.333333333333334,3,1.0,ACCEPT,ICLR,Reject,reject_tier,2.5
ICLR_26_35,overclaiming,llama_3.2_3b,9.0,3,1.0,ACCEPT,ICLR,Reject,reject_tier,2.5
ICLR_26_35,overclaiming,ministral3_14b,8.333333333333334,3,1.0,ACCEPT,ICLR,Reject,reject_tier,2.5
ICLR_26_35,overclaiming,ministral3_8b,7.666666666666667,3,0.6666666666666666,ACCEPT,ICLR,Reject,reject_tier,2.5
ICLR_26_35,overclaiming,qwen2.5_32b,8.0,3,1.0,ACCEPT,ICLR,Reject,reject_tier,2.5
ICLR_26_35,overclaiming,qwen2.5_3b,9.666666666666666,3,1.0,ACCEPT,ICLR,Reject,reject_tier,2.5
ICLR_26_35,overclaiming,qwen2.5_7b,9.0,3,1.0,ACCEPT,ICLR,Reject,reject_tier,2.5
ICLR_26_36,assertive,gemma4_31b,6.0,3,0.0,REJECT,ICLR,Accept,accept_tier,4.5
ICLR_26_36,assertive,gemma4_e4b,7.666666666666667,3,1.0,ACCEPT,ICLR,Accept,accept_tier,4.5
ICLR_26_36,assertive,llama_3.1_8b,8.0,3,1.0,ACCEPT,ICLR,Accept,accept_tier,4.5
ICLR_26_36,assertive,llama_3.2_3b,7.666666666666667,3,1.0,ACCEPT,ICLR,Accept,accept_tier,4.5
ICLR_26_36,assertive,ministral3_14b,8.333333333333334,3,1.0,ACCEPT,ICLR,Accept,accept_tier,4.5
ICLR_26_36,assertive,ministral3_8b,8.666666666666666,3,1.0,ACCEPT,ICLR,Accept,accept_tier,4.5
ICLR_26_36,assertive,qwen2.5_32b,8.0,3,1.0,ACCEPT,ICLR,Accept,accept_tier,4.5
ICLR_26_36,assertive,qwen2.5_3b,8.0,3,1.0,ACCEPT,ICLR,Accept,accept_tier,4.5
ICLR_26_36,assertive,qwen2.5_7b,8.0,3,1.0,ACCEPT,ICLR,Accept,accept_tier,4.5
ICLR_26_36,hedged,gemma4_31b,6.0,3,0.0,REJECT,ICLR,Accept,accept_tier,4.5
ICLR_26_36,hedged,gemma4_e4b,7.0,3,1.0,ACCEPT,ICLR,Accept,accept_tier,4.5
ICLR_26_36,hedged,llama_3.1_8b,8.0,3,1.0,ACCEPT,ICLR,Accept,accept_tier,4.5
ICLR_26_36,hedged,llama_3.2_3b,8.0,3,1.0,ACCEPT,ICLR,Accept,accept_tier,4.5
ICLR_26_36,hedged,ministral3_14b,8.0,3,1.0,ACCEPT,ICLR,Accept,accept_tier,4.5
ICLR_26_36,hedged,ministral3_8b,7.666666666666667,3,0.3333333333333333,REJECT,ICLR,Accept,accept_tier,4.5
ICLR_26_36,hedged,qwen2.5_32b,8.0,3,1.0,ACCEPT,ICLR,Accept,accept_tier,4.5
ICLR_26_36,hedged,qwen2.5_3b,8.0,3,1.0,ACCEPT,ICLR,Accept,accept_tier,4.5
ICLR_26_36,hedged,qwen2.5_7b,8.0,3,1.0,ACCEPT,ICLR,Accept,accept_tier,4.5
ICLR_26_36,l2_grounded,gemma4_31b,6.0,3,0.0,REJECT,ICLR,Accept,accept_tier,4.5
ICLR_26_36,l2_grounded,gemma4_e4b,7.333333333333333,3,1.0,ACCEPT,ICLR,Accept,accept_tier,4.5
ICLR_26_36,l2_grounded,llama_3.1_8b,8.0,3,1.0,ACCEPT,ICLR,Accept,accept_tier,4.5
ICLR_26_36,l2_grounded,llama_3.2_3b,8.0,3,1.0,ACCEPT,ICLR,Accept,accept_tier,4.5
ICLR_26_36,l2_grounded,ministral3_14b,8.333333333333334,3,1.0,ACCEPT,ICLR,Accept,accept_tier,4.5
ICLR_26_36,l2_grounded,ministral3_8b,8.333333333333334,3,1.0,ACCEPT,ICLR,Accept,accept_tier,4.5
ICLR_26_36,l2_grounded,qwen2.5_32b,8.0,3,1.0,ACCEPT,ICLR,Accept,accept_tier,4.5
ICLR_26_36,l2_grounded,qwen2.5_3b,8.0,3,1.0,ACCEPT,ICLR,Accept,accept_tier,4.5
ICLR_26_36,l2_grounded,qwen2.5_7b,8.0,3,1.0,ACCEPT,ICLR,Accept,accept_tier,4.5
ICLR_26_36,native_fluent,gemma4_31b,6.333333333333333,3,0.3333333333333333,REJECT,ICLR,Accept,accept_tier,4.5
ICLR_26_36,native_fluent,gemma4_e4b,8.0,3,1.0,ACCEPT,ICLR,Accept,accept_tier,4.5
ICLR_26_36,native_fluent,llama_3.1_8b,8.0,3,1.0,ACCEPT,ICLR,Accept,accept_tier,4.5
ICLR_26_36,native_fluent,llama_3.2_3b,8.0,3,1.0,ACCEPT,ICLR,Accept,accept_tier,4.5
ICLR_26_36,native_fluent,ministral3_14b,8.333333333333334,3,1.0,ACCEPT,ICLR,Accept,accept_tier,4.5
ICLR_26_36,native_fluent,ministral3_8b,8.0,3,1.0,ACCEPT,ICLR,Accept,accept_tier,4.5
ICLR_26_36,native_fluent,qwen2.5_32b,8.0,3,1.0,ACCEPT,ICLR,Accept,accept_tier,4.5
ICLR_26_36,native_fluent,qwen2.5_3b,8.0,3,1.0,ACCEPT,ICLR,Accept,accept_tier,4.5
ICLR_26_36,native_fluent,qwen2.5_7b,8.0,3,1.0,ACCEPT,ICLR,Accept,accept_tier,4.5
ICLR_26_36,original,gemma4_31b,6.0,3,0.0,REJECT,ICLR,Accept,accept_tier,4.5
ICLR_26_36,original,gemma4_e4b,8.0,3,1.0,ACCEPT,ICLR,Accept,accept_tier,4.5
ICLR_26_36,original,llama_3.1_8b,8.0,3,1.0,ACCEPT,ICLR,Accept,accept_tier,4.5
ICLR_26_36,original,llama_3.2_3b,8.0,3,1.0,ACCEPT,ICLR,Accept,accept_tier,4.5
ICLR_26_36,original,ministral3_14b,8.0,3,1.0,ACCEPT,ICLR,Accept,accept_tier,4.5
ICLR_26_36,original,ministral3_8b,8.0,3,0.6666666666666666,ACCEPT,ICLR,Accept,accept_tier,4.5
ICLR_26_36,original,qwen2.5_32b,8.0,3,1.0,ACCEPT,ICLR,Accept,accept_tier,4.5
ICLR_26_36,original,qwen2.5_3b,8.0,3,1.0,ACCEPT,ICLR,Accept,accept_tier,4.5
ICLR_26_36,original,qwen2.5_7b,8.0,3,1.0,ACCEPT,ICLR,Accept,accept_tier,4.5
ICLR_26_36,overclaiming,gemma4_31b,3.0,3,0.0,REJECT,ICLR,Accept,accept_tier,4.5
ICLR_26_36,overclaiming,gemma4_e4b,6.333333333333333,3,1.0,ACCEPT,ICLR,Accept,accept_tier,4.5
ICLR_26_36,overclaiming,llama_3.1_8b,7.333333333333333,3,1.0,ACCEPT,ICLR,Accept,accept_tier,4.5
ICLR_26_36,overclaiming,llama_3.2_3b,7.333333333333333,3,1.0,ACCEPT,ICLR,Accept,accept_tier,4.5
ICLR_26_36,overclaiming,ministral3_14b,7.333333333333333,3,0.6666666666666666,ACCEPT,ICLR,Accept,accept_tier,4.5
ICLR_26_36,overclaiming,ministral3_8b,7.333333333333333,3,0.6666666666666666,ACCEPT,ICLR,Accept,accept_tier,4.5
ICLR_26_36,overclaiming,qwen2.5_32b,8.0,3,1.0,ACCEPT,ICLR,Accept,accept_tier,4.5
ICLR_26_36,overclaiming,qwen2.5_3b,8.666666666666666,3,1.0,ACCEPT,ICLR,Accept,accept_tier,4.5
ICLR_26_36,overclaiming,qwen2.5_7b,8.0,3,1.0,ACCEPT,ICLR,Accept,accept_tier,4.5
ICLR_26_37,assertive,gemma4_31b,3.0,3,0.0,REJECT,ICLR,Accept,accept_tier,4.666666666666667
ICLR_26_37,assertive,gemma4_e4b,7.0,3,1.0,ACCEPT,ICLR,Accept,accept_tier,4.666666666666667
ICLR_26_37,assertive,llama_3.1_8b,8.0,3,1.0,ACCEPT,ICLR,Accept,accept_tier,4.666666666666667
ICLR_26_37,assertive,llama_3.2_3b,8.0,3,1.0,ACCEPT,ICLR,Accept,accept_tier,4.666666666666667
ICLR_26_37,assertive,ministral3_14b,9.0,3,1.0,ACCEPT,ICLR,Accept,accept_tier,4.666666666666667
ICLR_26_37,assertive,ministral3_8b,8.333333333333334,3,1.0,ACCEPT,ICLR,Accept,accept_tier,4.666666666666667
ICLR_26_37,assertive,qwen2.5_32b,7.333333333333333,3,1.0,ACCEPT,ICLR,Accept,accept_tier,4.666666666666667
ICLR_26_37,assertive,qwen2.5_3b,7.333333333333333,3,1.0,ACCEPT,ICLR,Accept,accept_tier,4.666666666666667
ICLR_26_37,assertive,qwen2.5_7b,8.333333333333334,3,1.0,ACCEPT,ICLR,Accept,accept_tier,4.666666666666667
ICLR_26_37,hedged,gemma4_31b,3.0,3,0.0,REJECT,ICLR,Accept,accept_tier,4.666666666666667
ICLR_26_37,hedged,gemma4_e4b,6.0,3,1.0,ACCEPT,ICLR,Accept,accept_tier,4.666666666666667
ICLR_26_37,hedged,llama_3.1_8b,8.0,3,1.0,ACCEPT,ICLR,Accept,accept_tier,4.666666666666667
ICLR_26_37,hedged,llama_3.2_3b,8.0,3,1.0,ACCEPT,ICLR,Accept,accept_tier,4.666666666666667
ICLR_26_37,hedged,ministral3_14b,8.0,3,1.0,ACCEPT,ICLR,Accept,accept_tier,4.666666666666667
ICLR_26_37,hedged,ministral3_8b,8.0,3,1.0,ACCEPT,ICLR,Accept,accept_tier,4.666666666666667
ICLR_26_37,hedged,qwen2.5_32b,7.0,3,1.0,ACCEPT,ICLR,Accept,accept_tier,4.666666666666667
ICLR_26_37,hedged,qwen2.5_3b,7.0,3,1.0,ACCEPT,ICLR,Accept,accept_tier,4.666666666666667
ICLR_26_37,hedged,qwen2.5_7b,8.0,3,1.0,ACCEPT,ICLR,Accept,accept_tier,4.666666666666667
ICLR_26_37,l2_grounded,gemma4_31b,3.0,3,0.0,REJECT,ICLR,Accept,accept_tier,4.666666666666667
ICLR_26_37,l2_grounded,gemma4_e4b,6.0,3,1.0,ACCEPT,ICLR,Accept,accept_tier,4.666666666666667
ICLR_26_37,l2_grounded,llama_3.1_8b,8.0,3,1.0,ACCEPT,ICLR,Accept,accept_tier,4.666666666666667
ICLR_26_37,l2_grounded,llama_3.2_3b,7.333333333333333,3,1.0,ACCEPT,ICLR,Accept,accept_tier,4.666666666666667
ICLR_26_37,l2_grounded,ministral3_14b,8.0,3,1.0,ACCEPT,ICLR,Accept,accept_tier,4.666666666666667
ICLR_26_37,l2_grounded,ministral3_8b,8.0,3,1.0,ACCEPT,ICLR,Accept,accept_tier,4.666666666666667
ICLR_26_37,l2_grounded,qwen2.5_32b,7.0,3,1.0,ACCEPT,ICLR,Accept,accept_tier,4.666666666666667
ICLR_26_37,l2_grounded,qwen2.5_3b,8.0,3,1.0,ACCEPT,ICLR,Accept,accept_tier,4.666666666666667
ICLR_26_37,l2_grounded,qwen2.5_7b,8.333333333333334,3,1.0,ACCEPT,ICLR,Accept,accept_tier,4.666666666666667
ICLR_26_37,native_fluent,gemma4_31b,3.0,3,0.0,REJECT,ICLR,Accept,accept_tier,4.666666666666667
ICLR_26_37,native_fluent,gemma4_e4b,6.666666666666667,3,1.0,ACCEPT,ICLR,Accept,accept_tier,4.666666666666667
ICLR_26_37,native_fluent,llama_3.1_8b,8.0,3,1.0,ACCEPT,ICLR,Accept,accept_tier,4.666666666666667
ICLR_26_37,native_fluent,llama_3.2_3b,8.0,3,1.0,ACCEPT,ICLR,Accept,accept_tier,4.666666666666667
ICLR_26_37,native_fluent,ministral3_14b,8.333333333333334,3,1.0,ACCEPT,ICLR,Accept,accept_tier,4.666666666666667
ICLR_26_37,native_fluent,ministral3_8b,8.0,3,1.0,ACCEPT,ICLR,Accept,accept_tier,4.666666666666667
ICLR_26_37,native_fluent,qwen2.5_32b,7.0,3,1.0,ACCEPT,ICLR,Accept,accept_tier,4.666666666666667
ICLR_26_37,native_fluent,qwen2.5_3b,7.333333333333333,3,1.0,ACCEPT,ICLR,Accept,accept_tier,4.666666666666667
ICLR_26_37,native_fluent,qwen2.5_7b,8.0,3,1.0,ACCEPT,ICLR,Accept,accept_tier,4.666666666666667
ICLR_26_37,original,gemma4_31b,3.0,3,0.0,REJECT,ICLR,Accept,accept_tier,4.666666666666667
ICLR_26_37,original,gemma4_e4b,7.0,3,1.0,ACCEPT,ICLR,Accept,accept_tier,4.666666666666667
ICLR_26_37,original,llama_3.1_8b,8.0,3,1.0,ACCEPT,ICLR,Accept,accept_tier,4.666666666666667
ICLR_26_37,original,llama_3.2_3b,8.0,3,1.0,ACCEPT,ICLR,Accept,accept_tier,4.666666666666667
ICLR_26_37,original,ministral3_14b,8.666666666666666,3,1.0,ACCEPT,ICLR,Accept,accept_tier,4.666666666666667
ICLR_26_37,original,ministral3_8b,8.666666666666666,3,1.0,ACCEPT,ICLR,Accept,accept_tier,4.666666666666667
ICLR_26_37,original,qwen2.5_32b,7.0,3,1.0,ACCEPT,ICLR,Accept,accept_tier,4.666666666666667
ICLR_26_37,original,qwen2.5_3b,7.0,3,1.0,ACCEPT,ICLR,Accept,accept_tier,4.666666666666667
ICLR_26_37,original,qwen2.5_7b,8.666666666666666,3,1.0,ACCEPT,ICLR,Accept,accept_tier,4.666666666666667
ICLR_26_37,overclaiming,gemma4_31b,2.6666666666666665,3,0.0,REJECT,ICLR,Accept,accept_tier,4.666666666666667
ICLR_26_37,overclaiming,gemma4_e4b,7.0,3,1.0,ACCEPT,ICLR,Accept,accept_tier,4.666666666666667
ICLR_26_37,overclaiming,llama_3.1_8b,8.333333333333334,3,1.0,ACCEPT,ICLR,Accept,accept_tier,4.666666666666667
ICLR_26_37,overclaiming,llama_3.2_3b,8.0,3,1.0,ACCEPT,ICLR,Accept,accept_tier,4.666666666666667
ICLR_26_37,overclaiming,ministral3_14b,8.666666666666666,3,1.0,ACCEPT,ICLR,Accept,accept_tier,4.666666666666667
ICLR_26_37,overclaiming,ministral3_8b,8.0,3,1.0,ACCEPT,ICLR,Accept,accept_tier,4.666666666666667
ICLR_26_37,overclaiming,qwen2.5_32b,8.0,3,1.0,ACCEPT,ICLR,Accept,accept_tier,4.666666666666667
ICLR_26_37,overclaiming,qwen2.5_3b,9.666666666666666,3,1.0,ACCEPT,ICLR,Accept,accept_tier,4.666666666666667
ICLR_26_37,overclaiming,qwen2.5_7b,9.0,3,1.0,ACCEPT,ICLR,Accept,accept_tier,4.666666666666667
ICLR_26_38,assertive,gemma4_31b,6.666666666666667,3,0.6666666666666666,ACCEPT,ICLR,Accept,accept_tier,4.0
ICLR_26_38,assertive,gemma4_e4b,8.0,3,1.0,ACCEPT,ICLR,Accept,accept_tier,4.0
ICLR_26_38,assertive,llama_3.1_8b,8.0,3,1.0,ACCEPT,ICLR,Accept,accept_tier,4.0
ICLR_26_38,assertive,llama_3.2_3b,8.333333333333334,3,1.0,ACCEPT,ICLR,Accept,accept_tier,4.0
ICLR_26_38,assertive,ministral3_14b,9.0,3,1.0,ACCEPT,ICLR,Accept,accept_tier,4.0
ICLR_26_38,assertive,ministral3_8b,8.666666666666666,3,1.0,ACCEPT,ICLR,Accept,accept_tier,4.0
ICLR_26_38,assertive,qwen2.5_32b,8.0,3,1.0,ACCEPT,ICLR,Accept,accept_tier,4.0
ICLR_26_38,assertive,qwen2.5_3b,10.0,3,1.0,ACCEPT,ICLR,Accept,accept_tier,4.0
ICLR_26_38,assertive,qwen2.5_7b,8.666666666666666,3,1.0,ACCEPT,ICLR,Accept,accept_tier,4.0
ICLR_26_38,hedged,gemma4_31b,6.666666666666667,3,0.6666666666666666,ACCEPT,ICLR,Accept,accept_tier,4.0
ICLR_26_38,hedged,gemma4_e4b,8.0,3,1.0,ACCEPT,ICLR,Accept,accept_tier,4.0
ICLR_26_38,hedged,llama_3.1_8b,8.0,3,1.0,ACCEPT,ICLR,Accept,accept_tier,4.0
ICLR_26_38,hedged,llama_3.2_3b,8.0,3,1.0,ACCEPT,ICLR,Accept,accept_tier,4.0
ICLR_26_38,hedged,ministral3_14b,9.0,3,1.0,ACCEPT,ICLR,Accept,accept_tier,4.0
ICLR_26_38,hedged,ministral3_8b,9.333333333333334,3,1.0,ACCEPT,ICLR,Accept,accept_tier,4.0
ICLR_26_38,hedged,qwen2.5_32b,8.0,3,1.0,ACCEPT,ICLR,Accept,accept_tier,4.0
ICLR_26_38,hedged,qwen2.5_3b,8.333333333333334,3,1.0,ACCEPT,ICLR,Accept,accept_tier,4.0
ICLR_26_38,hedged,qwen2.5_7b,8.666666666666666,3,1.0,ACCEPT,ICLR,Accept,accept_tier,4.0
ICLR_26_38,l2_grounded,gemma4_31b,6.0,3,0.0,REJECT,ICLR,Accept,accept_tier,4.0
ICLR_26_38,l2_grounded,gemma4_e4b,8.0,3,1.0,ACCEPT,ICLR,Accept,accept_tier,4.0
ICLR_26_38,l2_grounded,llama_3.1_8b,8.333333333333334,3,1.0,ACCEPT,ICLR,Accept,accept_tier,4.0
ICLR_26_38,l2_grounded,llama_3.2_3b,8.333333333333334,3,1.0,ACCEPT,ICLR,Accept,accept_tier,4.0
ICLR_26_38,l2_grounded,ministral3_14b,9.0,3,1.0,ACCEPT,ICLR,Accept,accept_tier,4.0
ICLR_26_38,l2_grounded,ministral3_8b,9.0,3,1.0,ACCEPT,ICLR,Accept,accept_tier,4.0
ICLR_26_38,l2_grounded,qwen2.5_32b,8.0,3,1.0,ACCEPT,ICLR,Accept,accept_tier,4.0
ICLR_26_38,l2_grounded,qwen2.5_3b,9.666666666666666,3,1.0,ACCEPT,ICLR,Accept,accept_tier,4.0
ICLR_26_38,l2_grounded,qwen2.5_7b,8.333333333333334,3,1.0,ACCEPT,ICLR,Accept,accept_tier,4.0
ICLR_26_38,native_fluent,gemma4_31b,6.0,3,0.0,REJECT,ICLR,Accept,accept_tier,4.0
ICLR_26_38,native_fluent,gemma4_e4b,8.0,3,1.0,ACCEPT,ICLR,Accept,accept_tier,4.0
ICLR_26_38,native_fluent,llama_3.1_8b,8.0,3,1.0,ACCEPT,ICLR,Accept,accept_tier,4.0
ICLR_26_38,native_fluent,llama_3.2_3b,8.333333333333334,3,1.0,ACCEPT,ICLR,Accept,accept_tier,4.0
ICLR_26_38,native_fluent,ministral3_14b,9.0,3,1.0,ACCEPT,ICLR,Accept,accept_tier,4.0
ICLR_26_38,native_fluent,ministral3_8b,9.0,3,1.0,ACCEPT,ICLR,Accept,accept_tier,4.0
ICLR_26_38,native_fluent,qwen2.5_32b,8.0,3,1.0,ACCEPT,ICLR,Accept,accept_tier,4.0
ICLR_26_38,native_fluent,qwen2.5_3b,10.0,3,1.0,ACCEPT,ICLR,Accept,accept_tier,4.0
ICLR_26_38,native_fluent,qwen2.5_7b,8.333333333333334,3,1.0,ACCEPT,ICLR,Accept,accept_tier,4.0
ICLR_26_38,original,gemma4_31b,6.333333333333333,3,0.3333333333333333,REJECT,ICLR,Accept,accept_tier,4.0
ICLR_26_38,original,gemma4_e4b,8.0,3,1.0,ACCEPT,ICLR,Accept,accept_tier,4.0
ICLR_26_38,original,llama_3.1_8b,8.333333333333334,3,1.0,ACCEPT,ICLR,Accept,accept_tier,4.0
ICLR_26_38,original,llama_3.2_3b,8.0,3,1.0,ACCEPT,ICLR,Accept,accept_tier,4.0
ICLR_26_38,original,ministral3_14b,9.0,3,1.0,ACCEPT,ICLR,Accept,accept_tier,4.0
ICLR_26_38,original,ministral3_8b,9.333333333333334,3,1.0,ACCEPT,ICLR,Accept,accept_tier,4.0
ICLR_26_38,original,qwen2.5_32b,8.0,3,1.0,ACCEPT,ICLR,Accept,accept_tier,4.0
ICLR_26_38,original,qwen2.5_3b,8.0,3,1.0,ACCEPT,ICLR,Accept,accept_tier,4.0
ICLR_26_38,original,qwen2.5_7b,8.333333333333334,3,1.0,ACCEPT,ICLR,Accept,accept_tier,4.0
ICLR_26_38,overclaiming,gemma4_31b,3.0,3,0.0,REJECT,ICLR,Accept,accept_tier,4.0
ICLR_26_38,overclaiming,gemma4_e4b,8.0,3,1.0,ACCEPT,ICLR,Accept,accept_tier,4.0
ICLR_26_38,overclaiming,llama_3.1_8b,8.333333333333334,3,1.0,ACCEPT,ICLR,Accept,accept_tier,4.0
ICLR_26_38,overclaiming,llama_3.2_3b,9.0,3,1.0,ACCEPT,ICLR,Accept,accept_tier,4.0
ICLR_26_38,overclaiming,ministral3_14b,9.0,3,1.0,ACCEPT,ICLR,Accept,accept_tier,4.0
ICLR_26_38,overclaiming,ministral3_8b,8.666666666666666,3,1.0,ACCEPT,ICLR,Accept,accept_tier,4.0
ICLR_26_38,overclaiming,qwen2.5_32b,8.0,3,1.0,ACCEPT,ICLR,Accept,accept_tier,4.0
ICLR_26_38,overclaiming,qwen2.5_3b,10.0,3,1.0,ACCEPT,ICLR,Accept,accept_tier,4.0
ICLR_26_38,overclaiming,qwen2.5_7b,9.0,3,1.0,ACCEPT,ICLR,Accept,accept_tier,4.0
ICLR_26_39,assertive,gemma4_31b,4.0,3,0.0,REJECT,ICLR,Accept,accept_tier,6.0
ICLR_26_39,assertive,gemma4_e4b,6.0,3,1.0,ACCEPT,ICLR,Accept,accept_tier,6.0
ICLR_26_39,assertive,llama_3.1_8b,7.333333333333333,3,1.0,ACCEPT,ICLR,Accept,accept_tier,6.0
ICLR_26_39,assertive,llama_3.2_3b,6.333333333333333,3,0.6666666666666666,ACCEPT,ICLR,Accept,accept_tier,6.0
ICLR_26_39,assertive,ministral3_14b,8.0,3,1.0,ACCEPT,ICLR,Accept,accept_tier,6.0
ICLR_26_39,assertive,ministral3_8b,6.0,3,0.0,REJECT,ICLR,Accept,accept_tier,6.0
ICLR_26_39,assertive,qwen2.5_32b,7.0,3,1.0,ACCEPT,ICLR,Accept,accept_tier,6.0
ICLR_26_39,assertive,qwen2.5_3b,7.0,3,1.0,ACCEPT,ICLR,Accept,accept_tier,6.0
ICLR_26_39,assertive,qwen2.5_7b,8.0,3,1.0,ACCEPT,ICLR,Accept,accept_tier,6.0
ICLR_26_39,hedged,gemma4_31b,4.0,3,0.0,REJECT,ICLR,Accept,accept_tier,6.0
ICLR_26_39,hedged,gemma4_e4b,6.333333333333333,3,1.0,ACCEPT,ICLR,Accept,accept_tier,6.0
ICLR_26_39,hedged,llama_3.1_8b,7.666666666666667,3,1.0,ACCEPT,ICLR,Accept,accept_tier,6.0
ICLR_26_39,hedged,llama_3.2_3b,6.666666666666667,3,1.0,ACCEPT,ICLR,Accept,accept_tier,6.0
ICLR_26_39,hedged,ministral3_14b,7.666666666666667,3,1.0,ACCEPT,ICLR,Accept,accept_tier,6.0
ICLR_26_39,hedged,ministral3_8b,8.333333333333334,3,1.0,ACCEPT,ICLR,Accept,accept_tier,6.0
ICLR_26_39,hedged,qwen2.5_32b,7.0,3,1.0,ACCEPT,ICLR,Accept,accept_tier,6.0
ICLR_26_39,hedged,qwen2.5_3b,7.0,3,1.0,ACCEPT,ICLR,Accept,accept_tier,6.0
ICLR_26_39,hedged,qwen2.5_7b,8.0,3,1.0,ACCEPT,ICLR,Accept,accept_tier,6.0
ICLR_26_39,l2_grounded,gemma4_31b,4.0,3,0.0,REJECT,ICLR,Accept,accept_tier,6.0
ICLR_26_39,l2_grounded,gemma4_e4b,6.0,3,1.0,ACCEPT,ICLR,Accept,accept_tier,6.0
ICLR_26_39,l2_grounded,llama_3.1_8b,8.0,3,1.0,ACCEPT,ICLR,Accept,accept_tier,6.0
ICLR_26_39,l2_grounded,llama_3.2_3b,6.0,3,0.3333333333333333,REJECT,ICLR,Accept,accept_tier,6.0
ICLR_26_39,l2_grounded,ministral3_14b,8.333333333333334,3,1.0,ACCEPT,ICLR,Accept,accept_tier,6.0
ICLR_26_39,l2_grounded,ministral3_8b,7.333333333333333,3,0.0,REJECT,ICLR,Accept,accept_tier,6.0
ICLR_26_39,l2_grounded,qwen2.5_32b,7.0,3,1.0,ACCEPT,ICLR,Accept,accept_tier,6.0
ICLR_26_39,l2_grounded,qwen2.5_3b,7.0,3,1.0,ACCEPT,ICLR,Accept,accept_tier,6.0
ICLR_26_39,l2_grounded,qwen2.5_7b,8.0,3,1.0,ACCEPT,ICLR,Accept,accept_tier,6.0
ICLR_26_39,native_fluent,gemma4_31b,4.0,3,0.0,REJECT,ICLR,Accept,accept_tier,6.0
ICLR_26_39,native_fluent,gemma4_e4b,6.0,3,1.0,ACCEPT,ICLR,Accept,accept_tier,6.0
ICLR_26_39,native_fluent,llama_3.1_8b,7.666666666666667,3,1.0,ACCEPT,ICLR,Accept,accept_tier,6.0
ICLR_26_39,native_fluent,llama_3.2_3b,7.0,3,1.0,ACCEPT,ICLR,Accept,accept_tier,6.0
ICLR_26_39,native_fluent,ministral3_14b,7.666666666666667,3,1.0,ACCEPT,ICLR,Accept,accept_tier,6.0
ICLR_26_39,native_fluent,ministral3_8b,9.0,3,1.0,ACCEPT,ICLR,Accept,accept_tier,6.0
ICLR_26_39,native_fluent,qwen2.5_32b,7.0,3,1.0,ACCEPT,ICLR,Accept,accept_tier,6.0
ICLR_26_39,native_fluent,qwen2.5_3b,7.0,3,1.0,ACCEPT,ICLR,Accept,accept_tier,6.0
ICLR_26_39,native_fluent,qwen2.5_7b,8.666666666666666,3,1.0,ACCEPT,ICLR,Accept,accept_tier,6.0
ICLR_26_39,original,gemma4_31b,4.0,3,0.0,REJECT,ICLR,Accept,accept_tier,6.0
ICLR_26_39,original,gemma4_e4b,6.0,3,1.0,ACCEPT,ICLR,Accept,accept_tier,6.0
ICLR_26_39,original,llama_3.1_8b,8.0,3,1.0,ACCEPT,ICLR,Accept,accept_tier,6.0
ICLR_26_39,original,llama_3.2_3b,6.0,3,0.6666666666666666,ACCEPT,ICLR,Accept,accept_tier,6.0
ICLR_26_39,original,ministral3_14b,8.0,3,1.0,ACCEPT,ICLR,Accept,accept_tier,6.0
ICLR_26_39,original,ministral3_8b,7.333333333333333,3,0.3333333333333333,REJECT,ICLR,Accept,accept_tier,6.0
ICLR_26_39,original,qwen2.5_32b,7.0,3,1.0,ACCEPT,ICLR,Accept,accept_tier,6.0
ICLR_26_39,original,qwen2.5_3b,7.0,3,1.0,ACCEPT,ICLR,Accept,accept_tier,6.0
ICLR_26_39,original,qwen2.5_7b,8.0,3,1.0,ACCEPT,ICLR,Accept,accept_tier,6.0
ICLR_26_39,overclaiming,gemma4_31b,4.0,3,0.0,REJECT,ICLR,Accept,accept_tier,6.0
ICLR_26_39,overclaiming,gemma4_e4b,7.0,3,1.0,ACCEPT,ICLR,Accept,accept_tier,6.0
ICLR_26_39,overclaiming,llama_3.1_8b,7.333333333333333,3,1.0,ACCEPT,ICLR,Accept,accept_tier,6.0
ICLR_26_39,overclaiming,llama_3.2_3b,6.666666666666667,3,0.6666666666666666,ACCEPT,ICLR,Accept,accept_tier,6.0
ICLR_26_39,overclaiming,ministral3_14b,8.0,3,1.0,ACCEPT,ICLR,Accept,accept_tier,6.0
ICLR_26_39,overclaiming,ministral3_8b,8.0,3,1.0,ACCEPT,ICLR,Accept,accept_tier,6.0
ICLR_26_39,overclaiming,qwen2.5_32b,8.0,3,1.0,ACCEPT,ICLR,Accept,accept_tier,6.0
ICLR_26_39,overclaiming,qwen2.5_3b,7.666666666666667,3,1.0,ACCEPT,ICLR,Accept,accept_tier,6.0
ICLR_26_39,overclaiming,qwen2.5_7b,9.0,3,1.0,ACCEPT,ICLR,Accept,accept_tier,6.0
ICLR_26_4,assertive,gemma4_31b,6.0,3,0.0,REJECT,ICLR,Reject,reject_tier,2.0
ICLR_26_4,assertive,gemma4_e4b,8.0,3,1.0,ACCEPT,ICLR,Reject,reject_tier,2.0
ICLR_26_4,assertive,llama_3.1_8b,8.0,3,1.0,ACCEPT,ICLR,Reject,reject_tier,2.0
ICLR_26_4,assertive,llama_3.2_3b,7.666666666666667,3,1.0,ACCEPT,ICLR,Reject,reject_tier,2.0
ICLR_26_4,assertive,ministral3_14b,7.0,3,1.0,ACCEPT,ICLR,Reject,reject_tier,2.0
ICLR_26_4,assertive,ministral3_8b,7.666666666666667,3,0.6666666666666666,ACCEPT,ICLR,Reject,reject_tier,2.0
ICLR_26_4,assertive,qwen2.5_32b,8.0,3,1.0,ACCEPT,ICLR,Reject,reject_tier,2.0
ICLR_26_4,assertive,qwen2.5_3b,8.0,3,1.0,ACCEPT,ICLR,Reject,reject_tier,2.0
ICLR_26_4,assertive,qwen2.5_7b,8.0,3,1.0,ACCEPT,ICLR,Reject,reject_tier,2.0
ICLR_26_4,hedged,gemma4_31b,3.3333333333333335,3,0.0,REJECT,ICLR,Reject,reject_tier,2.0
ICLR_26_4,hedged,gemma4_e4b,6.666666666666667,3,1.0,ACCEPT,ICLR,Reject,reject_tier,2.0
ICLR_26_4,hedged,llama_3.1_8b,7.666666666666667,3,1.0,ACCEPT,ICLR,Reject,reject_tier,2.0
ICLR_26_4,hedged,llama_3.2_3b,7.0,3,1.0,ACCEPT,ICLR,Reject,reject_tier,2.0
ICLR_26_4,hedged,ministral3_14b,7.0,3,1.0,ACCEPT,ICLR,Reject,reject_tier,2.0
ICLR_26_4,hedged,ministral3_8b,6.333333333333333,3,0.0,REJECT,ICLR,Reject,reject_tier,2.0
ICLR_26_4,hedged,qwen2.5_32b,7.0,3,1.0,ACCEPT,ICLR,Reject,reject_tier,2.0
ICLR_26_4,hedged,qwen2.5_3b,7.333333333333333,3,1.0,ACCEPT,ICLR,Reject,reject_tier,2.0
ICLR_26_4,hedged,qwen2.5_7b,7.666666666666667,3,1.0,ACCEPT,ICLR,Reject,reject_tier,2.0
ICLR_26_4,l2_grounded,gemma4_31b,6.0,3,0.0,REJECT,ICLR,Reject,reject_tier,2.0
ICLR_26_4,l2_grounded,gemma4_e4b,7.0,3,1.0,ACCEPT,ICLR,Reject,reject_tier,2.0
ICLR_26_4,l2_grounded,llama_3.1_8b,8.0,3,1.0,ACCEPT,ICLR,Reject,reject_tier,2.0
ICLR_26_4,l2_grounded,llama_3.2_3b,7.666666666666667,3,1.0,ACCEPT,ICLR,Reject,reject_tier,2.0
ICLR_26_4,l2_grounded,ministral3_14b,7.333333333333333,3,1.0,ACCEPT,ICLR,Reject,reject_tier,2.0
ICLR_26_4,l2_grounded,ministral3_8b,6.666666666666667,3,0.0,REJECT,ICLR,Reject,reject_tier,2.0
ICLR_26_4,l2_grounded,qwen2.5_32b,8.0,3,1.0,ACCEPT,ICLR,Reject,reject_tier,2.0
ICLR_26_4,l2_grounded,qwen2.5_3b,8.0,3,1.0,ACCEPT,ICLR,Reject,reject_tier,2.0
ICLR_26_4,l2_grounded,qwen2.5_7b,8.0,3,1.0,ACCEPT,ICLR,Reject,reject_tier,2.0
ICLR_26_4,native_fluent,gemma4_31b,6.0,3,0.0,REJECT,ICLR,Reject,reject_tier,2.0
ICLR_26_4,native_fluent,gemma4_e4b,8.0,3,1.0,ACCEPT,ICLR,Reject,reject_tier,2.0
ICLR_26_4,native_fluent,llama_3.1_8b,8.0,3,1.0,ACCEPT,ICLR,Reject,reject_tier,2.0
ICLR_26_4,native_fluent,llama_3.2_3b,8.0,3,1.0,ACCEPT,ICLR,Reject,reject_tier,2.0
ICLR_26_4,native_fluent,ministral3_14b,7.666666666666667,3,1.0,ACCEPT,ICLR,Reject,reject_tier,2.0
ICLR_26_4,native_fluent,ministral3_8b,7.333333333333333,3,0.3333333333333333,REJECT,ICLR,Reject,reject_tier,2.0
ICLR_26_4,native_fluent,qwen2.5_32b,8.0,3,1.0,ACCEPT,ICLR,Reject,reject_tier,2.0
ICLR_26_4,native_fluent,qwen2.5_3b,8.0,3,1.0,ACCEPT,ICLR,Reject,reject_tier,2.0
ICLR_26_4,native_fluent,qwen2.5_7b,8.0,3,1.0,ACCEPT,ICLR,Reject,reject_tier,2.0
ICLR_26_4,original,gemma4_31b,6.0,3,0.0,REJECT,ICLR,Reject,reject_tier,2.0
ICLR_26_4,original,gemma4_e4b,7.0,3,1.0,ACCEPT,ICLR,Reject,reject_tier,2.0
ICLR_26_4,original,llama_3.1_8b,8.0,3,1.0,ACCEPT,ICLR,Reject,reject_tier,2.0
ICLR_26_4,original,llama_3.2_3b,7.333333333333333,3,1.0,ACCEPT,ICLR,Reject,reject_tier,2.0
ICLR_26_4,original,ministral3_14b,7.0,3,1.0,ACCEPT,ICLR,Reject,reject_tier,2.0
ICLR_26_4,original,ministral3_8b,7.333333333333333,3,0.3333333333333333,REJECT,ICLR,Reject,reject_tier,2.0
ICLR_26_4,original,qwen2.5_32b,8.0,3,1.0,ACCEPT,ICLR,Reject,reject_tier,2.0
ICLR_26_4,original,qwen2.5_3b,8.0,3,1.0,ACCEPT,ICLR,Reject,reject_tier,2.0
ICLR_26_4,original,qwen2.5_7b,8.0,3,1.0,ACCEPT,ICLR,Reject,reject_tier,2.0
ICLR_26_4,overclaiming,gemma4_31b,3.0,3,0.0,REJECT,ICLR,Reject,reject_tier,2.0
ICLR_26_4,overclaiming,gemma4_e4b,4.0,3,0.0,REJECT,ICLR,Reject,reject_tier,2.0
ICLR_26_4,overclaiming,llama_3.1_8b,6.333333333333333,3,0.6666666666666666,ACCEPT,ICLR,Reject,reject_tier,2.0
ICLR_26_4,overclaiming,llama_3.2_3b,6.666666666666667,3,0.6666666666666666,ACCEPT,ICLR,Reject,reject_tier,2.0
ICLR_26_4,overclaiming,ministral3_14b,3.0,3,0.0,REJECT,ICLR,Reject,reject_tier,2.0
ICLR_26_4,overclaiming,ministral3_8b,2.6666666666666665,3,0.0,REJECT,ICLR,Reject,reject_tier,2.0
ICLR_26_4,overclaiming,qwen2.5_32b,4.0,3,0.0,REJECT,ICLR,Reject,reject_tier,2.0
ICLR_26_4,overclaiming,qwen2.5_3b,7.666666666666667,3,1.0,ACCEPT,ICLR,Reject,reject_tier,2.0
ICLR_26_4,overclaiming,qwen2.5_7b,7.0,3,0.6666666666666666,ACCEPT,ICLR,Reject,reject_tier,2.0
ICLR_26_40,assertive,gemma4_31b,4.0,3,0.0,REJECT,ICLR,Accept,accept_tier,4.666666666666667
ICLR_26_40,assertive,gemma4_e4b,6.0,3,1.0,ACCEPT,ICLR,Accept,accept_tier,4.666666666666667
ICLR_26_40,assertive,llama_3.1_8b,7.333333333333333,3,1.0,ACCEPT,ICLR,Accept,accept_tier,4.666666666666667
ICLR_26_40,assertive,llama_3.2_3b,7.333333333333333,3,1.0,ACCEPT,ICLR,Accept,accept_tier,4.666666666666667
ICLR_26_40,assertive,ministral3_14b,7.666666666666667,3,1.0,ACCEPT,ICLR,Accept,accept_tier,4.666666666666667
ICLR_26_40,assertive,ministral3_8b,7.333333333333333,3,0.3333333333333333,REJECT,ICLR,Accept,accept_tier,4.666666666666667
ICLR_26_40,assertive,qwen2.5_32b,7.0,3,1.0,ACCEPT,ICLR,Accept,accept_tier,4.666666666666667
ICLR_26_40,assertive,qwen2.5_3b,8.0,3,1.0,ACCEPT,ICLR,Accept,accept_tier,4.666666666666667
ICLR_26_40,assertive,qwen2.5_7b,8.0,3,1.0,ACCEPT,ICLR,Accept,accept_tier,4.666666666666667
ICLR_26_40,hedged,gemma4_31b,3.0,3,0.0,REJECT,ICLR,Accept,accept_tier,4.666666666666667
ICLR_26_40,hedged,gemma4_e4b,5.666666666666667,3,0.6666666666666666,ACCEPT,ICLR,Accept,accept_tier,4.666666666666667
ICLR_26_40,hedged,llama_3.1_8b,6.666666666666667,3,1.0,ACCEPT,ICLR,Accept,accept_tier,4.666666666666667
ICLR_26_40,hedged,llama_3.2_3b,7.0,3,1.0,ACCEPT,ICLR,Accept,accept_tier,4.666666666666667
ICLR_26_40,hedged,ministral3_14b,5.666666666666667,3,0.0,REJECT,ICLR,Accept,accept_tier,4.666666666666667
ICLR_26_40,hedged,ministral3_8b,6.333333333333333,3,0.0,REJECT,ICLR,Accept,accept_tier,4.666666666666667
ICLR_26_40,hedged,qwen2.5_32b,7.0,3,1.0,ACCEPT,ICLR,Accept,accept_tier,4.666666666666667
ICLR_26_40,hedged,qwen2.5_3b,7.0,3,1.0,ACCEPT,ICLR,Accept,accept_tier,4.666666666666667
ICLR_26_40,hedged,qwen2.5_7b,8.0,3,1.0,ACCEPT,ICLR,Accept,accept_tier,4.666666666666667
ICLR_26_40,l2_grounded,gemma4_31b,3.0,3,0.0,REJECT,ICLR,Accept,accept_tier,4.666666666666667
ICLR_26_40,l2_grounded,gemma4_e4b,5.666666666666667,3,0.6666666666666666,ACCEPT,ICLR,Accept,accept_tier,4.666666666666667
ICLR_26_40,l2_grounded,llama_3.1_8b,7.666666666666667,3,1.0,ACCEPT,ICLR,Accept,accept_tier,4.666666666666667
ICLR_26_40,l2_grounded,llama_3.2_3b,7.333333333333333,3,1.0,ACCEPT,ICLR,Accept,accept_tier,4.666666666666667
ICLR_26_40,l2_grounded,ministral3_14b,6.666666666666667,3,0.3333333333333333,REJECT,ICLR,Accept,accept_tier,4.666666666666667
ICLR_26_40,l2_grounded,ministral3_8b,6.666666666666667,3,0.3333333333333333,REJECT,ICLR,Accept,accept_tier,4.666666666666667
ICLR_26_40,l2_grounded,qwen2.5_32b,7.0,3,1.0,ACCEPT,ICLR,Accept,accept_tier,4.666666666666667
ICLR_26_40,l2_grounded,qwen2.5_3b,7.0,3,1.0,ACCEPT,ICLR,Accept,accept_tier,4.666666666666667
ICLR_26_40,l2_grounded,qwen2.5_7b,8.0,3,1.0,ACCEPT,ICLR,Accept,accept_tier,4.666666666666667
ICLR_26_40,native_fluent,gemma4_31b,4.0,3,0.0,REJECT,ICLR,Accept,accept_tier,4.666666666666667
ICLR_26_40,native_fluent,gemma4_e4b,6.0,3,1.0,ACCEPT,ICLR,Accept,accept_tier,4.666666666666667
ICLR_26_40,native_fluent,llama_3.1_8b,7.333333333333333,3,1.0,ACCEPT,ICLR,Accept,accept_tier,4.666666666666667
ICLR_26_40,native_fluent,llama_3.2_3b,7.333333333333333,3,1.0,ACCEPT,ICLR,Accept,accept_tier,4.666666666666667
ICLR_26_40,native_fluent,ministral3_14b,7.0,3,1.0,ACCEPT,ICLR,Accept,accept_tier,4.666666666666667
ICLR_26_40,native_fluent,ministral3_8b,7.333333333333333,3,0.3333333333333333,REJECT,ICLR,Accept,accept_tier,4.666666666666667
ICLR_26_40,native_fluent,qwen2.5_32b,7.0,3,1.0,ACCEPT,ICLR,Accept,accept_tier,4.666666666666667
ICLR_26_40,native_fluent,qwen2.5_3b,7.0,3,1.0,ACCEPT,ICLR,Accept,accept_tier,4.666666666666667
ICLR_26_40,native_fluent,qwen2.5_7b,8.0,3,1.0,ACCEPT,ICLR,Accept,accept_tier,4.666666666666667
ICLR_26_40,original,gemma4_31b,3.6666666666666665,3,0.0,REJECT,ICLR,Accept,accept_tier,4.666666666666667
ICLR_26_40,original,gemma4_e4b,6.0,3,1.0,ACCEPT,ICLR,Accept,accept_tier,4.666666666666667
ICLR_26_40,original,llama_3.1_8b,6.333333333333333,3,1.0,ACCEPT,ICLR,Accept,accept_tier,4.666666666666667
ICLR_26_40,original,llama_3.2_3b,7.333333333333333,3,1.0,ACCEPT,ICLR,Accept,accept_tier,4.666666666666667
ICLR_26_40,original,ministral3_14b,7.0,3,1.0,ACCEPT,ICLR,Accept,accept_tier,4.666666666666667
ICLR_26_40,original,ministral3_8b,6.666666666666667,3,0.0,REJECT,ICLR,Accept,accept_tier,4.666666666666667
ICLR_26_40,original,qwen2.5_32b,7.0,3,1.0,ACCEPT,ICLR,Accept,accept_tier,4.666666666666667
ICLR_26_40,original,qwen2.5_3b,7.0,3,1.0,ACCEPT,ICLR,Accept,accept_tier,4.666666666666667
ICLR_26_40,original,qwen2.5_7b,8.0,3,1.0,ACCEPT,ICLR,Accept,accept_tier,4.666666666666667
ICLR_26_40,overclaiming,gemma4_31b,3.0,3,0.0,REJECT,ICLR,Accept,accept_tier,4.666666666666667
ICLR_26_40,overclaiming,gemma4_e4b,6.0,3,1.0,ACCEPT,ICLR,Accept,accept_tier,4.666666666666667
ICLR_26_40,overclaiming,llama_3.1_8b,7.0,3,1.0,ACCEPT,ICLR,Accept,accept_tier,4.666666666666667
ICLR_26_40,overclaiming,llama_3.2_3b,7.666666666666667,3,1.0,ACCEPT,ICLR,Accept,accept_tier,4.666666666666667
ICLR_26_40,overclaiming,ministral3_14b,8.0,3,1.0,ACCEPT,ICLR,Accept,accept_tier,4.666666666666667
ICLR_26_40,overclaiming,ministral3_8b,7.666666666666667,3,0.3333333333333333,REJECT,ICLR,Accept,accept_tier,4.666666666666667
ICLR_26_40,overclaiming,qwen2.5_32b,8.0,3,1.0,ACCEPT,ICLR,Accept,accept_tier,4.666666666666667
ICLR_26_40,overclaiming,qwen2.5_3b,6.333333333333333,3,0.0,REJECT,ICLR,Accept,accept_tier,4.666666666666667
ICLR_26_40,overclaiming,qwen2.5_7b,8.0,3,1.0,ACCEPT,ICLR,Accept,accept_tier,4.666666666666667
ICLR_26_41,assertive,gemma4_31b,5.0,3,0.0,REJECT,ICLR,Accept,accept_tier,6.5
ICLR_26_41,assertive,gemma4_e4b,7.0,3,1.0,ACCEPT,ICLR,Accept,accept_tier,6.5
ICLR_26_41,assertive,llama_3.1_8b,8.333333333333334,3,1.0,ACCEPT,ICLR,Accept,accept_tier,6.5
ICLR_26_41,assertive,llama_3.2_3b,8.0,3,1.0,ACCEPT,ICLR,Accept,accept_tier,6.5
ICLR_26_41,assertive,ministral3_14b,8.0,3,1.0,ACCEPT,ICLR,Accept,accept_tier,6.5
ICLR_26_41,assertive,ministral3_8b,8.333333333333334,3,0.6666666666666666,ACCEPT,ICLR,Accept,accept_tier,6.5
ICLR_26_41,assertive,qwen2.5_32b,8.0,3,1.0,ACCEPT,ICLR,Accept,accept_tier,6.5
ICLR_26_41,assertive,qwen2.5_3b,8.0,3,1.0,ACCEPT,ICLR,Accept,accept_tier,6.5
ICLR_26_41,assertive,qwen2.5_7b,8.333333333333334,3,1.0,ACCEPT,ICLR,Accept,accept_tier,6.5
ICLR_26_41,hedged,gemma4_31b,4.0,3,0.0,REJECT,ICLR,Accept,accept_tier,6.5
ICLR_26_41,hedged,gemma4_e4b,6.0,3,1.0,ACCEPT,ICLR,Accept,accept_tier,6.5
ICLR_26_41,hedged,llama_3.1_8b,8.0,3,1.0,ACCEPT,ICLR,Accept,accept_tier,6.5
ICLR_26_41,hedged,llama_3.2_3b,7.666666666666667,3,1.0,ACCEPT,ICLR,Accept,accept_tier,6.5
ICLR_26_41,hedged,ministral3_14b,8.0,3,1.0,ACCEPT,ICLR,Accept,accept_tier,6.5
ICLR_26_41,hedged,ministral3_8b,8.0,3,0.6666666666666666,ACCEPT,ICLR,Accept,accept_tier,6.5
ICLR_26_41,hedged,qwen2.5_32b,7.0,3,1.0,ACCEPT,ICLR,Accept,accept_tier,6.5
ICLR_26_41,hedged,qwen2.5_3b,8.0,3,1.0,ACCEPT,ICLR,Accept,accept_tier,6.5
ICLR_26_41,hedged,qwen2.5_7b,8.0,3,1.0,ACCEPT,ICLR,Accept,accept_tier,6.5
ICLR_26_41,l2_grounded,gemma4_31b,4.666666666666667,3,0.0,REJECT,ICLR,Accept,accept_tier,6.5
ICLR_26_41,l2_grounded,gemma4_e4b,6.666666666666667,3,1.0,ACCEPT,ICLR,Accept,accept_tier,6.5
ICLR_26_41,l2_grounded,llama_3.1_8b,8.0,3,1.0,ACCEPT,ICLR,Accept,accept_tier,6.5
ICLR_26_41,l2_grounded,llama_3.2_3b,8.0,3,1.0,ACCEPT,ICLR,Accept,accept_tier,6.5
ICLR_26_41,l2_grounded,ministral3_14b,8.0,3,1.0,ACCEPT,ICLR,Accept,accept_tier,6.5
ICLR_26_41,l2_grounded,ministral3_8b,8.666666666666666,3,1.0,ACCEPT,ICLR,Accept,accept_tier,6.5
ICLR_26_41,l2_grounded,qwen2.5_32b,7.666666666666667,3,1.0,ACCEPT,ICLR,Accept,accept_tier,6.5
ICLR_26_41,l2_grounded,qwen2.5_3b,8.0,3,1.0,ACCEPT,ICLR,Accept,accept_tier,6.5
ICLR_26_41,l2_grounded,qwen2.5_7b,8.333333333333334,3,1.0,ACCEPT,ICLR,Accept,accept_tier,6.5
ICLR_26_41,native_fluent,gemma4_31b,4.0,3,0.0,REJECT,ICLR,Accept,accept_tier,6.5
ICLR_26_41,native_fluent,gemma4_e4b,7.0,3,1.0,ACCEPT,ICLR,Accept,accept_tier,6.5
ICLR_26_41,native_fluent,llama_3.1_8b,8.0,3,1.0,ACCEPT,ICLR,Accept,accept_tier,6.5
ICLR_26_41,native_fluent,llama_3.2_3b,7.666666666666667,3,1.0,ACCEPT,ICLR,Accept,accept_tier,6.5
ICLR_26_41,native_fluent,ministral3_14b,8.0,3,1.0,ACCEPT,ICLR,Accept,accept_tier,6.5
ICLR_26_41,native_fluent,ministral3_8b,8.333333333333334,3,0.6666666666666666,ACCEPT,ICLR,Accept,accept_tier,6.5
ICLR_26_41,native_fluent,qwen2.5_32b,7.333333333333333,3,1.0,ACCEPT,ICLR,Accept,accept_tier,6.5
ICLR_26_41,native_fluent,qwen2.5_3b,8.0,3,1.0,ACCEPT,ICLR,Accept,accept_tier,6.5
ICLR_26_41,native_fluent,qwen2.5_7b,8.333333333333334,3,1.0,ACCEPT,ICLR,Accept,accept_tier,6.5
ICLR_26_41,original,gemma4_31b,5.0,3,0.0,REJECT,ICLR,Accept,accept_tier,6.5
ICLR_26_41,original,gemma4_e4b,7.0,3,1.0,ACCEPT,ICLR,Accept,accept_tier,6.5
ICLR_26_41,original,llama_3.1_8b,8.333333333333334,3,1.0,ACCEPT,ICLR,Accept,accept_tier,6.5
ICLR_26_41,original,llama_3.2_3b,8.0,3,1.0,ACCEPT,ICLR,Accept,accept_tier,6.5
ICLR_26_41,original,ministral3_14b,8.0,3,1.0,ACCEPT,ICLR,Accept,accept_tier,6.5
ICLR_26_41,original,ministral3_8b,8.333333333333334,3,0.3333333333333333,REJECT,ICLR,Accept,accept_tier,6.5
ICLR_26_41,original,qwen2.5_32b,7.666666666666667,3,1.0,ACCEPT,ICLR,Accept,accept_tier,6.5
ICLR_26_41,original,qwen2.5_3b,8.0,3,1.0,ACCEPT,ICLR,Accept,accept_tier,6.5
ICLR_26_41,original,qwen2.5_7b,8.333333333333334,3,1.0,ACCEPT,ICLR,Accept,accept_tier,6.5
ICLR_26_41,overclaiming,gemma4_31b,3.0,3,0.0,REJECT,ICLR,Accept,accept_tier,6.5
ICLR_26_41,overclaiming,gemma4_e4b,6.333333333333333,3,1.0,ACCEPT,ICLR,Accept,accept_tier,6.5
ICLR_26_41,overclaiming,llama_3.1_8b,8.0,3,1.0,ACCEPT,ICLR,Accept,accept_tier,6.5
ICLR_26_41,overclaiming,llama_3.2_3b,8.0,3,1.0,ACCEPT,ICLR,Accept,accept_tier,6.5
ICLR_26_41,overclaiming,ministral3_14b,6.0,3,0.0,REJECT,ICLR,Accept,accept_tier,6.5
ICLR_26_41,overclaiming,ministral3_8b,8.0,3,1.0,ACCEPT,ICLR,Accept,accept_tier,6.5
ICLR_26_41,overclaiming,qwen2.5_32b,8.0,3,1.0,ACCEPT,ICLR,Accept,accept_tier,6.5
ICLR_26_41,overclaiming,qwen2.5_3b,8.666666666666666,3,1.0,ACCEPT,ICLR,Accept,accept_tier,6.5
ICLR_26_41,overclaiming,qwen2.5_7b,8.333333333333334,3,1.0,ACCEPT,ICLR,Accept,accept_tier,6.5
ICLR_26_42,assertive,gemma4_31b,8.0,3,1.0,ACCEPT,ICLR,Accept,accept_tier,5.0
ICLR_26_42,assertive,gemma4_e4b,8.0,3,1.0,ACCEPT,ICLR,Accept,accept_tier,5.0
ICLR_26_42,assertive,llama_3.1_8b,8.333333333333334,3,1.0,ACCEPT,ICLR,Accept,accept_tier,5.0
ICLR_26_42,assertive,llama_3.2_3b,8.0,3,1.0,ACCEPT,ICLR,Accept,accept_tier,5.0
ICLR_26_42,assertive,ministral3_14b,9.0,3,1.0,ACCEPT,ICLR,Accept,accept_tier,5.0
ICLR_26_42,assertive,ministral3_8b,9.0,3,1.0,ACCEPT,ICLR,Accept,accept_tier,5.0
ICLR_26_42,assertive,qwen2.5_32b,8.0,3,1.0,ACCEPT,ICLR,Accept,accept_tier,5.0
ICLR_26_42,assertive,qwen2.5_3b,8.666666666666666,3,1.0,ACCEPT,ICLR,Accept,accept_tier,5.0
ICLR_26_42,assertive,qwen2.5_7b,8.333333333333334,3,1.0,ACCEPT,ICLR,Accept,accept_tier,5.0
ICLR_26_42,hedged,gemma4_31b,7.0,3,1.0,ACCEPT,ICLR,Accept,accept_tier,5.0
ICLR_26_42,hedged,gemma4_e4b,6.0,3,1.0,ACCEPT,ICLR,Accept,accept_tier,5.0
ICLR_26_42,hedged,llama_3.1_8b,7.666666666666667,3,1.0,ACCEPT,ICLR,Accept,accept_tier,5.0
ICLR_26_42,hedged,llama_3.2_3b,7.666666666666667,3,1.0,ACCEPT,ICLR,Accept,accept_tier,5.0
ICLR_26_42,hedged,ministral3_14b,8.0,3,1.0,ACCEPT,ICLR,Accept,accept_tier,5.0
ICLR_26_42,hedged,ministral3_8b,7.666666666666667,3,1.0,ACCEPT,ICLR,Accept,accept_tier,5.0
ICLR_26_42,hedged,qwen2.5_32b,7.0,3,1.0,ACCEPT,ICLR,Accept,accept_tier,5.0
ICLR_26_42,hedged,qwen2.5_3b,7.0,3,1.0,ACCEPT,ICLR,Accept,accept_tier,5.0
ICLR_26_42,hedged,qwen2.5_7b,8.0,3,1.0,ACCEPT,ICLR,Accept,accept_tier,5.0
ICLR_26_42,l2_grounded,gemma4_31b,7.666666666666667,3,1.0,ACCEPT,ICLR,Accept,accept_tier,5.0
ICLR_26_42,l2_grounded,gemma4_e4b,7.0,3,1.0,ACCEPT,ICLR,Accept,accept_tier,5.0
ICLR_26_42,l2_grounded,llama_3.1_8b,8.0,3,1.0,ACCEPT,ICLR,Accept,accept_tier,5.0
ICLR_26_42,l2_grounded,llama_3.2_3b,7.333333333333333,3,1.0,ACCEPT,ICLR,Accept,accept_tier,5.0
ICLR_26_42,l2_grounded,ministral3_14b,8.666666666666666,3,1.0,ACCEPT,ICLR,Accept,accept_tier,5.0
ICLR_26_42,l2_grounded,ministral3_8b,8.666666666666666,3,1.0,ACCEPT,ICLR,Accept,accept_tier,5.0
ICLR_26_42,l2_grounded,qwen2.5_32b,8.0,3,1.0,ACCEPT,ICLR,Accept,accept_tier,5.0
ICLR_26_42,l2_grounded,qwen2.5_3b,8.333333333333334,3,1.0,ACCEPT,ICLR,Accept,accept_tier,5.0
ICLR_26_42,l2_grounded,qwen2.5_7b,8.0,3,1.0,ACCEPT,ICLR,Accept,accept_tier,5.0
ICLR_26_42,native_fluent,gemma4_31b,8.0,3,1.0,ACCEPT,ICLR,Accept,accept_tier,5.0
ICLR_26_42,native_fluent,gemma4_e4b,7.666666666666667,3,1.0,ACCEPT,ICLR,Accept,accept_tier,5.0
ICLR_26_42,native_fluent,llama_3.1_8b,8.0,3,1.0,ACCEPT,ICLR,Accept,accept_tier,5.0
ICLR_26_42,native_fluent,llama_3.2_3b,8.0,3,1.0,ACCEPT,ICLR,Accept,accept_tier,5.0
ICLR_26_42,native_fluent,ministral3_14b,9.0,3,1.0,ACCEPT,ICLR,Accept,accept_tier,5.0
ICLR_26_42,native_fluent,ministral3_8b,8.666666666666666,3,1.0,ACCEPT,ICLR,Accept,accept_tier,5.0
ICLR_26_42,native_fluent,qwen2.5_32b,8.0,3,1.0,ACCEPT,ICLR,Accept,accept_tier,5.0
ICLR_26_42,native_fluent,qwen2.5_3b,8.333333333333334,3,1.0,ACCEPT,ICLR,Accept,accept_tier,5.0
ICLR_26_42,native_fluent,qwen2.5_7b,8.0,3,1.0,ACCEPT,ICLR,Accept,accept_tier,5.0
ICLR_26_42,original,gemma4_31b,7.666666666666667,3,1.0,ACCEPT,ICLR,Accept,accept_tier,5.0
ICLR_26_42,original,gemma4_e4b,7.666666666666667,3,1.0,ACCEPT,ICLR,Accept,accept_tier,5.0
ICLR_26_42,original,llama_3.1_8b,8.0,3,1.0,ACCEPT,ICLR,Accept,accept_tier,5.0
ICLR_26_42,original,llama_3.2_3b,8.0,3,1.0,ACCEPT,ICLR,Accept,accept_tier,5.0
ICLR_26_42,original,ministral3_14b,9.0,3,1.0,ACCEPT,ICLR,Accept,accept_tier,5.0
ICLR_26_42,original,ministral3_8b,9.333333333333334,3,1.0,ACCEPT,ICLR,Accept,accept_tier,5.0
ICLR_26_42,original,qwen2.5_32b,8.0,3,1.0,ACCEPT,ICLR,Accept,accept_tier,5.0
ICLR_26_42,original,qwen2.5_3b,8.0,3,1.0,ACCEPT,ICLR,Accept,accept_tier,5.0
ICLR_26_42,original,qwen2.5_7b,8.333333333333334,3,1.0,ACCEPT,ICLR,Accept,accept_tier,5.0
ICLR_26_42,overclaiming,gemma4_31b,3.0,3,0.0,REJECT,ICLR,Accept,accept_tier,5.0
ICLR_26_42,overclaiming,gemma4_e4b,6.666666666666667,3,1.0,ACCEPT,ICLR,Accept,accept_tier,5.0
ICLR_26_42,overclaiming,llama_3.1_8b,6.666666666666667,3,1.0,ACCEPT,ICLR,Accept,accept_tier,5.0
ICLR_26_42,overclaiming,llama_3.2_3b,8.0,3,1.0,ACCEPT,ICLR,Accept,accept_tier,5.0
ICLR_26_42,overclaiming,ministral3_14b,7.666666666666667,3,1.0,ACCEPT,ICLR,Accept,accept_tier,5.0
ICLR_26_42,overclaiming,ministral3_8b,8.666666666666666,3,1.0,ACCEPT,ICLR,Accept,accept_tier,5.0
ICLR_26_42,overclaiming,qwen2.5_32b,8.0,3,1.0,ACCEPT,ICLR,Accept,accept_tier,5.0
ICLR_26_42,overclaiming,qwen2.5_3b,9.0,3,1.0,ACCEPT,ICLR,Accept,accept_tier,5.0
ICLR_26_42,overclaiming,qwen2.5_7b,9.0,3,1.0,ACCEPT,ICLR,Accept,accept_tier,5.0
ICLR_26_43,assertive,gemma4_31b,3.0,3,0.0,REJECT,ICLR,Accept,accept_tier,7.333333333333333
ICLR_26_43,assertive,gemma4_e4b,8.0,3,1.0,ACCEPT,ICLR,Accept,accept_tier,7.333333333333333
ICLR_26_43,assertive,llama_3.1_8b,8.0,3,1.0,ACCEPT,ICLR,Accept,accept_tier,7.333333333333333
ICLR_26_43,assertive,llama_3.2_3b,8.0,3,1.0,ACCEPT,ICLR,Accept,accept_tier,7.333333333333333
ICLR_26_43,assertive,ministral3_14b,8.666666666666666,3,1.0,ACCEPT,ICLR,Accept,accept_tier,7.333333333333333
ICLR_26_43,assertive,ministral3_8b,9.0,3,1.0,ACCEPT,ICLR,Accept,accept_tier,7.333333333333333
ICLR_26_43,assertive,qwen2.5_32b,8.0,3,1.0,ACCEPT,ICLR,Accept,accept_tier,7.333333333333333
ICLR_26_43,assertive,qwen2.5_3b,8.0,3,1.0,ACCEPT,ICLR,Accept,accept_tier,7.333333333333333
ICLR_26_43,assertive,qwen2.5_7b,8.666666666666666,3,1.0,ACCEPT,ICLR,Accept,accept_tier,7.333333333333333
ICLR_26_43,hedged,gemma4_31b,3.0,3,0.0,REJECT,ICLR,Accept,accept_tier,7.333333333333333
ICLR_26_43,hedged,gemma4_e4b,7.0,3,1.0,ACCEPT,ICLR,Accept,accept_tier,7.333333333333333
ICLR_26_43,hedged,llama_3.1_8b,8.0,3,1.0,ACCEPT,ICLR,Accept,accept_tier,7.333333333333333
ICLR_26_43,hedged,llama_3.2_3b,8.0,3,1.0,ACCEPT,ICLR,Accept,accept_tier,7.333333333333333
ICLR_26_43,hedged,ministral3_14b,8.333333333333334,3,1.0,ACCEPT,ICLR,Accept,accept_tier,7.333333333333333
ICLR_26_43,hedged,ministral3_8b,8.333333333333334,3,1.0,ACCEPT,ICLR,Accept,accept_tier,7.333333333333333
ICLR_26_43,hedged,qwen2.5_32b,8.0,3,1.0,ACCEPT,ICLR,Accept,accept_tier,7.333333333333333
ICLR_26_43,hedged,qwen2.5_3b,8.0,3,1.0,ACCEPT,ICLR,Accept,accept_tier,7.333333333333333
ICLR_26_43,hedged,qwen2.5_7b,8.0,3,1.0,ACCEPT,ICLR,Accept,accept_tier,7.333333333333333
ICLR_26_43,l2_grounded,gemma4_31b,3.0,3,0.0,REJECT,ICLR,Accept,accept_tier,7.333333333333333
ICLR_26_43,l2_grounded,gemma4_e4b,8.0,3,1.0,ACCEPT,ICLR,Accept,accept_tier,7.333333333333333
ICLR_26_43,l2_grounded,llama_3.1_8b,8.0,3,1.0,ACCEPT,ICLR,Accept,accept_tier,7.333333333333333
ICLR_26_43,l2_grounded,llama_3.2_3b,8.0,3,1.0,ACCEPT,ICLR,Accept,accept_tier,7.333333333333333
ICLR_26_43,l2_grounded,ministral3_14b,9.0,3,1.0,ACCEPT,ICLR,Accept,accept_tier,7.333333333333333
ICLR_26_43,l2_grounded,ministral3_8b,9.0,3,1.0,ACCEPT,ICLR,Accept,accept_tier,7.333333333333333
ICLR_26_43,l2_grounded,qwen2.5_32b,8.0,3,1.0,ACCEPT,ICLR,Accept,accept_tier,7.333333333333333
ICLR_26_43,l2_grounded,qwen2.5_3b,8.0,3,1.0,ACCEPT,ICLR,Accept,accept_tier,7.333333333333333
ICLR_26_43,l2_grounded,qwen2.5_7b,9.0,3,1.0,ACCEPT,ICLR,Accept,accept_tier,7.333333333333333
ICLR_26_43,native_fluent,gemma4_31b,4.333333333333333,3,0.0,REJECT,ICLR,Accept,accept_tier,7.333333333333333
ICLR_26_43,native_fluent,gemma4_e4b,8.0,3,1.0,ACCEPT,ICLR,Accept,accept_tier,7.333333333333333
ICLR_26_43,native_fluent,llama_3.1_8b,8.0,3,1.0,ACCEPT,ICLR,Accept,accept_tier,7.333333333333333
ICLR_26_43,native_fluent,llama_3.2_3b,8.0,3,1.0,ACCEPT,ICLR,Accept,accept_tier,7.333333333333333
ICLR_26_43,native_fluent,ministral3_14b,9.0,3,1.0,ACCEPT,ICLR,Accept,accept_tier,7.333333333333333
ICLR_26_43,native_fluent,ministral3_8b,8.666666666666666,3,1.0,ACCEPT,ICLR,Accept,accept_tier,7.333333333333333
ICLR_26_43,native_fluent,qwen2.5_32b,8.0,3,1.0,ACCEPT,ICLR,Accept,accept_tier,7.333333333333333
ICLR_26_43,native_fluent,qwen2.5_3b,8.0,3,1.0,ACCEPT,ICLR,Accept,accept_tier,7.333333333333333
ICLR_26_43,native_fluent,qwen2.5_7b,9.0,3,1.0,ACCEPT,ICLR,Accept,accept_tier,7.333333333333333
ICLR_26_43,original,gemma4_31b,3.0,3,0.0,REJECT,ICLR,Accept,accept_tier,7.333333333333333
ICLR_26_43,original,gemma4_e4b,8.0,3,1.0,ACCEPT,ICLR,Accept,accept_tier,7.333333333333333
ICLR_26_43,original,llama_3.1_8b,8.0,3,1.0,ACCEPT,ICLR,Accept,accept_tier,7.333333333333333
ICLR_26_43,original,llama_3.2_3b,8.0,3,1.0,ACCEPT,ICLR,Accept,accept_tier,7.333333333333333
ICLR_26_43,original,ministral3_14b,9.0,3,1.0,ACCEPT,ICLR,Accept,accept_tier,7.333333333333333
ICLR_26_43,original,ministral3_8b,8.666666666666666,3,1.0,ACCEPT,ICLR,Accept,accept_tier,7.333333333333333
ICLR_26_43,original,qwen2.5_32b,8.0,3,1.0,ACCEPT,ICLR,Accept,accept_tier,7.333333333333333
ICLR_26_43,original,qwen2.5_3b,8.0,3,1.0,ACCEPT,ICLR,Accept,accept_tier,7.333333333333333
ICLR_26_43,original,qwen2.5_7b,9.0,3,1.0,ACCEPT,ICLR,Accept,accept_tier,7.333333333333333
ICLR_26_43,overclaiming,gemma4_31b,3.0,3,0.0,REJECT,ICLR,Accept,accept_tier,7.333333333333333
ICLR_26_43,overclaiming,gemma4_e4b,6.333333333333333,3,1.0,ACCEPT,ICLR,Accept,accept_tier,7.333333333333333
ICLR_26_43,overclaiming,llama_3.1_8b,7.666666666666667,3,1.0,ACCEPT,ICLR,Accept,accept_tier,7.333333333333333
ICLR_26_43,overclaiming,llama_3.2_3b,8.0,3,1.0,ACCEPT,ICLR,Accept,accept_tier,7.333333333333333
ICLR_26_43,overclaiming,ministral3_14b,7.666666666666667,3,1.0,ACCEPT,ICLR,Accept,accept_tier,7.333333333333333
ICLR_26_43,overclaiming,ministral3_8b,8.333333333333334,3,0.6666666666666666,ACCEPT,ICLR,Accept,accept_tier,7.333333333333333
ICLR_26_43,overclaiming,qwen2.5_32b,8.0,3,1.0,ACCEPT,ICLR,Accept,accept_tier,7.333333333333333
ICLR_26_43,overclaiming,qwen2.5_3b,8.333333333333334,3,1.0,ACCEPT,ICLR,Accept,accept_tier,7.333333333333333
ICLR_26_43,overclaiming,qwen2.5_7b,9.0,3,1.0,ACCEPT,ICLR,Accept,accept_tier,7.333333333333333
ICLR_26_44,assertive,gemma4_31b,7.0,3,1.0,ACCEPT,ICLR,Accept,accept_tier,4.0
ICLR_26_44,assertive,gemma4_e4b,7.666666666666667,3,1.0,ACCEPT,ICLR,Accept,accept_tier,4.0
ICLR_26_44,assertive,llama_3.1_8b,8.0,3,1.0,ACCEPT,ICLR,Accept,accept_tier,4.0
ICLR_26_44,assertive,llama_3.2_3b,8.0,3,1.0,ACCEPT,ICLR,Accept,accept_tier,4.0
ICLR_26_44,assertive,ministral3_14b,8.333333333333334,3,1.0,ACCEPT,ICLR,Accept,accept_tier,4.0
ICLR_26_44,assertive,ministral3_8b,8.0,3,0.6666666666666666,ACCEPT,ICLR,Accept,accept_tier,4.0
ICLR_26_44,assertive,qwen2.5_32b,8.0,3,1.0,ACCEPT,ICLR,Accept,accept_tier,4.0
ICLR_26_44,assertive,qwen2.5_3b,8.666666666666666,3,1.0,ACCEPT,ICLR,Accept,accept_tier,4.0
ICLR_26_44,assertive,qwen2.5_7b,8.0,3,1.0,ACCEPT,ICLR,Accept,accept_tier,4.0
ICLR_26_44,hedged,gemma4_31b,6.333333333333333,3,0.3333333333333333,REJECT,ICLR,Accept,accept_tier,4.0
ICLR_26_44,hedged,gemma4_e4b,7.0,3,1.0,ACCEPT,ICLR,Accept,accept_tier,4.0
ICLR_26_44,hedged,llama_3.1_8b,8.0,3,1.0,ACCEPT,ICLR,Accept,accept_tier,4.0
ICLR_26_44,hedged,llama_3.2_3b,8.0,3,1.0,ACCEPT,ICLR,Accept,accept_tier,4.0
ICLR_26_44,hedged,ministral3_14b,7.666666666666667,3,1.0,ACCEPT,ICLR,Accept,accept_tier,4.0
ICLR_26_44,hedged,ministral3_8b,7.333333333333333,3,0.3333333333333333,REJECT,ICLR,Accept,accept_tier,4.0
ICLR_26_44,hedged,qwen2.5_32b,8.0,3,1.0,ACCEPT,ICLR,Accept,accept_tier,4.0
ICLR_26_44,hedged,qwen2.5_3b,8.0,3,1.0,ACCEPT,ICLR,Accept,accept_tier,4.0
ICLR_26_44,hedged,qwen2.5_7b,8.0,3,1.0,ACCEPT,ICLR,Accept,accept_tier,4.0
ICLR_26_44,l2_grounded,gemma4_31b,7.0,3,1.0,ACCEPT,ICLR,Accept,accept_tier,4.0
ICLR_26_44,l2_grounded,gemma4_e4b,7.0,3,1.0,ACCEPT,ICLR,Accept,accept_tier,4.0
ICLR_26_44,l2_grounded,llama_3.1_8b,8.0,3,1.0,ACCEPT,ICLR,Accept,accept_tier,4.0
ICLR_26_44,l2_grounded,llama_3.2_3b,8.0,3,1.0,ACCEPT,ICLR,Accept,accept_tier,4.0
ICLR_26_44,l2_grounded,ministral3_14b,8.0,3,1.0,ACCEPT,ICLR,Accept,accept_tier,4.0
ICLR_26_44,l2_grounded,ministral3_8b,8.0,3,0.6666666666666666,ACCEPT,ICLR,Accept,accept_tier,4.0
ICLR_26_44,l2_grounded,qwen2.5_32b,8.0,3,1.0,ACCEPT,ICLR,Accept,accept_tier,4.0
ICLR_26_44,l2_grounded,qwen2.5_3b,8.0,3,1.0,ACCEPT,ICLR,Accept,accept_tier,4.0
ICLR_26_44,l2_grounded,qwen2.5_7b,8.0,3,1.0,ACCEPT,ICLR,Accept,accept_tier,4.0
ICLR_26_44,native_fluent,gemma4_31b,7.0,3,1.0,ACCEPT,ICLR,Accept,accept_tier,4.0
ICLR_26_44,native_fluent,gemma4_e4b,7.333333333333333,3,1.0,ACCEPT,ICLR,Accept,accept_tier,4.0
ICLR_26_44,native_fluent,llama_3.1_8b,8.0,3,1.0,ACCEPT,ICLR,Accept,accept_tier,4.0
ICLR_26_44,native_fluent,llama_3.2_3b,7.333333333333333,3,1.0,ACCEPT,ICLR,Accept,accept_tier,4.0
ICLR_26_44,native_fluent,ministral3_14b,8.0,3,1.0,ACCEPT,ICLR,Accept,accept_tier,4.0
ICLR_26_44,native_fluent,ministral3_8b,8.0,3,1.0,ACCEPT,ICLR,Accept,accept_tier,4.0
ICLR_26_44,native_fluent,qwen2.5_32b,8.0,3,1.0,ACCEPT,ICLR,Accept,accept_tier,4.0
ICLR_26_44,native_fluent,qwen2.5_3b,8.333333333333334,3,1.0,ACCEPT,ICLR,Accept,accept_tier,4.0
ICLR_26_44,native_fluent,qwen2.5_7b,8.0,3,1.0,ACCEPT,ICLR,Accept,accept_tier,4.0
ICLR_26_44,original,gemma4_31b,7.0,3,1.0,ACCEPT,ICLR,Accept,accept_tier,4.0
ICLR_26_44,original,gemma4_e4b,7.666666666666667,3,1.0,ACCEPT,ICLR,Accept,accept_tier,4.0
ICLR_26_44,original,llama_3.1_8b,8.0,3,1.0,ACCEPT,ICLR,Accept,accept_tier,4.0
ICLR_26_44,original,llama_3.2_3b,8.0,3,1.0,ACCEPT,ICLR,Accept,accept_tier,4.0
ICLR_26_44,original,ministral3_14b,8.0,3,1.0,ACCEPT,ICLR,Accept,accept_tier,4.0
ICLR_26_44,original,ministral3_8b,8.333333333333334,3,1.0,ACCEPT,ICLR,Accept,accept_tier,4.0
ICLR_26_44,original,qwen2.5_32b,8.0,3,1.0,ACCEPT,ICLR,Accept,accept_tier,4.0
ICLR_26_44,original,qwen2.5_3b,8.0,3,1.0,ACCEPT,ICLR,Accept,accept_tier,4.0
ICLR_26_44,original,qwen2.5_7b,8.0,3,1.0,ACCEPT,ICLR,Accept,accept_tier,4.0
ICLR_26_44,overclaiming,gemma4_31b,3.0,3,0.0,REJECT,ICLR,Accept,accept_tier,4.0
ICLR_26_44,overclaiming,gemma4_e4b,6.0,3,1.0,ACCEPT,ICLR,Accept,accept_tier,4.0
ICLR_26_44,overclaiming,llama_3.1_8b,8.0,3,1.0,ACCEPT,ICLR,Accept,accept_tier,4.0
ICLR_26_44,overclaiming,llama_3.2_3b,8.0,3,1.0,ACCEPT,ICLR,Accept,accept_tier,4.0
ICLR_26_44,overclaiming,ministral3_14b,6.0,3,0.0,REJECT,ICLR,Accept,accept_tier,4.0
ICLR_26_44,overclaiming,ministral3_8b,7.0,3,0.3333333333333333,REJECT,ICLR,Accept,accept_tier,4.0
ICLR_26_44,overclaiming,qwen2.5_32b,7.0,3,1.0,ACCEPT,ICLR,Accept,accept_tier,4.0
ICLR_26_44,overclaiming,qwen2.5_3b,8.666666666666666,3,1.0,ACCEPT,ICLR,Accept,accept_tier,4.0
ICLR_26_44,overclaiming,qwen2.5_7b,8.0,3,1.0,ACCEPT,ICLR,Accept,accept_tier,4.0
ICLR_26_45,assertive,gemma4_31b,6.0,3,0.3333333333333333,REJECT,ICLR,Accept,accept_tier,6.0
ICLR_26_45,assertive,gemma4_e4b,7.0,3,1.0,ACCEPT,ICLR,Accept,accept_tier,6.0
ICLR_26_45,assertive,llama_3.1_8b,7.666666666666667,3,1.0,ACCEPT,ICLR,Accept,accept_tier,6.0
ICLR_26_45,assertive,llama_3.2_3b,7.666666666666667,3,1.0,ACCEPT,ICLR,Accept,accept_tier,6.0
ICLR_26_45,assertive,ministral3_14b,8.0,3,1.0,ACCEPT,ICLR,Accept,accept_tier,6.0
ICLR_26_45,assertive,ministral3_8b,7.0,3,0.0,REJECT,ICLR,Accept,accept_tier,6.0
ICLR_26_45,assertive,qwen2.5_32b,7.0,3,1.0,ACCEPT,ICLR,Accept,accept_tier,6.0
ICLR_26_45,assertive,qwen2.5_3b,7.0,3,1.0,ACCEPT,ICLR,Accept,accept_tier,6.0
ICLR_26_45,assertive,qwen2.5_7b,8.333333333333334,3,1.0,ACCEPT,ICLR,Accept,accept_tier,6.0
ICLR_26_45,hedged,gemma4_31b,4.0,3,0.0,REJECT,ICLR,Accept,accept_tier,6.0
ICLR_26_45,hedged,gemma4_e4b,7.0,3,1.0,ACCEPT,ICLR,Accept,accept_tier,6.0
ICLR_26_45,hedged,llama_3.1_8b,7.0,3,1.0,ACCEPT,ICLR,Accept,accept_tier,6.0
ICLR_26_45,hedged,llama_3.2_3b,7.333333333333333,3,1.0,ACCEPT,ICLR,Accept,accept_tier,6.0
ICLR_26_45,hedged,ministral3_14b,7.333333333333333,3,1.0,ACCEPT,ICLR,Accept,accept_tier,6.0
ICLR_26_45,hedged,ministral3_8b,7.0,3,0.0,REJECT,ICLR,Accept,accept_tier,6.0
ICLR_26_45,hedged,qwen2.5_32b,7.0,3,1.0,ACCEPT,ICLR,Accept,accept_tier,6.0
ICLR_26_45,hedged,qwen2.5_3b,7.0,3,1.0,ACCEPT,ICLR,Accept,accept_tier,6.0
ICLR_26_45,hedged,qwen2.5_7b,7.666666666666667,3,1.0,ACCEPT,ICLR,Accept,accept_tier,6.0
ICLR_26_45,l2_grounded,gemma4_31b,6.0,3,0.0,REJECT,ICLR,Accept,accept_tier,6.0
ICLR_26_45,l2_grounded,gemma4_e4b,7.0,3,1.0,ACCEPT,ICLR,Accept,accept_tier,6.0
ICLR_26_45,l2_grounded,llama_3.1_8b,7.666666666666667,3,1.0,ACCEPT,ICLR,Accept,accept_tier,6.0
ICLR_26_45,l2_grounded,llama_3.2_3b,8.0,3,1.0,ACCEPT,ICLR,Accept,accept_tier,6.0
ICLR_26_45,l2_grounded,ministral3_14b,8.0,3,1.0,ACCEPT,ICLR,Accept,accept_tier,6.0
ICLR_26_45,l2_grounded,ministral3_8b,7.666666666666667,3,0.3333333333333333,REJECT,ICLR,Accept,accept_tier,6.0
ICLR_26_45,l2_grounded,qwen2.5_32b,7.0,3,1.0,ACCEPT,ICLR,Accept,accept_tier,6.0
ICLR_26_45,l2_grounded,qwen2.5_3b,7.0,3,1.0,ACCEPT,ICLR,Accept,accept_tier,6.0
ICLR_26_45,l2_grounded,qwen2.5_7b,8.0,3,1.0,ACCEPT,ICLR,Accept,accept_tier,6.0
ICLR_26_45,native_fluent,gemma4_31b,6.0,3,0.0,REJECT,ICLR,Accept,accept_tier,6.0
ICLR_26_45,native_fluent,gemma4_e4b,7.0,3,1.0,ACCEPT,ICLR,Accept,accept_tier,6.0
ICLR_26_45,native_fluent,llama_3.1_8b,7.666666666666667,3,1.0,ACCEPT,ICLR,Accept,accept_tier,6.0
ICLR_26_45,native_fluent,llama_3.2_3b,7.333333333333333,3,1.0,ACCEPT,ICLR,Accept,accept_tier,6.0
ICLR_26_45,native_fluent,ministral3_14b,8.0,3,1.0,ACCEPT,ICLR,Accept,accept_tier,6.0
ICLR_26_45,native_fluent,ministral3_8b,7.333333333333333,3,0.3333333333333333,REJECT,ICLR,Accept,accept_tier,6.0
ICLR_26_45,native_fluent,qwen2.5_32b,7.0,3,1.0,ACCEPT,ICLR,Accept,accept_tier,6.0
ICLR_26_45,native_fluent,qwen2.5_3b,7.0,3,1.0,ACCEPT,ICLR,Accept,accept_tier,6.0
ICLR_26_45,native_fluent,qwen2.5_7b,7.666666666666667,3,1.0,ACCEPT,ICLR,Accept,accept_tier,6.0
ICLR_26_45,original,gemma4_31b,6.0,3,0.3333333333333333,REJECT,ICLR,Accept,accept_tier,6.0
ICLR_26_45,original,gemma4_e4b,7.0,3,1.0,ACCEPT,ICLR,Accept,accept_tier,6.0
ICLR_26_45,original,llama_3.1_8b,7.333333333333333,3,1.0,ACCEPT,ICLR,Accept,accept_tier,6.0
ICLR_26_45,original,llama_3.2_3b,7.333333333333333,3,1.0,ACCEPT,ICLR,Accept,accept_tier,6.0
ICLR_26_45,original,ministral3_14b,8.0,3,1.0,ACCEPT,ICLR,Accept,accept_tier,6.0
ICLR_26_45,original,ministral3_8b,7.0,3,0.3333333333333333,REJECT,ICLR,Accept,accept_tier,6.0
ICLR_26_45,original,qwen2.5_32b,7.0,3,1.0,ACCEPT,ICLR,Accept,accept_tier,6.0
ICLR_26_45,original,qwen2.5_3b,7.0,3,1.0,ACCEPT,ICLR,Accept,accept_tier,6.0
ICLR_26_45,original,qwen2.5_7b,8.0,3,1.0,ACCEPT,ICLR,Accept,accept_tier,6.0
ICLR_26_45,overclaiming,gemma4_31b,3.6666666666666665,3,0.0,REJECT,ICLR,Accept,accept_tier,6.0
ICLR_26_45,overclaiming,gemma4_e4b,7.0,3,1.0,ACCEPT,ICLR,Accept,accept_tier,6.0
ICLR_26_45,overclaiming,llama_3.1_8b,7.333333333333333,3,1.0,ACCEPT,ICLR,Accept,accept_tier,6.0
ICLR_26_45,overclaiming,llama_3.2_3b,8.0,3,1.0,ACCEPT,ICLR,Accept,accept_tier,6.0
ICLR_26_45,overclaiming,ministral3_14b,8.0,3,1.0,ACCEPT,ICLR,Accept,accept_tier,6.0
ICLR_26_45,overclaiming,ministral3_8b,7.333333333333333,3,0.3333333333333333,REJECT,ICLR,Accept,accept_tier,6.0
ICLR_26_45,overclaiming,qwen2.5_32b,7.333333333333333,3,1.0,ACCEPT,ICLR,Accept,accept_tier,6.0
ICLR_26_45,overclaiming,qwen2.5_3b,7.0,3,1.0,ACCEPT,ICLR,Accept,accept_tier,6.0
ICLR_26_45,overclaiming,qwen2.5_7b,7.333333333333333,3,1.0,ACCEPT,ICLR,Accept,accept_tier,6.0
ICLR_26_46,assertive,gemma4_31b,7.0,3,1.0,ACCEPT,ICLR,Accept,accept_tier,4.4
ICLR_26_46,assertive,gemma4_e4b,7.666666666666667,3,1.0,ACCEPT,ICLR,Accept,accept_tier,4.4
ICLR_26_46,assertive,llama_3.1_8b,8.0,3,1.0,ACCEPT,ICLR,Accept,accept_tier,4.4
ICLR_26_46,assertive,llama_3.2_3b,7.666666666666667,3,1.0,ACCEPT,ICLR,Accept,accept_tier,4.4
ICLR_26_46,assertive,ministral3_14b,8.666666666666666,3,1.0,ACCEPT,ICLR,Accept,accept_tier,4.4
ICLR_26_46,assertive,ministral3_8b,8.666666666666666,3,1.0,ACCEPT,ICLR,Accept,accept_tier,4.4
ICLR_26_46,assertive,qwen2.5_32b,8.0,3,1.0,ACCEPT,ICLR,Accept,accept_tier,4.4
ICLR_26_46,assertive,qwen2.5_3b,9.666666666666666,3,1.0,ACCEPT,ICLR,Accept,accept_tier,4.4
ICLR_26_46,assertive,qwen2.5_7b,9.0,3,1.0,ACCEPT,ICLR,Accept,accept_tier,4.4
ICLR_26_46,hedged,gemma4_31b,4.666666666666667,3,0.0,REJECT,ICLR,Accept,accept_tier,4.4
ICLR_26_46,hedged,gemma4_e4b,6.333333333333333,3,1.0,ACCEPT,ICLR,Accept,accept_tier,4.4
ICLR_26_46,hedged,llama_3.1_8b,7.666666666666667,3,1.0,ACCEPT,ICLR,Accept,accept_tier,4.4
ICLR_26_46,hedged,llama_3.2_3b,7.666666666666667,3,1.0,ACCEPT,ICLR,Accept,accept_tier,4.4
ICLR_26_46,hedged,ministral3_14b,8.0,3,1.0,ACCEPT,ICLR,Accept,accept_tier,4.4
ICLR_26_46,hedged,ministral3_8b,7.666666666666667,3,0.3333333333333333,REJECT,ICLR,Accept,accept_tier,4.4
ICLR_26_46,hedged,qwen2.5_32b,7.0,3,1.0,ACCEPT,ICLR,Accept,accept_tier,4.4
ICLR_26_46,hedged,qwen2.5_3b,8.0,3,1.0,ACCEPT,ICLR,Accept,accept_tier,4.4
ICLR_26_46,hedged,qwen2.5_7b,8.0,3,1.0,ACCEPT,ICLR,Accept,accept_tier,4.4
ICLR_26_46,l2_grounded,gemma4_31b,7.0,3,1.0,ACCEPT,ICLR,Accept,accept_tier,4.4
ICLR_26_46,l2_grounded,gemma4_e4b,7.0,3,1.0,ACCEPT,ICLR,Accept,accept_tier,4.4
ICLR_26_46,l2_grounded,llama_3.1_8b,8.0,3,1.0,ACCEPT,ICLR,Accept,accept_tier,4.4
ICLR_26_46,l2_grounded,llama_3.2_3b,8.0,3,1.0,ACCEPT,ICLR,Accept,accept_tier,4.4
ICLR_26_46,l2_grounded,ministral3_14b,8.666666666666666,3,1.0,ACCEPT,ICLR,Accept,accept_tier,4.4
ICLR_26_46,l2_grounded,ministral3_8b,8.0,3,1.0,ACCEPT,ICLR,Accept,accept_tier,4.4
ICLR_26_46,l2_grounded,qwen2.5_32b,8.0,3,1.0,ACCEPT,ICLR,Accept,accept_tier,4.4
ICLR_26_46,l2_grounded,qwen2.5_3b,8.666666666666666,3,1.0,ACCEPT,ICLR,Accept,accept_tier,4.4
ICLR_26_46,l2_grounded,qwen2.5_7b,8.333333333333334,3,1.0,ACCEPT,ICLR,Accept,accept_tier,4.4
ICLR_26_46,native_fluent,gemma4_31b,7.0,3,1.0,ACCEPT,ICLR,Accept,accept_tier,4.4
ICLR_26_46,native_fluent,gemma4_e4b,8.0,3,1.0,ACCEPT,ICLR,Accept,accept_tier,4.4
ICLR_26_46,native_fluent,llama_3.1_8b,8.333333333333334,3,1.0,ACCEPT,ICLR,Accept,accept_tier,4.4
ICLR_26_46,native_fluent,llama_3.2_3b,8.0,3,1.0,ACCEPT,ICLR,Accept,accept_tier,4.4
ICLR_26_46,native_fluent,ministral3_14b,8.0,3,1.0,ACCEPT,ICLR,Accept,accept_tier,4.4
ICLR_26_46,native_fluent,ministral3_8b,8.666666666666666,3,1.0,ACCEPT,ICLR,Accept,accept_tier,4.4
ICLR_26_46,native_fluent,qwen2.5_32b,8.0,3,1.0,ACCEPT,ICLR,Accept,accept_tier,4.4
ICLR_26_46,native_fluent,qwen2.5_3b,8.333333333333334,3,1.0,ACCEPT,ICLR,Accept,accept_tier,4.4
ICLR_26_46,native_fluent,qwen2.5_7b,9.0,3,1.0,ACCEPT,ICLR,Accept,accept_tier,4.4
ICLR_26_46,original,gemma4_31b,7.0,3,1.0,ACCEPT,ICLR,Accept,accept_tier,4.4
ICLR_26_46,original,gemma4_e4b,8.0,3,1.0,ACCEPT,ICLR,Accept,accept_tier,4.4
ICLR_26_46,original,llama_3.1_8b,8.0,3,1.0,ACCEPT,ICLR,Accept,accept_tier,4.4
ICLR_26_46,original,llama_3.2_3b,8.0,3,1.0,ACCEPT,ICLR,Accept,accept_tier,4.4
ICLR_26_46,original,ministral3_14b,8.666666666666666,3,1.0,ACCEPT,ICLR,Accept,accept_tier,4.4
ICLR_26_46,original,ministral3_8b,8.666666666666666,3,1.0,ACCEPT,ICLR,Accept,accept_tier,4.4
ICLR_26_46,original,qwen2.5_32b,8.0,3,1.0,ACCEPT,ICLR,Accept,accept_tier,4.4
ICLR_26_46,original,qwen2.5_3b,8.0,3,1.0,ACCEPT,ICLR,Accept,accept_tier,4.4
ICLR_26_46,original,qwen2.5_7b,8.333333333333334,3,1.0,ACCEPT,ICLR,Accept,accept_tier,4.4
ICLR_26_46,overclaiming,gemma4_31b,3.0,3,0.0,REJECT,ICLR,Accept,accept_tier,4.4
ICLR_26_46,overclaiming,gemma4_e4b,5.0,3,0.3333333333333333,REJECT,ICLR,Accept,accept_tier,4.4
ICLR_26_46,overclaiming,llama_3.1_8b,7.333333333333333,3,1.0,ACCEPT,ICLR,Accept,accept_tier,4.4
ICLR_26_46,overclaiming,llama_3.2_3b,5.333333333333333,3,0.0,REJECT,ICLR,Accept,accept_tier,4.4
ICLR_26_46,overclaiming,ministral3_14b,3.0,3,0.0,REJECT,ICLR,Accept,accept_tier,4.4
ICLR_26_46,overclaiming,ministral3_8b,2.0,3,0.0,REJECT,ICLR,Accept,accept_tier,4.4
ICLR_26_46,overclaiming,qwen2.5_32b,7.666666666666667,3,1.0,ACCEPT,ICLR,Accept,accept_tier,4.4
ICLR_26_46,overclaiming,qwen2.5_3b,9.333333333333334,3,1.0,ACCEPT,ICLR,Accept,accept_tier,4.4
ICLR_26_46,overclaiming,qwen2.5_7b,7.666666666666667,3,1.0,ACCEPT,ICLR,Accept,accept_tier,4.4
ICLR_26_47,assertive,gemma4_31b,6.666666666666667,3,0.6666666666666666,ACCEPT,ICLR,Accept,accept_tier,6.0
ICLR_26_47,assertive,gemma4_e4b,8.0,3,1.0,ACCEPT,ICLR,Accept,accept_tier,6.0
ICLR_26_47,assertive,llama_3.1_8b,8.0,3,1.0,ACCEPT,ICLR,Accept,accept_tier,6.0
ICLR_26_47,assertive,llama_3.2_3b,8.0,3,1.0,ACCEPT,ICLR,Accept,accept_tier,6.0
ICLR_26_47,assertive,ministral3_14b,8.333333333333334,3,1.0,ACCEPT,ICLR,Accept,accept_tier,6.0
ICLR_26_47,assertive,ministral3_8b,8.666666666666666,3,1.0,ACCEPT,ICLR,Accept,accept_tier,6.0
ICLR_26_47,assertive,qwen2.5_32b,8.0,3,1.0,ACCEPT,ICLR,Accept,accept_tier,6.0
ICLR_26_47,assertive,qwen2.5_3b,8.333333333333334,3,1.0,ACCEPT,ICLR,Accept,accept_tier,6.0
ICLR_26_47,assertive,qwen2.5_7b,9.0,3,1.0,ACCEPT,ICLR,Accept,accept_tier,6.0
ICLR_26_47,hedged,gemma4_31b,7.0,3,1.0,ACCEPT,ICLR,Accept,accept_tier,6.0
ICLR_26_47,hedged,gemma4_e4b,7.666666666666667,3,1.0,ACCEPT,ICLR,Accept,accept_tier,6.0
ICLR_26_47,hedged,llama_3.1_8b,8.0,3,1.0,ACCEPT,ICLR,Accept,accept_tier,6.0
ICLR_26_47,hedged,llama_3.2_3b,8.0,3,1.0,ACCEPT,ICLR,Accept,accept_tier,6.0
ICLR_26_47,hedged,ministral3_14b,8.666666666666666,3,1.0,ACCEPT,ICLR,Accept,accept_tier,6.0
ICLR_26_47,hedged,ministral3_8b,7.666666666666667,3,0.6666666666666666,ACCEPT,ICLR,Accept,accept_tier,6.0
ICLR_26_47,hedged,qwen2.5_32b,7.333333333333333,3,1.0,ACCEPT,ICLR,Accept,accept_tier,6.0
ICLR_26_47,hedged,qwen2.5_3b,7.666666666666667,3,1.0,ACCEPT,ICLR,Accept,accept_tier,6.0
ICLR_26_47,hedged,qwen2.5_7b,9.0,3,1.0,ACCEPT,ICLR,Accept,accept_tier,6.0
ICLR_26_47,l2_grounded,gemma4_31b,6.0,3,1.0,ACCEPT,ICLR,Accept,accept_tier,6.0
ICLR_26_47,l2_grounded,gemma4_e4b,8.0,3,1.0,ACCEPT,ICLR,Accept,accept_tier,6.0
ICLR_26_47,l2_grounded,llama_3.1_8b,8.0,3,1.0,ACCEPT,ICLR,Accept,accept_tier,6.0
ICLR_26_47,l2_grounded,llama_3.2_3b,7.666666666666667,3,1.0,ACCEPT,ICLR,Accept,accept_tier,6.0
ICLR_26_47,l2_grounded,ministral3_14b,9.0,3,1.0,ACCEPT,ICLR,Accept,accept_tier,6.0
ICLR_26_47,l2_grounded,ministral3_8b,8.333333333333334,3,1.0,ACCEPT,ICLR,Accept,accept_tier,6.0
ICLR_26_47,l2_grounded,qwen2.5_32b,8.0,3,1.0,ACCEPT,ICLR,Accept,accept_tier,6.0
ICLR_26_47,l2_grounded,qwen2.5_3b,8.0,3,1.0,ACCEPT,ICLR,Accept,accept_tier,6.0
ICLR_26_47,l2_grounded,qwen2.5_7b,9.0,3,1.0,ACCEPT,ICLR,Accept,accept_tier,6.0
ICLR_26_47,native_fluent,gemma4_31b,6.0,3,1.0,ACCEPT,ICLR,Accept,accept_tier,6.0
ICLR_26_47,native_fluent,gemma4_e4b,8.0,3,1.0,ACCEPT,ICLR,Accept,accept_tier,6.0
ICLR_26_47,native_fluent,llama_3.1_8b,8.0,3,1.0,ACCEPT,ICLR,Accept,accept_tier,6.0
ICLR_26_47,native_fluent,llama_3.2_3b,8.0,3,1.0,ACCEPT,ICLR,Accept,accept_tier,6.0
ICLR_26_47,native_fluent,ministral3_14b,9.0,3,1.0,ACCEPT,ICLR,Accept,accept_tier,6.0
ICLR_26_47,native_fluent,ministral3_8b,8.333333333333334,3,1.0,ACCEPT,ICLR,Accept,accept_tier,6.0
ICLR_26_47,native_fluent,qwen2.5_32b,8.0,3,1.0,ACCEPT,ICLR,Accept,accept_tier,6.0
ICLR_26_47,native_fluent,qwen2.5_3b,8.0,3,1.0,ACCEPT,ICLR,Accept,accept_tier,6.0
ICLR_26_47,native_fluent,qwen2.5_7b,9.0,3,1.0,ACCEPT,ICLR,Accept,accept_tier,6.0
ICLR_26_47,original,gemma4_31b,6.333333333333333,3,1.0,ACCEPT,ICLR,Accept,accept_tier,6.0
ICLR_26_47,original,gemma4_e4b,7.666666666666667,3,1.0,ACCEPT,ICLR,Accept,accept_tier,6.0
ICLR_26_47,original,llama_3.1_8b,8.0,3,1.0,ACCEPT,ICLR,Accept,accept_tier,6.0
ICLR_26_47,original,llama_3.2_3b,7.666666666666667,3,1.0,ACCEPT,ICLR,Accept,accept_tier,6.0
ICLR_26_47,original,ministral3_14b,9.0,3,1.0,ACCEPT,ICLR,Accept,accept_tier,6.0
ICLR_26_47,original,ministral3_8b,8.0,3,1.0,ACCEPT,ICLR,Accept,accept_tier,6.0
ICLR_26_47,original,qwen2.5_32b,8.0,3,1.0,ACCEPT,ICLR,Accept,accept_tier,6.0
ICLR_26_47,original,qwen2.5_3b,7.666666666666667,3,1.0,ACCEPT,ICLR,Accept,accept_tier,6.0
ICLR_26_47,original,qwen2.5_7b,9.0,3,1.0,ACCEPT,ICLR,Accept,accept_tier,6.0
ICLR_26_47,overclaiming,gemma4_31b,6.0,3,0.6666666666666666,ACCEPT,ICLR,Accept,accept_tier,6.0
ICLR_26_47,overclaiming,gemma4_e4b,8.0,3,1.0,ACCEPT,ICLR,Accept,accept_tier,6.0
ICLR_26_47,overclaiming,llama_3.1_8b,8.0,3,1.0,ACCEPT,ICLR,Accept,accept_tier,6.0
ICLR_26_47,overclaiming,llama_3.2_3b,8.0,3,1.0,ACCEPT,ICLR,Accept,accept_tier,6.0
ICLR_26_47,overclaiming,ministral3_14b,9.0,3,1.0,ACCEPT,ICLR,Accept,accept_tier,6.0
ICLR_26_47,overclaiming,ministral3_8b,8.666666666666666,3,1.0,ACCEPT,ICLR,Accept,accept_tier,6.0
ICLR_26_47,overclaiming,qwen2.5_32b,8.0,3,1.0,ACCEPT,ICLR,Accept,accept_tier,6.0
ICLR_26_47,overclaiming,qwen2.5_3b,8.666666666666666,3,1.0,ACCEPT,ICLR,Accept,accept_tier,6.0
ICLR_26_47,overclaiming,qwen2.5_7b,9.0,3,1.0,ACCEPT,ICLR,Accept,accept_tier,6.0
ICLR_26_48,assertive,gemma4_31b,7.666666666666667,3,1.0,ACCEPT,ICLR,Accept,accept_tier,4.4
ICLR_26_48,assertive,gemma4_e4b,8.0,3,1.0,ACCEPT,ICLR,Accept,accept_tier,4.4
ICLR_26_48,assertive,llama_3.1_8b,9.0,3,1.0,ACCEPT,ICLR,Accept,accept_tier,4.4
ICLR_26_48,assertive,llama_3.2_3b,8.666666666666666,3,1.0,ACCEPT,ICLR,Accept,accept_tier,4.4
ICLR_26_48,assertive,ministral3_14b,8.666666666666666,3,1.0,ACCEPT,ICLR,Accept,accept_tier,4.4
ICLR_26_48,assertive,ministral3_8b,8.333333333333334,3,1.0,ACCEPT,ICLR,Accept,accept_tier,4.4
ICLR_26_48,assertive,qwen2.5_32b,8.0,3,1.0,ACCEPT,ICLR,Accept,accept_tier,4.4
ICLR_26_48,assertive,qwen2.5_3b,8.666666666666666,3,1.0,ACCEPT,ICLR,Accept,accept_tier,4.4
ICLR_26_48,assertive,qwen2.5_7b,9.0,3,1.0,ACCEPT,ICLR,Accept,accept_tier,4.4
ICLR_26_48,hedged,gemma4_31b,7.0,3,1.0,ACCEPT,ICLR,Accept,accept_tier,4.4
ICLR_26_48,hedged,gemma4_e4b,8.0,3,1.0,ACCEPT,ICLR,Accept,accept_tier,4.4
ICLR_26_48,hedged,llama_3.1_8b,8.0,3,1.0,ACCEPT,ICLR,Accept,accept_tier,4.4
ICLR_26_48,hedged,llama_3.2_3b,8.0,3,1.0,ACCEPT,ICLR,Accept,accept_tier,4.4
ICLR_26_48,hedged,ministral3_14b,9.0,3,1.0,ACCEPT,ICLR,Accept,accept_tier,4.4
ICLR_26_48,hedged,ministral3_8b,8.333333333333334,3,1.0,ACCEPT,ICLR,Accept,accept_tier,4.4
ICLR_26_48,hedged,qwen2.5_32b,8.0,3,1.0,ACCEPT,ICLR,Accept,accept_tier,4.4
ICLR_26_48,hedged,qwen2.5_3b,8.0,3,1.0,ACCEPT,ICLR,Accept,accept_tier,4.4
ICLR_26_48,hedged,qwen2.5_7b,8.666666666666666,3,1.0,ACCEPT,ICLR,Accept,accept_tier,4.4
ICLR_26_48,l2_grounded,gemma4_31b,7.0,3,1.0,ACCEPT,ICLR,Accept,accept_tier,4.4
ICLR_26_48,l2_grounded,gemma4_e4b,8.0,3,1.0,ACCEPT,ICLR,Accept,accept_tier,4.4
ICLR_26_48,l2_grounded,llama_3.1_8b,8.666666666666666,3,1.0,ACCEPT,ICLR,Accept,accept_tier,4.4
ICLR_26_48,l2_grounded,llama_3.2_3b,8.0,3,1.0,ACCEPT,ICLR,Accept,accept_tier,4.4
ICLR_26_48,l2_grounded,ministral3_14b,9.0,3,1.0,ACCEPT,ICLR,Accept,accept_tier,4.4
ICLR_26_48,l2_grounded,ministral3_8b,8.333333333333334,3,1.0,ACCEPT,ICLR,Accept,accept_tier,4.4
ICLR_26_48,l2_grounded,qwen2.5_32b,8.0,3,1.0,ACCEPT,ICLR,Accept,accept_tier,4.4
ICLR_26_48,l2_grounded,qwen2.5_3b,9.666666666666666,3,1.0,ACCEPT,ICLR,Accept,accept_tier,4.4
ICLR_26_48,l2_grounded,qwen2.5_7b,9.0,3,1.0,ACCEPT,ICLR,Accept,accept_tier,4.4
ICLR_26_48,native_fluent,gemma4_31b,7.0,3,1.0,ACCEPT,ICLR,Accept,accept_tier,4.4
ICLR_26_48,native_fluent,gemma4_e4b,8.0,3,1.0,ACCEPT,ICLR,Accept,accept_tier,4.4
ICLR_26_48,native_fluent,llama_3.1_8b,8.333333333333334,3,1.0,ACCEPT,ICLR,Accept,accept_tier,4.4
ICLR_26_48,native_fluent,llama_3.2_3b,8.0,3,1.0,ACCEPT,ICLR,Accept,accept_tier,4.4
ICLR_26_48,native_fluent,ministral3_14b,9.0,3,1.0,ACCEPT,ICLR,Accept,accept_tier,4.4
ICLR_26_48,native_fluent,ministral3_8b,9.666666666666666,3,1.0,ACCEPT,ICLR,Accept,accept_tier,4.4
ICLR_26_48,native_fluent,qwen2.5_32b,8.0,3,1.0,ACCEPT,ICLR,Accept,accept_tier,4.4
ICLR_26_48,native_fluent,qwen2.5_3b,8.333333333333334,3,1.0,ACCEPT,ICLR,Accept,accept_tier,4.4
ICLR_26_48,native_fluent,qwen2.5_7b,9.0,3,1.0,ACCEPT,ICLR,Accept,accept_tier,4.4
ICLR_26_48,original,gemma4_31b,7.0,3,1.0,ACCEPT,ICLR,Accept,accept_tier,4.4
ICLR_26_48,original,gemma4_e4b,8.0,3,1.0,ACCEPT,ICLR,Accept,accept_tier,4.4
ICLR_26_48,original,llama_3.1_8b,8.333333333333334,3,1.0,ACCEPT,ICLR,Accept,accept_tier,4.4
ICLR_26_48,original,llama_3.2_3b,8.333333333333334,3,1.0,ACCEPT,ICLR,Accept,accept_tier,4.4
ICLR_26_48,original,ministral3_14b,8.666666666666666,3,1.0,ACCEPT,ICLR,Accept,accept_tier,4.4
ICLR_26_48,original,ministral3_8b,8.666666666666666,3,1.0,ACCEPT,ICLR,Accept,accept_tier,4.4
ICLR_26_48,original,qwen2.5_32b,8.0,3,1.0,ACCEPT,ICLR,Accept,accept_tier,4.4
ICLR_26_48,original,qwen2.5_3b,8.0,3,1.0,ACCEPT,ICLR,Accept,accept_tier,4.4
ICLR_26_48,original,qwen2.5_7b,9.0,3,1.0,ACCEPT,ICLR,Accept,accept_tier,4.4
ICLR_26_48,overclaiming,gemma4_31b,4.0,3,0.0,REJECT,ICLR,Accept,accept_tier,4.4
ICLR_26_48,overclaiming,gemma4_e4b,8.0,3,1.0,ACCEPT,ICLR,Accept,accept_tier,4.4
ICLR_26_48,overclaiming,llama_3.1_8b,8.333333333333334,3,1.0,ACCEPT,ICLR,Accept,accept_tier,4.4
ICLR_26_48,overclaiming,llama_3.2_3b,8.333333333333334,3,1.0,ACCEPT,ICLR,Accept,accept_tier,4.4
ICLR_26_48,overclaiming,ministral3_14b,8.333333333333334,3,1.0,ACCEPT,ICLR,Accept,accept_tier,4.4
ICLR_26_48,overclaiming,ministral3_8b,9.0,3,1.0,ACCEPT,ICLR,Accept,accept_tier,4.4
ICLR_26_48,overclaiming,qwen2.5_32b,8.0,3,1.0,ACCEPT,ICLR,Accept,accept_tier,4.4
ICLR_26_48,overclaiming,qwen2.5_3b,10.0,3,1.0,ACCEPT,ICLR,Accept,accept_tier,4.4
ICLR_26_48,overclaiming,qwen2.5_7b,9.0,3,1.0,ACCEPT,ICLR,Accept,accept_tier,4.4
ICLR_26_49,assertive,gemma4_31b,7.0,3,1.0,ACCEPT,ICLR,Accept,accept_tier,5.5
ICLR_26_49,assertive,gemma4_e4b,7.666666666666667,3,1.0,ACCEPT,ICLR,Accept,accept_tier,5.5
ICLR_26_49,assertive,llama_3.1_8b,8.0,3,1.0,ACCEPT,ICLR,Accept,accept_tier,5.5
ICLR_26_49,assertive,llama_3.2_3b,7.666666666666667,3,1.0,ACCEPT,ICLR,Accept,accept_tier,5.5
ICLR_26_49,assertive,ministral3_14b,8.666666666666666,3,1.0,ACCEPT,ICLR,Accept,accept_tier,5.5
ICLR_26_49,assertive,ministral3_8b,8.0,3,1.0,ACCEPT,ICLR,Accept,accept_tier,5.5
ICLR_26_49,assertive,qwen2.5_32b,8.0,3,1.0,ACCEPT,ICLR,Accept,accept_tier,5.5
ICLR_26_49,assertive,qwen2.5_3b,9.0,3,1.0,ACCEPT,ICLR,Accept,accept_tier,5.5
ICLR_26_49,assertive,qwen2.5_7b,8.0,3,1.0,ACCEPT,ICLR,Accept,accept_tier,5.5
ICLR_26_49,hedged,gemma4_31b,7.0,3,1.0,ACCEPT,ICLR,Accept,accept_tier,5.5
ICLR_26_49,hedged,gemma4_e4b,7.0,3,1.0,ACCEPT,ICLR,Accept,accept_tier,5.5
ICLR_26_49,hedged,llama_3.1_8b,8.0,3,1.0,ACCEPT,ICLR,Accept,accept_tier,5.5
ICLR_26_49,hedged,llama_3.2_3b,7.0,3,1.0,ACCEPT,ICLR,Accept,accept_tier,5.5
ICLR_26_49,hedged,ministral3_14b,8.0,3,1.0,ACCEPT,ICLR,Accept,accept_tier,5.5
ICLR_26_49,hedged,ministral3_8b,7.0,3,0.0,REJECT,ICLR,Accept,accept_tier,5.5
ICLR_26_49,hedged,qwen2.5_32b,7.0,3,1.0,ACCEPT,ICLR,Accept,accept_tier,5.5
ICLR_26_49,hedged,qwen2.5_3b,8.0,3,1.0,ACCEPT,ICLR,Accept,accept_tier,5.5
ICLR_26_49,hedged,qwen2.5_7b,8.0,3,1.0,ACCEPT,ICLR,Accept,accept_tier,5.5
ICLR_26_49,l2_grounded,gemma4_31b,7.0,3,1.0,ACCEPT,ICLR,Accept,accept_tier,5.5
ICLR_26_49,l2_grounded,gemma4_e4b,7.666666666666667,3,1.0,ACCEPT,ICLR,Accept,accept_tier,5.5
ICLR_26_49,l2_grounded,llama_3.1_8b,8.0,3,1.0,ACCEPT,ICLR,Accept,accept_tier,5.5
ICLR_26_49,l2_grounded,llama_3.2_3b,8.0,3,1.0,ACCEPT,ICLR,Accept,accept_tier,5.5
ICLR_26_49,l2_grounded,ministral3_14b,8.333333333333334,3,1.0,ACCEPT,ICLR,Accept,accept_tier,5.5
ICLR_26_49,l2_grounded,ministral3_8b,7.666666666666667,3,0.6666666666666666,ACCEPT,ICLR,Accept,accept_tier,5.5
ICLR_26_49,l2_grounded,qwen2.5_32b,8.0,3,1.0,ACCEPT,ICLR,Accept,accept_tier,5.5
ICLR_26_49,l2_grounded,qwen2.5_3b,8.333333333333334,3,1.0,ACCEPT,ICLR,Accept,accept_tier,5.5
ICLR_26_49,l2_grounded,qwen2.5_7b,8.0,3,1.0,ACCEPT,ICLR,Accept,accept_tier,5.5
ICLR_26_49,native_fluent,gemma4_31b,7.0,3,1.0,ACCEPT,ICLR,Accept,accept_tier,5.5
ICLR_26_49,native_fluent,gemma4_e4b,7.0,3,1.0,ACCEPT,ICLR,Accept,accept_tier,5.5
ICLR_26_49,native_fluent,llama_3.1_8b,8.0,3,1.0,ACCEPT,ICLR,Accept,accept_tier,5.5
ICLR_26_49,native_fluent,llama_3.2_3b,7.666666666666667,3,1.0,ACCEPT,ICLR,Accept,accept_tier,5.5
ICLR_26_49,native_fluent,ministral3_14b,8.333333333333334,3,1.0,ACCEPT,ICLR,Accept,accept_tier,5.5
ICLR_26_49,native_fluent,ministral3_8b,8.333333333333334,3,1.0,ACCEPT,ICLR,Accept,accept_tier,5.5
ICLR_26_49,native_fluent,qwen2.5_32b,8.0,3,1.0,ACCEPT,ICLR,Accept,accept_tier,5.5
ICLR_26_49,native_fluent,qwen2.5_3b,8.666666666666666,3,1.0,ACCEPT,ICLR,Accept,accept_tier,5.5
ICLR_26_49,native_fluent,qwen2.5_7b,8.0,3,1.0,ACCEPT,ICLR,Accept,accept_tier,5.5
ICLR_26_49,original,gemma4_31b,7.0,3,1.0,ACCEPT,ICLR,Accept,accept_tier,5.5
ICLR_26_49,original,gemma4_e4b,7.0,3,1.0,ACCEPT,ICLR,Accept,accept_tier,5.5
ICLR_26_49,original,llama_3.1_8b,8.0,3,1.0,ACCEPT,ICLR,Accept,accept_tier,5.5
ICLR_26_49,original,llama_3.2_3b,7.666666666666667,3,1.0,ACCEPT,ICLR,Accept,accept_tier,5.5
ICLR_26_49,original,ministral3_14b,8.666666666666666,3,1.0,ACCEPT,ICLR,Accept,accept_tier,5.5
ICLR_26_49,original,ministral3_8b,7.333333333333333,3,0.0,REJECT,ICLR,Accept,accept_tier,5.5
ICLR_26_49,original,qwen2.5_32b,8.0,3,1.0,ACCEPT,ICLR,Accept,accept_tier,5.5
ICLR_26_49,original,qwen2.5_3b,8.333333333333334,3,1.0,ACCEPT,ICLR,Accept,accept_tier,5.5
ICLR_26_49,original,qwen2.5_7b,8.0,3,1.0,ACCEPT,ICLR,Accept,accept_tier,5.5
ICLR_26_49,overclaiming,gemma4_31b,3.0,3,0.0,REJECT,ICLR,Accept,accept_tier,5.5
ICLR_26_49,overclaiming,gemma4_e4b,6.333333333333333,3,1.0,ACCEPT,ICLR,Accept,accept_tier,5.5
ICLR_26_49,overclaiming,llama_3.1_8b,8.0,3,1.0,ACCEPT,ICLR,Accept,accept_tier,5.5
ICLR_26_49,overclaiming,llama_3.2_3b,8.0,3,1.0,ACCEPT,ICLR,Accept,accept_tier,5.5
ICLR_26_49,overclaiming,ministral3_14b,6.666666666666667,3,0.6666666666666666,ACCEPT,ICLR,Accept,accept_tier,5.5
ICLR_26_49,overclaiming,ministral3_8b,6.333333333333333,3,0.0,REJECT,ICLR,Accept,accept_tier,5.5
ICLR_26_49,overclaiming,qwen2.5_32b,8.0,3,1.0,ACCEPT,ICLR,Accept,accept_tier,5.5
ICLR_26_49,overclaiming,qwen2.5_3b,9.0,3,1.0,ACCEPT,ICLR,Accept,accept_tier,5.5
ICLR_26_49,overclaiming,qwen2.5_7b,8.666666666666666,3,1.0,ACCEPT,ICLR,Accept,accept_tier,5.5
ICLR_26_5,assertive,gemma4_31b,6.0,3,0.0,REJECT,ICLR,Reject,reject_tier,3.5
ICLR_26_5,assertive,gemma4_e4b,8.0,3,1.0,ACCEPT,ICLR,Reject,reject_tier,3.5
ICLR_26_5,assertive,llama_3.1_8b,8.0,3,1.0,ACCEPT,ICLR,Reject,reject_tier,3.5
ICLR_26_5,assertive,llama_3.2_3b,7.666666666666667,3,1.0,ACCEPT,ICLR,Reject,reject_tier,3.5
ICLR_26_5,assertive,ministral3_14b,8.666666666666666,3,1.0,ACCEPT,ICLR,Reject,reject_tier,3.5
ICLR_26_5,assertive,ministral3_8b,8.333333333333334,3,0.3333333333333333,REJECT,ICLR,Reject,reject_tier,3.5
ICLR_26_5,assertive,qwen2.5_32b,8.0,3,1.0,ACCEPT,ICLR,Reject,reject_tier,3.5
ICLR_26_5,assertive,qwen2.5_3b,8.333333333333334,3,1.0,ACCEPT,ICLR,Reject,reject_tier,3.5
ICLR_26_5,assertive,qwen2.5_7b,8.0,3,1.0,ACCEPT,ICLR,Reject,reject_tier,3.5
ICLR_26_5,hedged,gemma4_31b,6.0,3,0.0,REJECT,ICLR,Reject,reject_tier,3.5
ICLR_26_5,hedged,gemma4_e4b,7.0,3,1.0,ACCEPT,ICLR,Reject,reject_tier,3.5
ICLR_26_5,hedged,llama_3.1_8b,7.333333333333333,3,1.0,ACCEPT,ICLR,Reject,reject_tier,3.5
ICLR_26_5,hedged,llama_3.2_3b,8.0,3,1.0,ACCEPT,ICLR,Reject,reject_tier,3.5
ICLR_26_5,hedged,ministral3_14b,7.666666666666667,3,0.6666666666666666,ACCEPT,ICLR,Reject,reject_tier,3.5
ICLR_26_5,hedged,ministral3_8b,7.333333333333333,3,0.6666666666666666,ACCEPT,ICLR,Reject,reject_tier,3.5
ICLR_26_5,hedged,qwen2.5_32b,7.0,3,1.0,ACCEPT,ICLR,Reject,reject_tier,3.5
ICLR_26_5,hedged,qwen2.5_3b,8.0,3,1.0,ACCEPT,ICLR,Reject,reject_tier,3.5
ICLR_26_5,hedged,qwen2.5_7b,8.0,3,1.0,ACCEPT,ICLR,Reject,reject_tier,3.5
ICLR_26_5,l2_grounded,gemma4_31b,6.0,3,0.0,REJECT,ICLR,Reject,reject_tier,3.5
ICLR_26_5,l2_grounded,gemma4_e4b,7.333333333333333,3,1.0,ACCEPT,ICLR,Reject,reject_tier,3.5
ICLR_26_5,l2_grounded,llama_3.1_8b,8.0,3,1.0,ACCEPT,ICLR,Reject,reject_tier,3.5
ICLR_26_5,l2_grounded,llama_3.2_3b,8.0,3,1.0,ACCEPT,ICLR,Reject,reject_tier,3.5
ICLR_26_5,l2_grounded,ministral3_14b,8.0,3,1.0,ACCEPT,ICLR,Reject,reject_tier,3.5
ICLR_26_5,l2_grounded,ministral3_8b,7.666666666666667,3,0.3333333333333333,REJECT,ICLR,Reject,reject_tier,3.5
ICLR_26_5,l2_grounded,qwen2.5_32b,8.0,3,1.0,ACCEPT,ICLR,Reject,reject_tier,3.5
ICLR_26_5,l2_grounded,qwen2.5_3b,8.0,3,1.0,ACCEPT,ICLR,Reject,reject_tier,3.5
ICLR_26_5,l2_grounded,qwen2.5_7b,8.0,3,1.0,ACCEPT,ICLR,Reject,reject_tier,3.5
ICLR_26_5,native_fluent,gemma4_31b,6.333333333333333,3,0.3333333333333333,REJECT,ICLR,Reject,reject_tier,3.5
ICLR_26_5,native_fluent,gemma4_e4b,8.0,3,1.0,ACCEPT,ICLR,Reject,reject_tier,3.5
ICLR_26_5,native_fluent,llama_3.1_8b,8.0,3,1.0,ACCEPT,ICLR,Reject,reject_tier,3.5
ICLR_26_5,native_fluent,llama_3.2_3b,8.0,3,1.0,ACCEPT,ICLR,Reject,reject_tier,3.5
ICLR_26_5,native_fluent,ministral3_14b,8.666666666666666,3,1.0,ACCEPT,ICLR,Reject,reject_tier,3.5
ICLR_26_5,native_fluent,ministral3_8b,8.666666666666666,3,1.0,ACCEPT,ICLR,Reject,reject_tier,3.5
ICLR_26_5,native_fluent,qwen2.5_32b,8.0,3,1.0,ACCEPT,ICLR,Reject,reject_tier,3.5
ICLR_26_5,native_fluent,qwen2.5_3b,8.0,3,1.0,ACCEPT,ICLR,Reject,reject_tier,3.5
ICLR_26_5,native_fluent,qwen2.5_7b,8.666666666666666,3,1.0,ACCEPT,ICLR,Reject,reject_tier,3.5
ICLR_26_5,original,gemma4_31b,6.0,3,0.0,REJECT,ICLR,Reject,reject_tier,3.5
ICLR_26_5,original,gemma4_e4b,8.0,3,1.0,ACCEPT,ICLR,Reject,reject_tier,3.5
ICLR_26_5,original,llama_3.1_8b,8.0,3,1.0,ACCEPT,ICLR,Reject,reject_tier,3.5
ICLR_26_5,original,llama_3.2_3b,8.0,3,1.0,ACCEPT,ICLR,Reject,reject_tier,3.5
ICLR_26_5,original,ministral3_14b,8.0,3,1.0,ACCEPT,ICLR,Reject,reject_tier,3.5
ICLR_26_5,original,ministral3_8b,8.333333333333334,3,0.6666666666666666,ACCEPT,ICLR,Reject,reject_tier,3.5
ICLR_26_5,original,qwen2.5_32b,8.0,3,1.0,ACCEPT,ICLR,Reject,reject_tier,3.5
ICLR_26_5,original,qwen2.5_3b,8.0,3,1.0,ACCEPT,ICLR,Reject,reject_tier,3.5
ICLR_26_5,original,qwen2.5_7b,8.0,3,1.0,ACCEPT,ICLR,Reject,reject_tier,3.5
ICLR_26_5,overclaiming,gemma4_31b,4.0,3,0.0,REJECT,ICLR,Reject,reject_tier,3.5
ICLR_26_5,overclaiming,gemma4_e4b,8.0,3,1.0,ACCEPT,ICLR,Reject,reject_tier,3.5
ICLR_26_5,overclaiming,llama_3.1_8b,8.0,3,1.0,ACCEPT,ICLR,Reject,reject_tier,3.5
ICLR_26_5,overclaiming,llama_3.2_3b,8.333333333333334,3,1.0,ACCEPT,ICLR,Reject,reject_tier,3.5
ICLR_26_5,overclaiming,ministral3_14b,8.0,3,1.0,ACCEPT,ICLR,Reject,reject_tier,3.5
ICLR_26_5,overclaiming,ministral3_8b,8.333333333333334,3,1.0,ACCEPT,ICLR,Reject,reject_tier,3.5
ICLR_26_5,overclaiming,qwen2.5_32b,8.0,3,1.0,ACCEPT,ICLR,Reject,reject_tier,3.5
ICLR_26_5,overclaiming,qwen2.5_3b,8.333333333333334,3,1.0,ACCEPT,ICLR,Reject,reject_tier,3.5
ICLR_26_5,overclaiming,qwen2.5_7b,9.0,3,1.0,ACCEPT,ICLR,Reject,reject_tier,3.5
ICLR_26_50,assertive,gemma4_31b,8.0,3,1.0,ACCEPT,ICLR,Accept,accept_tier,6.666666666666667
ICLR_26_50,assertive,gemma4_e4b,8.0,3,1.0,ACCEPT,ICLR,Accept,accept_tier,6.666666666666667
ICLR_26_50,assertive,llama_3.1_8b,8.0,3,1.0,ACCEPT,ICLR,Accept,accept_tier,6.666666666666667
ICLR_26_50,assertive,llama_3.2_3b,8.333333333333334,3,1.0,ACCEPT,ICLR,Accept,accept_tier,6.666666666666667
ICLR_26_50,assertive,ministral3_14b,9.0,3,1.0,ACCEPT,ICLR,Accept,accept_tier,6.666666666666667
ICLR_26_50,assertive,ministral3_8b,8.666666666666666,3,1.0,ACCEPT,ICLR,Accept,accept_tier,6.666666666666667
ICLR_26_50,assertive,qwen2.5_32b,8.0,3,1.0,ACCEPT,ICLR,Accept,accept_tier,6.666666666666667
ICLR_26_50,assertive,qwen2.5_3b,9.0,3,1.0,ACCEPT,ICLR,Accept,accept_tier,6.666666666666667
ICLR_26_50,assertive,qwen2.5_7b,9.0,3,1.0,ACCEPT,ICLR,Accept,accept_tier,6.666666666666667
ICLR_26_50,hedged,gemma4_31b,7.666666666666667,3,1.0,ACCEPT,ICLR,Accept,accept_tier,6.666666666666667
ICLR_26_50,hedged,gemma4_e4b,7.666666666666667,3,1.0,ACCEPT,ICLR,Accept,accept_tier,6.666666666666667
ICLR_26_50,hedged,llama_3.1_8b,8.0,3,1.0,ACCEPT,ICLR,Accept,accept_tier,6.666666666666667
ICLR_26_50,hedged,llama_3.2_3b,8.0,3,1.0,ACCEPT,ICLR,Accept,accept_tier,6.666666666666667
ICLR_26_50,hedged,ministral3_14b,8.666666666666666,3,1.0,ACCEPT,ICLR,Accept,accept_tier,6.666666666666667
ICLR_26_50,hedged,ministral3_8b,8.0,3,1.0,ACCEPT,ICLR,Accept,accept_tier,6.666666666666667
ICLR_26_50,hedged,qwen2.5_32b,8.0,3,1.0,ACCEPT,ICLR,Accept,accept_tier,6.666666666666667
ICLR_26_50,hedged,qwen2.5_3b,7.0,3,1.0,ACCEPT,ICLR,Accept,accept_tier,6.666666666666667
ICLR_26_50,hedged,qwen2.5_7b,8.0,3,1.0,ACCEPT,ICLR,Accept,accept_tier,6.666666666666667
ICLR_26_50,l2_grounded,gemma4_31b,8.0,3,1.0,ACCEPT,ICLR,Accept,accept_tier,6.666666666666667
ICLR_26_50,l2_grounded,gemma4_e4b,8.0,3,1.0,ACCEPT,ICLR,Accept,accept_tier,6.666666666666667
ICLR_26_50,l2_grounded,llama_3.1_8b,8.0,3,1.0,ACCEPT,ICLR,Accept,accept_tier,6.666666666666667
ICLR_26_50,l2_grounded,llama_3.2_3b,8.0,3,1.0,ACCEPT,ICLR,Accept,accept_tier,6.666666666666667
ICLR_26_50,l2_grounded,ministral3_14b,8.333333333333334,3,1.0,ACCEPT,ICLR,Accept,accept_tier,6.666666666666667
ICLR_26_50,l2_grounded,ministral3_8b,8.666666666666666,3,0.6666666666666666,ACCEPT,ICLR,Accept,accept_tier,6.666666666666667
ICLR_26_50,l2_grounded,qwen2.5_32b,8.0,3,1.0,ACCEPT,ICLR,Accept,accept_tier,6.666666666666667
ICLR_26_50,l2_grounded,qwen2.5_3b,9.0,3,1.0,ACCEPT,ICLR,Accept,accept_tier,6.666666666666667
ICLR_26_50,l2_grounded,qwen2.5_7b,8.666666666666666,3,1.0,ACCEPT,ICLR,Accept,accept_tier,6.666666666666667
ICLR_26_50,native_fluent,gemma4_31b,8.0,3,1.0,ACCEPT,ICLR,Accept,accept_tier,6.666666666666667
ICLR_26_50,native_fluent,gemma4_e4b,8.0,3,1.0,ACCEPT,ICLR,Accept,accept_tier,6.666666666666667
ICLR_26_50,native_fluent,llama_3.1_8b,8.0,3,1.0,ACCEPT,ICLR,Accept,accept_tier,6.666666666666667
ICLR_26_50,native_fluent,llama_3.2_3b,8.0,3,1.0,ACCEPT,ICLR,Accept,accept_tier,6.666666666666667
ICLR_26_50,native_fluent,ministral3_14b,9.0,3,1.0,ACCEPT,ICLR,Accept,accept_tier,6.666666666666667
ICLR_26_50,native_fluent,ministral3_8b,8.0,3,1.0,ACCEPT,ICLR,Accept,accept_tier,6.666666666666667
ICLR_26_50,native_fluent,qwen2.5_32b,8.0,3,1.0,ACCEPT,ICLR,Accept,accept_tier,6.666666666666667
ICLR_26_50,native_fluent,qwen2.5_3b,8.666666666666666,3,1.0,ACCEPT,ICLR,Accept,accept_tier,6.666666666666667
ICLR_26_50,native_fluent,qwen2.5_7b,9.0,3,1.0,ACCEPT,ICLR,Accept,accept_tier,6.666666666666667
ICLR_26_50,original,gemma4_31b,8.0,3,1.0,ACCEPT,ICLR,Accept,accept_tier,6.666666666666667
ICLR_26_50,original,gemma4_e4b,8.0,3,1.0,ACCEPT,ICLR,Accept,accept_tier,6.666666666666667
ICLR_26_50,original,llama_3.1_8b,8.0,3,1.0,ACCEPT,ICLR,Accept,accept_tier,6.666666666666667
ICLR_26_50,original,llama_3.2_3b,8.0,3,1.0,ACCEPT,ICLR,Accept,accept_tier,6.666666666666667
ICLR_26_50,original,ministral3_14b,8.666666666666666,3,1.0,ACCEPT,ICLR,Accept,accept_tier,6.666666666666667
ICLR_26_50,original,ministral3_8b,8.0,3,1.0,ACCEPT,ICLR,Accept,accept_tier,6.666666666666667
ICLR_26_50,original,qwen2.5_32b,8.0,3,1.0,ACCEPT,ICLR,Accept,accept_tier,6.666666666666667
ICLR_26_50,original,qwen2.5_3b,9.0,3,1.0,ACCEPT,ICLR,Accept,accept_tier,6.666666666666667
ICLR_26_50,original,qwen2.5_7b,9.0,3,1.0,ACCEPT,ICLR,Accept,accept_tier,6.666666666666667
ICLR_26_50,overclaiming,gemma4_31b,6.0,3,0.0,REJECT,ICLR,Accept,accept_tier,6.666666666666667
ICLR_26_50,overclaiming,gemma4_e4b,8.0,3,1.0,ACCEPT,ICLR,Accept,accept_tier,6.666666666666667
ICLR_26_50,overclaiming,llama_3.1_8b,8.0,3,1.0,ACCEPT,ICLR,Accept,accept_tier,6.666666666666667
ICLR_26_50,overclaiming,llama_3.2_3b,8.333333333333334,3,1.0,ACCEPT,ICLR,Accept,accept_tier,6.666666666666667
ICLR_26_50,overclaiming,ministral3_14b,9.0,3,1.0,ACCEPT,ICLR,Accept,accept_tier,6.666666666666667
ICLR_26_50,overclaiming,ministral3_8b,8.333333333333334,3,0.6666666666666666,ACCEPT,ICLR,Accept,accept_tier,6.666666666666667
ICLR_26_50,overclaiming,qwen2.5_32b,9.0,3,1.0,ACCEPT,ICLR,Accept,accept_tier,6.666666666666667
ICLR_26_50,overclaiming,qwen2.5_3b,9.0,3,1.0,ACCEPT,ICLR,Accept,accept_tier,6.666666666666667
ICLR_26_50,overclaiming,qwen2.5_7b,9.0,3,1.0,ACCEPT,ICLR,Accept,accept_tier,6.666666666666667
ICLR_26_6,assertive,gemma4_31b,6.0,3,0.0,REJECT,ICLR,Reject,reject_tier,4.5
ICLR_26_6,assertive,gemma4_e4b,7.666666666666667,3,1.0,ACCEPT,ICLR,Reject,reject_tier,4.5
ICLR_26_6,assertive,llama_3.1_8b,8.0,3,1.0,ACCEPT,ICLR,Reject,reject_tier,4.5
ICLR_26_6,assertive,llama_3.2_3b,8.0,3,1.0,ACCEPT,ICLR,Reject,reject_tier,4.5
ICLR_26_6,assertive,ministral3_14b,8.333333333333334,3,1.0,ACCEPT,ICLR,Reject,reject_tier,4.5
ICLR_26_6,assertive,ministral3_8b,8.666666666666666,3,1.0,ACCEPT,ICLR,Reject,reject_tier,4.5
ICLR_26_6,assertive,qwen2.5_32b,8.0,3,1.0,ACCEPT,ICLR,Reject,reject_tier,4.5
ICLR_26_6,assertive,qwen2.5_3b,8.333333333333334,3,1.0,ACCEPT,ICLR,Reject,reject_tier,4.5
ICLR_26_6,assertive,qwen2.5_7b,9.0,3,1.0,ACCEPT,ICLR,Reject,reject_tier,4.5
ICLR_26_6,hedged,gemma4_31b,6.0,3,0.0,REJECT,ICLR,Reject,reject_tier,4.5
ICLR_26_6,hedged,gemma4_e4b,7.0,3,1.0,ACCEPT,ICLR,Reject,reject_tier,4.5
ICLR_26_6,hedged,llama_3.1_8b,8.0,3,1.0,ACCEPT,ICLR,Reject,reject_tier,4.5
ICLR_26_6,hedged,llama_3.2_3b,8.0,3,1.0,ACCEPT,ICLR,Reject,reject_tier,4.5
ICLR_26_6,hedged,ministral3_14b,8.0,3,1.0,ACCEPT,ICLR,Reject,reject_tier,4.5
ICLR_26_6,hedged,ministral3_8b,8.333333333333334,3,1.0,ACCEPT,ICLR,Reject,reject_tier,4.5
ICLR_26_6,hedged,qwen2.5_32b,8.0,3,1.0,ACCEPT,ICLR,Reject,reject_tier,4.5
ICLR_26_6,hedged,qwen2.5_3b,8.0,3,1.0,ACCEPT,ICLR,Reject,reject_tier,4.5
ICLR_26_6,hedged,qwen2.5_7b,8.333333333333334,3,1.0,ACCEPT,ICLR,Reject,reject_tier,4.5
ICLR_26_6,l2_grounded,gemma4_31b,6.0,3,0.0,REJECT,ICLR,Reject,reject_tier,4.5
ICLR_26_6,l2_grounded,gemma4_e4b,7.0,3,1.0,ACCEPT,ICLR,Reject,reject_tier,4.5
ICLR_26_6,l2_grounded,llama_3.1_8b,8.0,3,1.0,ACCEPT,ICLR,Reject,reject_tier,4.5
ICLR_26_6,l2_grounded,llama_3.2_3b,7.666666666666667,3,1.0,ACCEPT,ICLR,Reject,reject_tier,4.5
ICLR_26_6,l2_grounded,ministral3_14b,8.333333333333334,3,1.0,ACCEPT,ICLR,Reject,reject_tier,4.5
ICLR_26_6,l2_grounded,ministral3_8b,8.333333333333334,3,1.0,ACCEPT,ICLR,Reject,reject_tier,4.5
ICLR_26_6,l2_grounded,qwen2.5_32b,8.0,3,1.0,ACCEPT,ICLR,Reject,reject_tier,4.5
ICLR_26_6,l2_grounded,qwen2.5_3b,8.666666666666666,3,1.0,ACCEPT,ICLR,Reject,reject_tier,4.5
ICLR_26_6,l2_grounded,qwen2.5_7b,8.333333333333334,3,1.0,ACCEPT,ICLR,Reject,reject_tier,4.5
ICLR_26_6,native_fluent,gemma4_31b,6.0,3,0.0,REJECT,ICLR,Reject,reject_tier,4.5
ICLR_26_6,native_fluent,gemma4_e4b,8.0,3,1.0,ACCEPT,ICLR,Reject,reject_tier,4.5
ICLR_26_6,native_fluent,llama_3.1_8b,8.0,3,1.0,ACCEPT,ICLR,Reject,reject_tier,4.5
ICLR_26_6,native_fluent,llama_3.2_3b,8.0,3,1.0,ACCEPT,ICLR,Reject,reject_tier,4.5
ICLR_26_6,native_fluent,ministral3_14b,8.0,3,1.0,ACCEPT,ICLR,Reject,reject_tier,4.5
ICLR_26_6,native_fluent,ministral3_8b,8.0,3,1.0,ACCEPT,ICLR,Reject,reject_tier,4.5
ICLR_26_6,native_fluent,qwen2.5_32b,8.0,3,1.0,ACCEPT,ICLR,Reject,reject_tier,4.5
ICLR_26_6,native_fluent,qwen2.5_3b,9.0,3,1.0,ACCEPT,ICLR,Reject,reject_tier,4.5
ICLR_26_6,native_fluent,qwen2.5_7b,8.333333333333334,3,1.0,ACCEPT,ICLR,Reject,reject_tier,4.5
ICLR_26_6,original,gemma4_31b,6.0,3,0.0,REJECT,ICLR,Reject,reject_tier,4.5
ICLR_26_6,original,gemma4_e4b,8.0,3,1.0,ACCEPT,ICLR,Reject,reject_tier,4.5
ICLR_26_6,original,llama_3.1_8b,8.0,3,1.0,ACCEPT,ICLR,Reject,reject_tier,4.5
ICLR_26_6,original,llama_3.2_3b,8.0,3,1.0,ACCEPT,ICLR,Reject,reject_tier,4.5
ICLR_26_6,original,ministral3_14b,8.666666666666666,3,1.0,ACCEPT,ICLR,Reject,reject_tier,4.5
ICLR_26_6,original,ministral3_8b,8.666666666666666,3,1.0,ACCEPT,ICLR,Reject,reject_tier,4.5
ICLR_26_6,original,qwen2.5_32b,8.0,3,1.0,ACCEPT,ICLR,Reject,reject_tier,4.5
ICLR_26_6,original,qwen2.5_3b,8.666666666666666,3,1.0,ACCEPT,ICLR,Reject,reject_tier,4.5
ICLR_26_6,original,qwen2.5_7b,8.666666666666666,3,1.0,ACCEPT,ICLR,Reject,reject_tier,4.5
ICLR_26_6,overclaiming,gemma4_31b,3.0,3,0.0,REJECT,ICLR,Reject,reject_tier,4.5
ICLR_26_6,overclaiming,gemma4_e4b,8.0,3,1.0,ACCEPT,ICLR,Reject,reject_tier,4.5
ICLR_26_6,overclaiming,llama_3.1_8b,8.0,3,1.0,ACCEPT,ICLR,Reject,reject_tier,4.5
ICLR_26_6,overclaiming,llama_3.2_3b,8.333333333333334,3,1.0,ACCEPT,ICLR,Reject,reject_tier,4.5
ICLR_26_6,overclaiming,ministral3_14b,8.333333333333334,3,1.0,ACCEPT,ICLR,Reject,reject_tier,4.5
ICLR_26_6,overclaiming,ministral3_8b,8.0,3,0.6666666666666666,ACCEPT,ICLR,Reject,reject_tier,4.5
ICLR_26_6,overclaiming,qwen2.5_32b,8.0,3,1.0,ACCEPT,ICLR,Reject,reject_tier,4.5
ICLR_26_6,overclaiming,qwen2.5_3b,8.666666666666666,3,1.0,ACCEPT,ICLR,Reject,reject_tier,4.5
ICLR_26_6,overclaiming,qwen2.5_7b,9.0,3,1.0,ACCEPT,ICLR,Reject,reject_tier,4.5
ICLR_26_7,assertive,gemma4_31b,5.0,3,0.0,REJECT,ICLR,Reject,reject_tier,0.0
ICLR_26_7,assertive,gemma4_e4b,8.0,3,1.0,ACCEPT,ICLR,Reject,reject_tier,0.0
ICLR_26_7,assertive,llama_3.1_8b,8.0,3,1.0,ACCEPT,ICLR,Reject,reject_tier,0.0
ICLR_26_7,assertive,llama_3.2_3b,8.0,3,1.0,ACCEPT,ICLR,Reject,reject_tier,0.0
ICLR_26_7,assertive,ministral3_14b,8.0,3,1.0,ACCEPT,ICLR,Reject,reject_tier,0.0
ICLR_26_7,assertive,ministral3_8b,8.333333333333334,3,0.3333333333333333,REJECT,ICLR,Reject,reject_tier,0.0
ICLR_26_7,assertive,qwen2.5_32b,8.0,3,1.0,ACCEPT,ICLR,Reject,reject_tier,0.0
ICLR_26_7,assertive,qwen2.5_3b,8.333333333333334,3,1.0,ACCEPT,ICLR,Reject,reject_tier,0.0
ICLR_26_7,assertive,qwen2.5_7b,8.333333333333334,3,1.0,ACCEPT,ICLR,Reject,reject_tier,0.0
ICLR_26_7,hedged,gemma4_31b,4.0,3,0.0,REJECT,ICLR,Reject,reject_tier,0.0
ICLR_26_7,hedged,gemma4_e4b,7.0,3,1.0,ACCEPT,ICLR,Reject,reject_tier,0.0
ICLR_26_7,hedged,llama_3.1_8b,8.0,3,1.0,ACCEPT,ICLR,Reject,reject_tier,0.0
ICLR_26_7,hedged,llama_3.2_3b,7.666666666666667,3,1.0,ACCEPT,ICLR,Reject,reject_tier,0.0
ICLR_26_7,hedged,ministral3_14b,7.666666666666667,3,1.0,ACCEPT,ICLR,Reject,reject_tier,0.0
ICLR_26_7,hedged,ministral3_8b,7.333333333333333,3,0.3333333333333333,REJECT,ICLR,Reject,reject_tier,0.0
ICLR_26_7,hedged,qwen2.5_32b,7.0,3,1.0,ACCEPT,ICLR,Reject,reject_tier,0.0
ICLR_26_7,hedged,qwen2.5_3b,8.0,3,1.0,ACCEPT,ICLR,Reject,reject_tier,0.0
ICLR_26_7,hedged,qwen2.5_7b,8.0,3,1.0,ACCEPT,ICLR,Reject,reject_tier,0.0
ICLR_26_7,l2_grounded,gemma4_31b,5.666666666666667,3,0.0,REJECT,ICLR,Reject,reject_tier,0.0
ICLR_26_7,l2_grounded,gemma4_e4b,7.333333333333333,3,1.0,ACCEPT,ICLR,Reject,reject_tier,0.0
ICLR_26_7,l2_grounded,llama_3.1_8b,8.0,3,1.0,ACCEPT,ICLR,Reject,reject_tier,0.0
ICLR_26_7,l2_grounded,llama_3.2_3b,7.666666666666667,3,1.0,ACCEPT,ICLR,Reject,reject_tier,0.0
ICLR_26_7,l2_grounded,ministral3_14b,8.333333333333334,3,1.0,ACCEPT,ICLR,Reject,reject_tier,0.0
ICLR_26_7,l2_grounded,ministral3_8b,7.666666666666667,3,0.3333333333333333,REJECT,ICLR,Reject,reject_tier,0.0
ICLR_26_7,l2_grounded,qwen2.5_32b,8.0,3,1.0,ACCEPT,ICLR,Reject,reject_tier,0.0
ICLR_26_7,l2_grounded,qwen2.5_3b,8.333333333333334,3,1.0,ACCEPT,ICLR,Reject,reject_tier,0.0
ICLR_26_7,l2_grounded,qwen2.5_7b,8.0,3,1.0,ACCEPT,ICLR,Reject,reject_tier,0.0
ICLR_26_7,native_fluent,gemma4_31b,5.333333333333333,3,0.0,REJECT,ICLR,Reject,reject_tier,0.0
ICLR_26_7,native_fluent,gemma4_e4b,8.0,3,1.0,ACCEPT,ICLR,Reject,reject_tier,0.0
ICLR_26_7,native_fluent,llama_3.1_8b,8.0,3,1.0,ACCEPT,ICLR,Reject,reject_tier,0.0
ICLR_26_7,native_fluent,llama_3.2_3b,8.0,3,1.0,ACCEPT,ICLR,Reject,reject_tier,0.0
ICLR_26_7,native_fluent,ministral3_14b,8.0,3,1.0,ACCEPT,ICLR,Reject,reject_tier,0.0
ICLR_26_7,native_fluent,ministral3_8b,8.666666666666666,3,0.6666666666666666,ACCEPT,ICLR,Reject,reject_tier,0.0
ICLR_26_7,native_fluent,qwen2.5_32b,8.0,3,1.0,ACCEPT,ICLR,Reject,reject_tier,0.0
ICLR_26_7,native_fluent,qwen2.5_3b,8.333333333333334,3,1.0,ACCEPT,ICLR,Reject,reject_tier,0.0
ICLR_26_7,native_fluent,qwen2.5_7b,8.0,3,1.0,ACCEPT,ICLR,Reject,reject_tier,0.0
ICLR_26_7,original,gemma4_31b,3.3333333333333335,3,0.0,REJECT,ICLR,Reject,reject_tier,0.0
ICLR_26_7,original,gemma4_e4b,7.0,3,1.0,ACCEPT,ICLR,Reject,reject_tier,0.0
ICLR_26_7,original,llama_3.1_8b,8.0,3,1.0,ACCEPT,ICLR,Reject,reject_tier,0.0
ICLR_26_7,original,llama_3.2_3b,7.666666666666667,3,1.0,ACCEPT,ICLR,Reject,reject_tier,0.0
ICLR_26_7,original,ministral3_14b,8.0,3,1.0,ACCEPT,ICLR,Reject,reject_tier,0.0
ICLR_26_7,original,ministral3_8b,7.666666666666667,3,0.6666666666666666,ACCEPT,ICLR,Reject,reject_tier,0.0
ICLR_26_7,original,qwen2.5_32b,7.333333333333333,3,1.0,ACCEPT,ICLR,Reject,reject_tier,0.0
ICLR_26_7,original,qwen2.5_3b,8.333333333333334,3,1.0,ACCEPT,ICLR,Reject,reject_tier,0.0
ICLR_26_7,original,qwen2.5_7b,8.0,3,1.0,ACCEPT,ICLR,Reject,reject_tier,0.0
ICLR_26_7,overclaiming,gemma4_31b,3.0,3,0.0,REJECT,ICLR,Reject,reject_tier,0.0
ICLR_26_7,overclaiming,gemma4_e4b,7.0,3,1.0,ACCEPT,ICLR,Reject,reject_tier,0.0
ICLR_26_7,overclaiming,llama_3.1_8b,8.0,3,1.0,ACCEPT,ICLR,Reject,reject_tier,0.0
ICLR_26_7,overclaiming,llama_3.2_3b,7.666666666666667,3,1.0,ACCEPT,ICLR,Reject,reject_tier,0.0
ICLR_26_7,overclaiming,ministral3_14b,7.666666666666667,3,0.3333333333333333,REJECT,ICLR,Reject,reject_tier,0.0
ICLR_26_7,overclaiming,ministral3_8b,6.666666666666667,3,0.0,REJECT,ICLR,Reject,reject_tier,0.0
ICLR_26_7,overclaiming,qwen2.5_32b,8.0,3,1.0,ACCEPT,ICLR,Reject,reject_tier,0.0
ICLR_26_7,overclaiming,qwen2.5_3b,8.666666666666666,3,1.0,ACCEPT,ICLR,Reject,reject_tier,0.0
ICLR_26_7,overclaiming,qwen2.5_7b,8.0,3,1.0,ACCEPT,ICLR,Reject,reject_tier,0.0
ICLR_26_8,assertive,gemma4_31b,7.0,3,1.0,ACCEPT,ICLR,Reject,reject_tier,4.0
ICLR_26_8,assertive,gemma4_e4b,8.0,3,1.0,ACCEPT,ICLR,Reject,reject_tier,4.0
ICLR_26_8,assertive,llama_3.1_8b,8.0,3,1.0,ACCEPT,ICLR,Reject,reject_tier,4.0
ICLR_26_8,assertive,llama_3.2_3b,8.0,3,1.0,ACCEPT,ICLR,Reject,reject_tier,4.0
ICLR_26_8,assertive,ministral3_14b,8.666666666666666,3,1.0,ACCEPT,ICLR,Reject,reject_tier,4.0
ICLR_26_8,assertive,ministral3_8b,8.666666666666666,3,1.0,ACCEPT,ICLR,Reject,reject_tier,4.0
ICLR_26_8,assertive,qwen2.5_32b,8.0,3,1.0,ACCEPT,ICLR,Reject,reject_tier,4.0
ICLR_26_8,assertive,qwen2.5_3b,8.0,3,1.0,ACCEPT,ICLR,Reject,reject_tier,4.0
ICLR_26_8,assertive,qwen2.5_7b,8.0,3,1.0,ACCEPT,ICLR,Reject,reject_tier,4.0
ICLR_26_8,hedged,gemma4_31b,6.0,3,1.0,ACCEPT,ICLR,Reject,reject_tier,4.0
ICLR_26_8,hedged,gemma4_e4b,7.0,3,1.0,ACCEPT,ICLR,Reject,reject_tier,4.0
ICLR_26_8,hedged,llama_3.1_8b,8.0,3,1.0,ACCEPT,ICLR,Reject,reject_tier,4.0
ICLR_26_8,hedged,llama_3.2_3b,8.0,3,1.0,ACCEPT,ICLR,Reject,reject_tier,4.0
ICLR_26_8,hedged,ministral3_14b,7.666666666666667,3,1.0,ACCEPT,ICLR,Reject,reject_tier,4.0
ICLR_26_8,hedged,ministral3_8b,8.333333333333334,3,1.0,ACCEPT,ICLR,Reject,reject_tier,4.0
ICLR_26_8,hedged,qwen2.5_32b,7.0,3,1.0,ACCEPT,ICLR,Reject,reject_tier,4.0
ICLR_26_8,hedged,qwen2.5_3b,8.0,3,1.0,ACCEPT,ICLR,Reject,reject_tier,4.0
ICLR_26_8,hedged,qwen2.5_7b,8.0,3,1.0,ACCEPT,ICLR,Reject,reject_tier,4.0
ICLR_26_8,l2_grounded,gemma4_31b,7.0,3,1.0,ACCEPT,ICLR,Reject,reject_tier,4.0
ICLR_26_8,l2_grounded,gemma4_e4b,8.0,3,1.0,ACCEPT,ICLR,Reject,reject_tier,4.0
ICLR_26_8,l2_grounded,llama_3.1_8b,8.0,3,1.0,ACCEPT,ICLR,Reject,reject_tier,4.0
ICLR_26_8,l2_grounded,llama_3.2_3b,7.666666666666667,3,1.0,ACCEPT,ICLR,Reject,reject_tier,4.0
ICLR_26_8,l2_grounded,ministral3_14b,8.333333333333334,3,1.0,ACCEPT,ICLR,Reject,reject_tier,4.0
ICLR_26_8,l2_grounded,ministral3_8b,9.0,3,1.0,ACCEPT,ICLR,Reject,reject_tier,4.0
ICLR_26_8,l2_grounded,qwen2.5_32b,8.0,3,1.0,ACCEPT,ICLR,Reject,reject_tier,4.0
ICLR_26_8,l2_grounded,qwen2.5_3b,8.333333333333334,3,1.0,ACCEPT,ICLR,Reject,reject_tier,4.0
ICLR_26_8,l2_grounded,qwen2.5_7b,8.666666666666666,3,1.0,ACCEPT,ICLR,Reject,reject_tier,4.0
ICLR_26_8,native_fluent,gemma4_31b,7.0,3,1.0,ACCEPT,ICLR,Reject,reject_tier,4.0
ICLR_26_8,native_fluent,gemma4_e4b,8.0,3,1.0,ACCEPT,ICLR,Reject,reject_tier,4.0
ICLR_26_8,native_fluent,llama_3.1_8b,8.0,3,1.0,ACCEPT,ICLR,Reject,reject_tier,4.0
ICLR_26_8,native_fluent,llama_3.2_3b,8.0,3,1.0,ACCEPT,ICLR,Reject,reject_tier,4.0
ICLR_26_8,native_fluent,ministral3_14b,8.333333333333334,3,1.0,ACCEPT,ICLR,Reject,reject_tier,4.0
ICLR_26_8,native_fluent,ministral3_8b,8.333333333333334,3,1.0,ACCEPT,ICLR,Reject,reject_tier,4.0
ICLR_26_8,native_fluent,qwen2.5_32b,8.0,3,1.0,ACCEPT,ICLR,Reject,reject_tier,4.0
ICLR_26_8,native_fluent,qwen2.5_3b,8.0,3,1.0,ACCEPT,ICLR,Reject,reject_tier,4.0
ICLR_26_8,native_fluent,qwen2.5_7b,8.0,3,1.0,ACCEPT,ICLR,Reject,reject_tier,4.0
ICLR_26_8,original,gemma4_31b,7.0,3,1.0,ACCEPT,ICLR,Reject,reject_tier,4.0
ICLR_26_8,original,gemma4_e4b,8.0,3,1.0,ACCEPT,ICLR,Reject,reject_tier,4.0
ICLR_26_8,original,llama_3.1_8b,8.0,3,1.0,ACCEPT,ICLR,Reject,reject_tier,4.0
ICLR_26_8,original,llama_3.2_3b,7.666666666666667,3,1.0,ACCEPT,ICLR,Reject,reject_tier,4.0
ICLR_26_8,original,ministral3_14b,8.666666666666666,3,1.0,ACCEPT,ICLR,Reject,reject_tier,4.0
ICLR_26_8,original,ministral3_8b,8.0,3,1.0,ACCEPT,ICLR,Reject,reject_tier,4.0
ICLR_26_8,original,qwen2.5_32b,8.0,3,1.0,ACCEPT,ICLR,Reject,reject_tier,4.0
ICLR_26_8,original,qwen2.5_3b,8.0,3,1.0,ACCEPT,ICLR,Reject,reject_tier,4.0
ICLR_26_8,original,qwen2.5_7b,8.0,3,1.0,ACCEPT,ICLR,Reject,reject_tier,4.0
ICLR_26_8,overclaiming,gemma4_31b,4.333333333333333,3,0.0,REJECT,ICLR,Reject,reject_tier,4.0
ICLR_26_8,overclaiming,gemma4_e4b,8.0,3,1.0,ACCEPT,ICLR,Reject,reject_tier,4.0
ICLR_26_8,overclaiming,llama_3.1_8b,8.0,3,1.0,ACCEPT,ICLR,Reject,reject_tier,4.0
ICLR_26_8,overclaiming,llama_3.2_3b,7.666666666666667,3,1.0,ACCEPT,ICLR,Reject,reject_tier,4.0
ICLR_26_8,overclaiming,ministral3_14b,8.0,3,1.0,ACCEPT,ICLR,Reject,reject_tier,4.0
ICLR_26_8,overclaiming,ministral3_8b,8.333333333333334,3,0.6666666666666666,ACCEPT,ICLR,Reject,reject_tier,4.0
ICLR_26_8,overclaiming,qwen2.5_32b,8.0,3,1.0,ACCEPT,ICLR,Reject,reject_tier,4.0
ICLR_26_8,overclaiming,qwen2.5_3b,8.666666666666666,3,1.0,ACCEPT,ICLR,Reject,reject_tier,4.0
ICLR_26_8,overclaiming,qwen2.5_7b,8.666666666666666,3,1.0,ACCEPT,ICLR,Reject,reject_tier,4.0
ICLR_26_9,assertive,gemma4_31b,6.0,3,0.0,REJECT,ICLR,Reject,reject_tier,2.4
ICLR_26_9,assertive,gemma4_e4b,7.333333333333333,3,1.0,ACCEPT,ICLR,Reject,reject_tier,2.4
ICLR_26_9,assertive,llama_3.1_8b,8.0,3,1.0,ACCEPT,ICLR,Reject,reject_tier,2.4
ICLR_26_9,assertive,llama_3.2_3b,8.0,3,1.0,ACCEPT,ICLR,Reject,reject_tier,2.4
ICLR_26_9,assertive,ministral3_14b,8.333333333333334,3,1.0,ACCEPT,ICLR,Reject,reject_tier,2.4
ICLR_26_9,assertive,ministral3_8b,8.0,3,1.0,ACCEPT,ICLR,Reject,reject_tier,2.4
ICLR_26_9,assertive,qwen2.5_32b,8.0,3,1.0,ACCEPT,ICLR,Reject,reject_tier,2.4
ICLR_26_9,assertive,qwen2.5_3b,8.333333333333334,3,1.0,ACCEPT,ICLR,Reject,reject_tier,2.4
ICLR_26_9,assertive,qwen2.5_7b,8.0,3,1.0,ACCEPT,ICLR,Reject,reject_tier,2.4
ICLR_26_9,hedged,gemma4_31b,5.333333333333333,3,0.0,REJECT,ICLR,Reject,reject_tier,2.4
ICLR_26_9,hedged,gemma4_e4b,7.0,3,1.0,ACCEPT,ICLR,Reject,reject_tier,2.4
ICLR_26_9,hedged,llama_3.1_8b,8.0,3,1.0,ACCEPT,ICLR,Reject,reject_tier,2.4
ICLR_26_9,hedged,llama_3.2_3b,8.0,3,1.0,ACCEPT,ICLR,Reject,reject_tier,2.4
ICLR_26_9,hedged,ministral3_14b,7.666666666666667,3,1.0,ACCEPT,ICLR,Reject,reject_tier,2.4
ICLR_26_9,hedged,ministral3_8b,7.666666666666667,3,0.3333333333333333,REJECT,ICLR,Reject,reject_tier,2.4
ICLR_26_9,hedged,qwen2.5_32b,7.666666666666667,3,1.0,ACCEPT,ICLR,Reject,reject_tier,2.4
ICLR_26_9,hedged,qwen2.5_3b,8.0,3,1.0,ACCEPT,ICLR,Reject,reject_tier,2.4
ICLR_26_9,hedged,qwen2.5_7b,8.0,3,1.0,ACCEPT,ICLR,Reject,reject_tier,2.4
ICLR_26_9,l2_grounded,gemma4_31b,5.333333333333333,3,0.0,REJECT,ICLR,Reject,reject_tier,2.4
ICLR_26_9,l2_grounded,gemma4_e4b,7.0,3,1.0,ACCEPT,ICLR,Reject,reject_tier,2.4
ICLR_26_9,l2_grounded,llama_3.1_8b,8.0,3,1.0,ACCEPT,ICLR,Reject,reject_tier,2.4
ICLR_26_9,l2_grounded,llama_3.2_3b,7.666666666666667,3,1.0,ACCEPT,ICLR,Reject,reject_tier,2.4
ICLR_26_9,l2_grounded,ministral3_14b,7.666666666666667,3,1.0,ACCEPT,ICLR,Reject,reject_tier,2.4
ICLR_26_9,l2_grounded,ministral3_8b,8.0,3,1.0,ACCEPT,ICLR,Reject,reject_tier,2.4
ICLR_26_9,l2_grounded,qwen2.5_32b,8.0,3,1.0,ACCEPT,ICLR,Reject,reject_tier,2.4
ICLR_26_9,l2_grounded,qwen2.5_3b,8.0,3,1.0,ACCEPT,ICLR,Reject,reject_tier,2.4
ICLR_26_9,l2_grounded,qwen2.5_7b,8.0,3,1.0,ACCEPT,ICLR,Reject,reject_tier,2.4
ICLR_26_9,native_fluent,gemma4_31b,6.0,3,0.0,REJECT,ICLR,Reject,reject_tier,2.4
ICLR_26_9,native_fluent,gemma4_e4b,7.333333333333333,3,1.0,ACCEPT,ICLR,Reject,reject_tier,2.4
ICLR_26_9,native_fluent,llama_3.1_8b,8.0,3,1.0,ACCEPT,ICLR,Reject,reject_tier,2.4
ICLR_26_9,native_fluent,llama_3.2_3b,8.0,3,1.0,ACCEPT,ICLR,Reject,reject_tier,2.4
ICLR_26_9,native_fluent,ministral3_14b,8.333333333333334,3,1.0,ACCEPT,ICLR,Reject,reject_tier,2.4
ICLR_26_9,native_fluent,ministral3_8b,7.666666666666667,3,0.6666666666666666,ACCEPT,ICLR,Reject,reject_tier,2.4
ICLR_26_9,native_fluent,qwen2.5_32b,8.0,3,1.0,ACCEPT,ICLR,Reject,reject_tier,2.4
ICLR_26_9,native_fluent,qwen2.5_3b,8.333333333333334,3,1.0,ACCEPT,ICLR,Reject,reject_tier,2.4
ICLR_26_9,native_fluent,qwen2.5_7b,8.0,3,1.0,ACCEPT,ICLR,Reject,reject_tier,2.4
ICLR_26_9,original,gemma4_31b,4.0,3,0.0,REJECT,ICLR,Reject,reject_tier,2.4
ICLR_26_9,original,gemma4_e4b,7.0,3,1.0,ACCEPT,ICLR,Reject,reject_tier,2.4
ICLR_26_9,original,llama_3.1_8b,8.0,3,1.0,ACCEPT,ICLR,Reject,reject_tier,2.4
ICLR_26_9,original,llama_3.2_3b,8.0,3,1.0,ACCEPT,ICLR,Reject,reject_tier,2.4
ICLR_26_9,original,ministral3_14b,8.0,3,1.0,ACCEPT,ICLR,Reject,reject_tier,2.4
ICLR_26_9,original,ministral3_8b,7.0,3,0.0,REJECT,ICLR,Reject,reject_tier,2.4
ICLR_26_9,original,qwen2.5_32b,8.0,3,1.0,ACCEPT,ICLR,Reject,reject_tier,2.4
ICLR_26_9,original,qwen2.5_3b,8.0,3,1.0,ACCEPT,ICLR,Reject,reject_tier,2.4
ICLR_26_9,original,qwen2.5_7b,8.0,3,1.0,ACCEPT,ICLR,Reject,reject_tier,2.4
ICLR_26_9,overclaiming,gemma4_31b,3.0,3,0.0,REJECT,ICLR,Reject,reject_tier,2.4
ICLR_26_9,overclaiming,gemma4_e4b,6.0,3,1.0,ACCEPT,ICLR,Reject,reject_tier,2.4
ICLR_26_9,overclaiming,llama_3.1_8b,8.0,3,1.0,ACCEPT,ICLR,Reject,reject_tier,2.4
ICLR_26_9,overclaiming,llama_3.2_3b,8.333333333333334,3,1.0,ACCEPT,ICLR,Reject,reject_tier,2.4
ICLR_26_9,overclaiming,ministral3_14b,7.666666666666667,3,0.6666666666666666,ACCEPT,ICLR,Reject,reject_tier,2.4
ICLR_26_9,overclaiming,ministral3_8b,5.666666666666667,3,0.0,REJECT,ICLR,Reject,reject_tier,2.4
ICLR_26_9,overclaiming,qwen2.5_32b,8.0,3,1.0,ACCEPT,ICLR,Reject,reject_tier,2.4
ICLR_26_9,overclaiming,qwen2.5_3b,8.0,3,1.0,ACCEPT,ICLR,Reject,reject_tier,2.4
ICLR_26_9,overclaiming,qwen2.5_7b,8.0,3,1.0,ACCEPT,ICLR,Reject,reject_tier,2.4
ICML_26_1,assertive,gemma4_31b,6.0,3,0.0,REJECT,ICML,Reject,reject_tier,3.25
ICML_26_1,assertive,gemma4_e4b,8.0,3,1.0,ACCEPT,ICML,Reject,reject_tier,3.25
ICML_26_1,assertive,llama_3.1_8b,8.0,3,1.0,ACCEPT,ICML,Reject,reject_tier,3.25
ICML_26_1,assertive,llama_3.2_3b,7.666666666666667,3,1.0,ACCEPT,ICML,Reject,reject_tier,3.25
ICML_26_1,assertive,ministral3_14b,8.333333333333334,3,1.0,ACCEPT,ICML,Reject,reject_tier,3.25
ICML_26_1,assertive,ministral3_8b,8.666666666666666,3,0.6666666666666666,ACCEPT,ICML,Reject,reject_tier,3.25
ICML_26_1,assertive,qwen2.5_32b,8.0,3,1.0,ACCEPT,ICML,Reject,reject_tier,3.25
ICML_26_1,assertive,qwen2.5_3b,8.0,3,1.0,ACCEPT,ICML,Reject,reject_tier,3.25
ICML_26_1,assertive,qwen2.5_7b,8.666666666666666,3,1.0,ACCEPT,ICML,Reject,reject_tier,3.25
ICML_26_1,hedged,gemma4_31b,6.0,3,0.0,REJECT,ICML,Reject,reject_tier,3.25
ICML_26_1,hedged,gemma4_e4b,7.0,3,1.0,ACCEPT,ICML,Reject,reject_tier,3.25
ICML_26_1,hedged,llama_3.1_8b,8.0,3,1.0,ACCEPT,ICML,Reject,reject_tier,3.25
ICML_26_1,hedged,llama_3.2_3b,8.0,3,1.0,ACCEPT,ICML,Reject,reject_tier,3.25
ICML_26_1,hedged,ministral3_14b,7.0,3,0.3333333333333333,REJECT,ICML,Reject,reject_tier,3.25
ICML_26_1,hedged,ministral3_8b,8.0,3,0.6666666666666666,ACCEPT,ICML,Reject,reject_tier,3.25
ICML_26_1,hedged,qwen2.5_32b,7.0,3,1.0,ACCEPT,ICML,Reject,reject_tier,3.25
ICML_26_1,hedged,qwen2.5_3b,8.0,3,1.0,ACCEPT,ICML,Reject,reject_tier,3.25
ICML_26_1,hedged,qwen2.5_7b,8.0,3,1.0,ACCEPT,ICML,Reject,reject_tier,3.25
ICML_26_1,l2_grounded,gemma4_31b,6.0,3,0.0,REJECT,ICML,Reject,reject_tier,3.25
ICML_26_1,l2_grounded,gemma4_e4b,7.0,3,1.0,ACCEPT,ICML,Reject,reject_tier,3.25
ICML_26_1,l2_grounded,llama_3.1_8b,8.0,3,1.0,ACCEPT,ICML,Reject,reject_tier,3.25
ICML_26_1,l2_grounded,llama_3.2_3b,8.0,3,1.0,ACCEPT,ICML,Reject,reject_tier,3.25
ICML_26_1,l2_grounded,ministral3_14b,8.0,3,1.0,ACCEPT,ICML,Reject,reject_tier,3.25
ICML_26_1,l2_grounded,ministral3_8b,8.0,3,0.3333333333333333,REJECT,ICML,Reject,reject_tier,3.25
ICML_26_1,l2_grounded,qwen2.5_32b,8.0,3,1.0,ACCEPT,ICML,Reject,reject_tier,3.25
ICML_26_1,l2_grounded,qwen2.5_3b,8.333333333333334,3,1.0,ACCEPT,ICML,Reject,reject_tier,3.25
ICML_26_1,l2_grounded,qwen2.5_7b,8.0,3,1.0,ACCEPT,ICML,Reject,reject_tier,3.25
ICML_26_1,native_fluent,gemma4_31b,6.333333333333333,3,0.3333333333333333,REJECT,ICML,Reject,reject_tier,3.25
ICML_26_1,native_fluent,gemma4_e4b,8.0,3,1.0,ACCEPT,ICML,Reject,reject_tier,3.25
ICML_26_1,native_fluent,llama_3.1_8b,8.0,3,1.0,ACCEPT,ICML,Reject,reject_tier,3.25
ICML_26_1,native_fluent,llama_3.2_3b,8.0,3,1.0,ACCEPT,ICML,Reject,reject_tier,3.25
ICML_26_1,native_fluent,ministral3_14b,8.0,3,1.0,ACCEPT,ICML,Reject,reject_tier,3.25
ICML_26_1,native_fluent,ministral3_8b,8.333333333333334,3,1.0,ACCEPT,ICML,Reject,reject_tier,3.25
ICML_26_1,native_fluent,qwen2.5_32b,8.0,3,1.0,ACCEPT,ICML,Reject,reject_tier,3.25
ICML_26_1,native_fluent,qwen2.5_3b,8.0,3,1.0,ACCEPT,ICML,Reject,reject_tier,3.25
ICML_26_1,native_fluent,qwen2.5_7b,8.0,3,1.0,ACCEPT,ICML,Reject,reject_tier,3.25
ICML_26_1,original,gemma4_31b,6.0,3,0.0,REJECT,ICML,Reject,reject_tier,3.25
ICML_26_1,original,gemma4_e4b,8.0,3,1.0,ACCEPT,ICML,Reject,reject_tier,3.25
ICML_26_1,original,llama_3.1_8b,8.0,3,1.0,ACCEPT,ICML,Reject,reject_tier,3.25
ICML_26_1,original,llama_3.2_3b,8.0,3,1.0,ACCEPT,ICML,Reject,reject_tier,3.25
ICML_26_1,original,ministral3_14b,8.666666666666666,3,1.0,ACCEPT,ICML,Reject,reject_tier,3.25
ICML_26_1,original,ministral3_8b,7.666666666666667,3,0.6666666666666666,ACCEPT,ICML,Reject,reject_tier,3.25
ICML_26_1,original,qwen2.5_32b,8.0,3,1.0,ACCEPT,ICML,Reject,reject_tier,3.25
ICML_26_1,original,qwen2.5_3b,8.0,3,1.0,ACCEPT,ICML,Reject,reject_tier,3.25
ICML_26_1,original,qwen2.5_7b,8.0,3,1.0,ACCEPT,ICML,Reject,reject_tier,3.25
ICML_26_1,overclaiming,gemma4_31b,3.0,3,0.0,REJECT,ICML,Reject,reject_tier,3.25
ICML_26_1,overclaiming,gemma4_e4b,7.333333333333333,3,1.0,ACCEPT,ICML,Reject,reject_tier,3.25
ICML_26_1,overclaiming,llama_3.1_8b,8.0,3,1.0,ACCEPT,ICML,Reject,reject_tier,3.25
ICML_26_1,overclaiming,llama_3.2_3b,8.333333333333334,3,1.0,ACCEPT,ICML,Reject,reject_tier,3.25
ICML_26_1,overclaiming,ministral3_14b,8.0,3,1.0,ACCEPT,ICML,Reject,reject_tier,3.25
ICML_26_1,overclaiming,ministral3_8b,8.0,3,0.3333333333333333,REJECT,ICML,Reject,reject_tier,3.25
ICML_26_1,overclaiming,qwen2.5_32b,8.0,3,1.0,ACCEPT,ICML,Reject,reject_tier,3.25
ICML_26_1,overclaiming,qwen2.5_3b,8.333333333333334,3,1.0,ACCEPT,ICML,Reject,reject_tier,3.25
ICML_26_1,overclaiming,qwen2.5_7b,8.333333333333334,3,1.0,ACCEPT,ICML,Reject,reject_tier,3.25
ICML_26_10,assertive,gemma4_31b,7.0,3,1.0,ACCEPT,ICML,Reject,reject_tier,4.25
ICML_26_10,assertive,gemma4_e4b,8.0,3,1.0,ACCEPT,ICML,Reject,reject_tier,4.25
ICML_26_10,assertive,llama_3.1_8b,8.0,3,1.0,ACCEPT,ICML,Reject,reject_tier,4.25
ICML_26_10,assertive,llama_3.2_3b,8.0,3,1.0,ACCEPT,ICML,Reject,reject_tier,4.25
ICML_26_10,assertive,ministral3_14b,8.333333333333334,3,1.0,ACCEPT,ICML,Reject,reject_tier,4.25
ICML_26_10,assertive,ministral3_8b,8.0,3,0.3333333333333333,REJECT,ICML,Reject,reject_tier,4.25
ICML_26_10,assertive,qwen2.5_32b,8.0,3,1.0,ACCEPT,ICML,Reject,reject_tier,4.25
ICML_26_10,assertive,qwen2.5_3b,8.0,3,1.0,ACCEPT,ICML,Reject,reject_tier,4.25
ICML_26_10,assertive,qwen2.5_7b,8.0,3,1.0,ACCEPT,ICML,Reject,reject_tier,4.25
ICML_26_10,hedged,gemma4_31b,7.0,3,1.0,ACCEPT,ICML,Reject,reject_tier,4.25
ICML_26_10,hedged,gemma4_e4b,8.0,3,1.0,ACCEPT,ICML,Reject,reject_tier,4.25
ICML_26_10,hedged,llama_3.1_8b,8.0,3,1.0,ACCEPT,ICML,Reject,reject_tier,4.25
ICML_26_10,hedged,llama_3.2_3b,8.0,3,1.0,ACCEPT,ICML,Reject,reject_tier,4.25
ICML_26_10,hedged,ministral3_14b,7.666666666666667,3,1.0,ACCEPT,ICML,Reject,reject_tier,4.25
ICML_26_10,hedged,ministral3_8b,7.666666666666667,3,0.6666666666666666,ACCEPT,ICML,Reject,reject_tier,4.25
ICML_26_10,hedged,qwen2.5_32b,7.666666666666667,3,1.0,ACCEPT,ICML,Reject,reject_tier,4.25
ICML_26_10,hedged,qwen2.5_3b,8.0,3,1.0,ACCEPT,ICML,Reject,reject_tier,4.25
ICML_26_10,hedged,qwen2.5_7b,8.0,3,1.0,ACCEPT,ICML,Reject,reject_tier,4.25
ICML_26_10,l2_grounded,gemma4_31b,7.0,3,1.0,ACCEPT,ICML,Reject,reject_tier,4.25
ICML_26_10,l2_grounded,gemma4_e4b,8.0,3,1.0,ACCEPT,ICML,Reject,reject_tier,4.25
ICML_26_10,l2_grounded,llama_3.1_8b,8.0,3,1.0,ACCEPT,ICML,Reject,reject_tier,4.25
ICML_26_10,l2_grounded,llama_3.2_3b,8.0,3,1.0,ACCEPT,ICML,Reject,reject_tier,4.25
ICML_26_10,l2_grounded,ministral3_14b,8.333333333333334,3,1.0,ACCEPT,ICML,Reject,reject_tier,4.25
ICML_26_10,l2_grounded,ministral3_8b,8.666666666666666,3,1.0,ACCEPT,ICML,Reject,reject_tier,4.25
ICML_26_10,l2_grounded,qwen2.5_32b,8.0,3,1.0,ACCEPT,ICML,Reject,reject_tier,4.25
ICML_26_10,l2_grounded,qwen2.5_3b,8.0,3,1.0,ACCEPT,ICML,Reject,reject_tier,4.25
ICML_26_10,l2_grounded,qwen2.5_7b,8.0,3,1.0,ACCEPT,ICML,Reject,reject_tier,4.25
ICML_26_10,native_fluent,gemma4_31b,7.0,3,1.0,ACCEPT,ICML,Reject,reject_tier,4.25
ICML_26_10,native_fluent,gemma4_e4b,8.0,3,1.0,ACCEPT,ICML,Reject,reject_tier,4.25
ICML_26_10,native_fluent,llama_3.1_8b,8.0,3,1.0,ACCEPT,ICML,Reject,reject_tier,4.25
ICML_26_10,native_fluent,llama_3.2_3b,8.0,3,1.0,ACCEPT,ICML,Reject,reject_tier,4.25
ICML_26_10,native_fluent,ministral3_14b,8.666666666666666,3,1.0,ACCEPT,ICML,Reject,reject_tier,4.25
ICML_26_10,native_fluent,ministral3_8b,8.0,3,0.6666666666666666,ACCEPT,ICML,Reject,reject_tier,4.25
ICML_26_10,native_fluent,qwen2.5_32b,8.0,3,1.0,ACCEPT,ICML,Reject,reject_tier,4.25
ICML_26_10,native_fluent,qwen2.5_3b,8.0,3,1.0,ACCEPT,ICML,Reject,reject_tier,4.25
ICML_26_10,native_fluent,qwen2.5_7b,8.0,3,1.0,ACCEPT,ICML,Reject,reject_tier,4.25
ICML_26_10,original,gemma4_31b,7.0,3,1.0,ACCEPT,ICML,Reject,reject_tier,4.25
ICML_26_10,original,gemma4_e4b,8.0,3,1.0,ACCEPT,ICML,Reject,reject_tier,4.25
ICML_26_10,original,llama_3.1_8b,8.0,3,1.0,ACCEPT,ICML,Reject,reject_tier,4.25
ICML_26_10,original,llama_3.2_3b,8.0,3,1.0,ACCEPT,ICML,Reject,reject_tier,4.25
ICML_26_10,original,ministral3_14b,9.0,3,1.0,ACCEPT,ICML,Reject,reject_tier,4.25
ICML_26_10,original,ministral3_8b,8.0,3,1.0,ACCEPT,ICML,Reject,reject_tier,4.25
ICML_26_10,original,qwen2.5_32b,8.0,3,1.0,ACCEPT,ICML,Reject,reject_tier,4.25
ICML_26_10,original,qwen2.5_3b,8.0,3,1.0,ACCEPT,ICML,Reject,reject_tier,4.25
ICML_26_10,original,qwen2.5_7b,8.0,3,1.0,ACCEPT,ICML,Reject,reject_tier,4.25
ICML_26_10,overclaiming,gemma4_31b,3.3333333333333335,3,0.0,REJECT,ICML,Reject,reject_tier,4.25
ICML_26_10,overclaiming,gemma4_e4b,8.333333333333334,3,1.0,ACCEPT,ICML,Reject,reject_tier,4.25
ICML_26_10,overclaiming,llama_3.1_8b,8.333333333333334,3,1.0,ACCEPT,ICML,Reject,reject_tier,4.25
ICML_26_10,overclaiming,llama_3.2_3b,8.333333333333334,3,1.0,ACCEPT,ICML,Reject,reject_tier,4.25
ICML_26_10,overclaiming,ministral3_14b,8.333333333333334,3,1.0,ACCEPT,ICML,Reject,reject_tier,4.25
ICML_26_10,overclaiming,ministral3_8b,8.333333333333334,3,1.0,ACCEPT,ICML,Reject,reject_tier,4.25
ICML_26_10,overclaiming,qwen2.5_32b,8.0,3,1.0,ACCEPT,ICML,Reject,reject_tier,4.25
ICML_26_10,overclaiming,qwen2.5_3b,8.333333333333334,3,1.0,ACCEPT,ICML,Reject,reject_tier,4.25
ICML_26_10,overclaiming,qwen2.5_7b,8.0,3,1.0,ACCEPT,ICML,Reject,reject_tier,4.25
ICML_26_11,assertive,gemma4_31b,6.333333333333333,3,0.3333333333333333,REJECT,ICML,Reject,reject_tier,3.0
ICML_26_11,assertive,gemma4_e4b,7.666666666666667,3,1.0,ACCEPT,ICML,Reject,reject_tier,3.0
ICML_26_11,assertive,llama_3.1_8b,8.0,3,1.0,ACCEPT,ICML,Reject,reject_tier,3.0
ICML_26_11,assertive,llama_3.2_3b,7.333333333333333,3,1.0,ACCEPT,ICML,Reject,reject_tier,3.0
ICML_26_11,assertive,ministral3_14b,8.333333333333334,3,1.0,ACCEPT,ICML,Reject,reject_tier,3.0
ICML_26_11,assertive,ministral3_8b,8.0,3,1.0,ACCEPT,ICML,Reject,reject_tier,3.0
ICML_26_11,assertive,qwen2.5_32b,8.0,3,1.0,ACCEPT,ICML,Reject,reject_tier,3.0
ICML_26_11,assertive,qwen2.5_3b,8.0,3,1.0,ACCEPT,ICML,Reject,reject_tier,3.0
ICML_26_11,assertive,qwen2.5_7b,8.333333333333334,3,1.0,ACCEPT,ICML,Reject,reject_tier,3.0
ICML_26_11,hedged,gemma4_31b,6.0,3,0.0,REJECT,ICML,Reject,reject_tier,3.0
ICML_26_11,hedged,gemma4_e4b,7.0,3,1.0,ACCEPT,ICML,Reject,reject_tier,3.0
ICML_26_11,hedged,llama_3.1_8b,8.0,3,1.0,ACCEPT,ICML,Reject,reject_tier,3.0
ICML_26_11,hedged,llama_3.2_3b,8.0,3,1.0,ACCEPT,ICML,Reject,reject_tier,3.0
ICML_26_11,hedged,ministral3_14b,8.0,3,1.0,ACCEPT,ICML,Reject,reject_tier,3.0
ICML_26_11,hedged,ministral3_8b,7.666666666666667,3,0.6666666666666666,ACCEPT,ICML,Reject,reject_tier,3.0
ICML_26_11,hedged,qwen2.5_32b,7.0,3,1.0,ACCEPT,ICML,Reject,reject_tier,3.0
ICML_26_11,hedged,qwen2.5_3b,7.333333333333333,3,1.0,ACCEPT,ICML,Reject,reject_tier,3.0
ICML_26_11,hedged,qwen2.5_7b,8.0,3,1.0,ACCEPT,ICML,Reject,reject_tier,3.0
ICML_26_11,l2_grounded,gemma4_31b,6.666666666666667,3,0.6666666666666666,ACCEPT,ICML,Reject,reject_tier,3.0
ICML_26_11,l2_grounded,gemma4_e4b,7.333333333333333,3,1.0,ACCEPT,ICML,Reject,reject_tier,3.0
ICML_26_11,l2_grounded,llama_3.1_8b,8.0,3,1.0,ACCEPT,ICML,Reject,reject_tier,3.0
ICML_26_11,l2_grounded,llama_3.2_3b,8.0,3,1.0,ACCEPT,ICML,Reject,reject_tier,3.0
ICML_26_11,l2_grounded,ministral3_14b,8.333333333333334,3,1.0,ACCEPT,ICML,Reject,reject_tier,3.0
ICML_26_11,l2_grounded,ministral3_8b,8.0,3,0.6666666666666666,ACCEPT,ICML,Reject,reject_tier,3.0
ICML_26_11,l2_grounded,qwen2.5_32b,8.0,3,1.0,ACCEPT,ICML,Reject,reject_tier,3.0
ICML_26_11,l2_grounded,qwen2.5_3b,8.0,3,1.0,ACCEPT,ICML,Reject,reject_tier,3.0
ICML_26_11,l2_grounded,qwen2.5_7b,8.0,3,1.0,ACCEPT,ICML,Reject,reject_tier,3.0
ICML_26_11,native_fluent,gemma4_31b,6.0,3,0.0,REJECT,ICML,Reject,reject_tier,3.0
ICML_26_11,native_fluent,gemma4_e4b,7.666666666666667,3,1.0,ACCEPT,ICML,Reject,reject_tier,3.0
ICML_26_11,native_fluent,llama_3.1_8b,8.0,3,1.0,ACCEPT,ICML,Reject,reject_tier,3.0
ICML_26_11,native_fluent,llama_3.2_3b,8.0,3,1.0,ACCEPT,ICML,Reject,reject_tier,3.0
ICML_26_11,native_fluent,ministral3_14b,8.0,3,1.0,ACCEPT,ICML,Reject,reject_tier,3.0
ICML_26_11,native_fluent,ministral3_8b,8.333333333333334,3,0.6666666666666666,ACCEPT,ICML,Reject,reject_tier,3.0
ICML_26_11,native_fluent,qwen2.5_32b,8.0,3,1.0,ACCEPT,ICML,Reject,reject_tier,3.0
ICML_26_11,native_fluent,qwen2.5_3b,8.0,3,1.0,ACCEPT,ICML,Reject,reject_tier,3.0
ICML_26_11,native_fluent,qwen2.5_7b,8.0,3,1.0,ACCEPT,ICML,Reject,reject_tier,3.0
ICML_26_11,original,gemma4_31b,6.0,3,0.0,REJECT,ICML,Reject,reject_tier,3.0
ICML_26_11,original,gemma4_e4b,7.333333333333333,3,1.0,ACCEPT,ICML,Reject,reject_tier,3.0
ICML_26_11,original,llama_3.1_8b,8.0,3,1.0,ACCEPT,ICML,Reject,reject_tier,3.0
ICML_26_11,original,llama_3.2_3b,7.666666666666667,3,1.0,ACCEPT,ICML,Reject,reject_tier,3.0
ICML_26_11,original,ministral3_14b,8.0,3,1.0,ACCEPT,ICML,Reject,reject_tier,3.0
ICML_26_11,original,ministral3_8b,8.333333333333334,3,1.0,ACCEPT,ICML,Reject,reject_tier,3.0
ICML_26_11,original,qwen2.5_32b,8.0,3,1.0,ACCEPT,ICML,Reject,reject_tier,3.0
ICML_26_11,original,qwen2.5_3b,8.0,3,1.0,ACCEPT,ICML,Reject,reject_tier,3.0
ICML_26_11,original,qwen2.5_7b,8.333333333333334,3,1.0,ACCEPT,ICML,Reject,reject_tier,3.0
ICML_26_11,overclaiming,gemma4_31b,4.0,3,0.0,REJECT,ICML,Reject,reject_tier,3.0
ICML_26_11,overclaiming,gemma4_e4b,7.666666666666667,3,1.0,ACCEPT,ICML,Reject,reject_tier,3.0
ICML_26_11,overclaiming,llama_3.1_8b,8.0,3,1.0,ACCEPT,ICML,Reject,reject_tier,3.0
ICML_26_11,overclaiming,llama_3.2_3b,8.0,3,1.0,ACCEPT,ICML,Reject,reject_tier,3.0
ICML_26_11,overclaiming,ministral3_14b,8.333333333333334,3,1.0,ACCEPT,ICML,Reject,reject_tier,3.0
ICML_26_11,overclaiming,ministral3_8b,9.0,3,1.0,ACCEPT,ICML,Reject,reject_tier,3.0
ICML_26_11,overclaiming,qwen2.5_32b,8.0,3,1.0,ACCEPT,ICML,Reject,reject_tier,3.0
ICML_26_11,overclaiming,qwen2.5_3b,8.0,3,1.0,ACCEPT,ICML,Reject,reject_tier,3.0
ICML_26_11,overclaiming,qwen2.5_7b,8.666666666666666,3,1.0,ACCEPT,ICML,Reject,reject_tier,3.0
ICML_26_12,assertive,gemma4_31b,6.0,3,0.0,REJECT,ICML,Reject,reject_tier,3.25
ICML_26_12,assertive,gemma4_e4b,7.666666666666667,3,1.0,ACCEPT,ICML,Reject,reject_tier,3.25
ICML_26_12,assertive,llama_3.1_8b,8.0,3,1.0,ACCEPT,ICML,Reject,reject_tier,3.25
ICML_26_12,assertive,llama_3.2_3b,7.333333333333333,3,1.0,ACCEPT,ICML,Reject,reject_tier,3.25
ICML_26_12,assertive,ministral3_14b,8.0,3,1.0,ACCEPT,ICML,Reject,reject_tier,3.25
ICML_26_12,assertive,ministral3_8b,7.666666666666667,3,0.3333333333333333,REJECT,ICML,Reject,reject_tier,3.25
ICML_26_12,assertive,qwen2.5_32b,8.0,3,1.0,ACCEPT,ICML,Reject,reject_tier,3.25
ICML_26_12,assertive,qwen2.5_3b,8.333333333333334,3,1.0,ACCEPT,ICML,Reject,reject_tier,3.25
ICML_26_12,assertive,qwen2.5_7b,8.333333333333334,3,1.0,ACCEPT,ICML,Reject,reject_tier,3.25
ICML_26_12,hedged,gemma4_31b,5.0,3,0.0,REJECT,ICML,Reject,reject_tier,3.25
ICML_26_12,hedged,gemma4_e4b,6.666666666666667,3,1.0,ACCEPT,ICML,Reject,reject_tier,3.25
ICML_26_12,hedged,llama_3.1_8b,8.0,3,1.0,ACCEPT,ICML,Reject,reject_tier,3.25
ICML_26_12,hedged,llama_3.2_3b,7.333333333333333,3,1.0,ACCEPT,ICML,Reject,reject_tier,3.25
ICML_26_12,hedged,ministral3_14b,7.666666666666667,3,1.0,ACCEPT,ICML,Reject,reject_tier,3.25
ICML_26_12,hedged,ministral3_8b,7.666666666666667,3,0.6666666666666666,ACCEPT,ICML,Reject,reject_tier,3.25
ICML_26_12,hedged,qwen2.5_32b,7.0,3,1.0,ACCEPT,ICML,Reject,reject_tier,3.25
ICML_26_12,hedged,qwen2.5_3b,8.0,3,1.0,ACCEPT,ICML,Reject,reject_tier,3.25
ICML_26_12,hedged,qwen2.5_7b,8.0,3,1.0,ACCEPT,ICML,Reject,reject_tier,3.25
ICML_26_12,l2_grounded,gemma4_31b,6.0,3,0.0,REJECT,ICML,Reject,reject_tier,3.25
ICML_26_12,l2_grounded,gemma4_e4b,7.0,3,1.0,ACCEPT,ICML,Reject,reject_tier,3.25
ICML_26_12,l2_grounded,llama_3.1_8b,8.0,3,1.0,ACCEPT,ICML,Reject,reject_tier,3.25
ICML_26_12,l2_grounded,llama_3.2_3b,7.333333333333333,3,1.0,ACCEPT,ICML,Reject,reject_tier,3.25
ICML_26_12,l2_grounded,ministral3_14b,7.666666666666667,3,0.6666666666666666,ACCEPT,ICML,Reject,reject_tier,3.25
ICML_26_12,l2_grounded,ministral3_8b,7.666666666666667,3,0.3333333333333333,REJECT,ICML,Reject,reject_tier,3.25
ICML_26_12,l2_grounded,qwen2.5_32b,8.0,3,1.0,ACCEPT,ICML,Reject,reject_tier,3.25
ICML_26_12,l2_grounded,qwen2.5_3b,8.0,3,1.0,ACCEPT,ICML,Reject,reject_tier,3.25
ICML_26_12,l2_grounded,qwen2.5_7b,8.0,3,1.0,ACCEPT,ICML,Reject,reject_tier,3.25
ICML_26_12,native_fluent,gemma4_31b,6.333333333333333,3,0.3333333333333333,REJECT,ICML,Reject,reject_tier,3.25
ICML_26_12,native_fluent,gemma4_e4b,7.0,3,1.0,ACCEPT,ICML,Reject,reject_tier,3.25
ICML_26_12,native_fluent,llama_3.1_8b,8.0,3,1.0,ACCEPT,ICML,Reject,reject_tier,3.25
ICML_26_12,native_fluent,llama_3.2_3b,7.333333333333333,3,1.0,ACCEPT,ICML,Reject,reject_tier,3.25
ICML_26_12,native_fluent,ministral3_14b,8.333333333333334,3,1.0,ACCEPT,ICML,Reject,reject_tier,3.25
ICML_26_12,native_fluent,ministral3_8b,7.333333333333333,3,0.3333333333333333,REJECT,ICML,Reject,reject_tier,3.25
ICML_26_12,native_fluent,qwen2.5_32b,8.0,3,1.0,ACCEPT,ICML,Reject,reject_tier,3.25
ICML_26_12,native_fluent,qwen2.5_3b,8.333333333333334,3,1.0,ACCEPT,ICML,Reject,reject_tier,3.25
ICML_26_12,native_fluent,qwen2.5_7b,8.0,3,1.0,ACCEPT,ICML,Reject,reject_tier,3.25
ICML_26_12,original,gemma4_31b,6.0,3,0.0,REJECT,ICML,Reject,reject_tier,3.25
ICML_26_12,original,gemma4_e4b,7.333333333333333,3,1.0,ACCEPT,ICML,Reject,reject_tier,3.25
ICML_26_12,original,llama_3.1_8b,8.0,3,1.0,ACCEPT,ICML,Reject,reject_tier,3.25
ICML_26_12,original,llama_3.2_3b,7.666666666666667,3,1.0,ACCEPT,ICML,Reject,reject_tier,3.25
ICML_26_12,original,ministral3_14b,8.0,3,1.0,ACCEPT,ICML,Reject,reject_tier,3.25
ICML_26_12,original,ministral3_8b,8.333333333333334,3,1.0,ACCEPT,ICML,Reject,reject_tier,3.25
ICML_26_12,original,qwen2.5_32b,8.0,3,1.0,ACCEPT,ICML,Reject,reject_tier,3.25
ICML_26_12,original,qwen2.5_3b,8.333333333333334,3,1.0,ACCEPT,ICML,Reject,reject_tier,3.25
ICML_26_12,original,qwen2.5_7b,8.0,3,1.0,ACCEPT,ICML,Reject,reject_tier,3.25
ICML_26_12,overclaiming,gemma4_31b,3.0,3,0.0,REJECT,ICML,Reject,reject_tier,3.25
ICML_26_12,overclaiming,gemma4_e4b,8.0,3,1.0,ACCEPT,ICML,Reject,reject_tier,3.25
ICML_26_12,overclaiming,llama_3.1_8b,8.666666666666666,3,1.0,ACCEPT,ICML,Reject,reject_tier,3.25
ICML_26_12,overclaiming,llama_3.2_3b,8.0,3,1.0,ACCEPT,ICML,Reject,reject_tier,3.25
ICML_26_12,overclaiming,ministral3_14b,8.0,3,1.0,ACCEPT,ICML,Reject,reject_tier,3.25
ICML_26_12,overclaiming,ministral3_8b,8.666666666666666,3,1.0,ACCEPT,ICML,Reject,reject_tier,3.25
ICML_26_12,overclaiming,qwen2.5_32b,8.0,3,1.0,ACCEPT,ICML,Reject,reject_tier,3.25
ICML_26_12,overclaiming,qwen2.5_3b,10.0,3,1.0,ACCEPT,ICML,Reject,reject_tier,3.25
ICML_26_12,overclaiming,qwen2.5_7b,9.0,3,1.0,ACCEPT,ICML,Reject,reject_tier,3.25
ICML_26_13,assertive,gemma4_31b,6.0,3,0.0,REJECT,ICML,Reject,reject_tier,3.25
ICML_26_13,assertive,gemma4_e4b,8.333333333333334,3,1.0,ACCEPT,ICML,Reject,reject_tier,3.25
ICML_26_13,assertive,llama_3.1_8b,8.666666666666666,3,1.0,ACCEPT,ICML,Reject,reject_tier,3.25
ICML_26_13,assertive,llama_3.2_3b,7.666666666666667,3,1.0,ACCEPT,ICML,Reject,reject_tier,3.25
ICML_26_13,assertive,ministral3_14b,9.0,3,1.0,ACCEPT,ICML,Reject,reject_tier,3.25
ICML_26_13,assertive,ministral3_8b,8.333333333333334,3,0.3333333333333333,REJECT,ICML,Reject,reject_tier,3.25
ICML_26_13,assertive,qwen2.5_32b,8.0,3,1.0,ACCEPT,ICML,Reject,reject_tier,3.25
ICML_26_13,assertive,qwen2.5_3b,8.666666666666666,3,1.0,ACCEPT,ICML,Reject,reject_tier,3.25
ICML_26_13,assertive,qwen2.5_7b,8.666666666666666,3,1.0,ACCEPT,ICML,Reject,reject_tier,3.25
ICML_26_13,hedged,gemma4_31b,4.0,3,0.0,REJECT,ICML,Reject,reject_tier,3.25
ICML_26_13,hedged,gemma4_e4b,8.0,3,1.0,ACCEPT,ICML,Reject,reject_tier,3.25
ICML_26_13,hedged,llama_3.1_8b,8.0,3,1.0,ACCEPT,ICML,Reject,reject_tier,3.25
ICML_26_13,hedged,llama_3.2_3b,7.666666666666667,3,1.0,ACCEPT,ICML,Reject,reject_tier,3.25
ICML_26_13,hedged,ministral3_14b,8.333333333333334,3,1.0,ACCEPT,ICML,Reject,reject_tier,3.25
ICML_26_13,hedged,ministral3_8b,7.666666666666667,3,0.6666666666666666,ACCEPT,ICML,Reject,reject_tier,3.25
ICML_26_13,hedged,qwen2.5_32b,8.0,3,1.0,ACCEPT,ICML,Reject,reject_tier,3.25
ICML_26_13,hedged,qwen2.5_3b,8.0,3,1.0,ACCEPT,ICML,Reject,reject_tier,3.25
ICML_26_13,hedged,qwen2.5_7b,8.0,3,1.0,ACCEPT,ICML,Reject,reject_tier,3.25
ICML_26_13,l2_grounded,gemma4_31b,6.0,3,0.0,REJECT,ICML,Reject,reject_tier,3.25
ICML_26_13,l2_grounded,gemma4_e4b,8.666666666666666,3,1.0,ACCEPT,ICML,Reject,reject_tier,3.25
ICML_26_13,l2_grounded,llama_3.1_8b,8.333333333333334,3,1.0,ACCEPT,ICML,Reject,reject_tier,3.25
ICML_26_13,l2_grounded,llama_3.2_3b,8.0,3,1.0,ACCEPT,ICML,Reject,reject_tier,3.25
ICML_26_13,l2_grounded,ministral3_14b,9.0,3,1.0,ACCEPT,ICML,Reject,reject_tier,3.25
ICML_26_13,l2_grounded,ministral3_8b,8.0,3,0.3333333333333333,REJECT,ICML,Reject,reject_tier,3.25
ICML_26_13,l2_grounded,qwen2.5_32b,8.0,3,1.0,ACCEPT,ICML,Reject,reject_tier,3.25
ICML_26_13,l2_grounded,qwen2.5_3b,8.666666666666666,3,1.0,ACCEPT,ICML,Reject,reject_tier,3.25
ICML_26_13,l2_grounded,qwen2.5_7b,8.0,3,1.0,ACCEPT,ICML,Reject,reject_tier,3.25
ICML_26_13,native_fluent,gemma4_31b,6.0,3,0.0,REJECT,ICML,Reject,reject_tier,3.25
ICML_26_13,native_fluent,gemma4_e4b,8.666666666666666,3,1.0,ACCEPT,ICML,Reject,reject_tier,3.25
ICML_26_13,native_fluent,llama_3.1_8b,8.333333333333334,3,1.0,ACCEPT,ICML,Reject,reject_tier,3.25
ICML_26_13,native_fluent,llama_3.2_3b,7.666666666666667,3,1.0,ACCEPT,ICML,Reject,reject_tier,3.25
ICML_26_13,native_fluent,ministral3_14b,9.0,3,1.0,ACCEPT,ICML,Reject,reject_tier,3.25
ICML_26_13,native_fluent,ministral3_8b,8.0,3,0.6666666666666666,ACCEPT,ICML,Reject,reject_tier,3.25
ICML_26_13,native_fluent,qwen2.5_32b,8.0,3,1.0,ACCEPT,ICML,Reject,reject_tier,3.25
ICML_26_13,native_fluent,qwen2.5_3b,8.333333333333334,3,1.0,ACCEPT,ICML,Reject,reject_tier,3.25
ICML_26_13,native_fluent,qwen2.5_7b,8.333333333333334,3,1.0,ACCEPT,ICML,Reject,reject_tier,3.25
ICML_26_13,original,gemma4_31b,6.0,3,0.0,REJECT,ICML,Reject,reject_tier,3.25
ICML_26_13,original,gemma4_e4b,8.333333333333334,3,1.0,ACCEPT,ICML,Reject,reject_tier,3.25
ICML_26_13,original,llama_3.1_8b,8.333333333333334,3,1.0,ACCEPT,ICML,Reject,reject_tier,3.25
ICML_26_13,original,llama_3.2_3b,8.0,3,1.0,ACCEPT,ICML,Reject,reject_tier,3.25
ICML_26_13,original,ministral3_14b,9.0,3,1.0,ACCEPT,ICML,Reject,reject_tier,3.25
ICML_26_13,original,ministral3_8b,8.333333333333334,3,1.0,ACCEPT,ICML,Reject,reject_tier,3.25
ICML_26_13,original,qwen2.5_32b,8.0,3,1.0,ACCEPT,ICML,Reject,reject_tier,3.25
ICML_26_13,original,qwen2.5_3b,8.666666666666666,3,1.0,ACCEPT,ICML,Reject,reject_tier,3.25
ICML_26_13,original,qwen2.5_7b,8.333333333333334,3,1.0,ACCEPT,ICML,Reject,reject_tier,3.25
ICML_26_13,overclaiming,gemma4_31b,3.0,3,0.0,REJECT,ICML,Reject,reject_tier,3.25
ICML_26_13,overclaiming,gemma4_e4b,8.333333333333334,3,1.0,ACCEPT,ICML,Reject,reject_tier,3.25
ICML_26_13,overclaiming,llama_3.1_8b,8.333333333333334,3,1.0,ACCEPT,ICML,Reject,reject_tier,3.25
ICML_26_13,overclaiming,llama_3.2_3b,8.666666666666666,3,1.0,ACCEPT,ICML,Reject,reject_tier,3.25
ICML_26_13,overclaiming,ministral3_14b,8.333333333333334,3,1.0,ACCEPT,ICML,Reject,reject_tier,3.25
ICML_26_13,overclaiming,ministral3_8b,8.333333333333334,3,0.6666666666666666,ACCEPT,ICML,Reject,reject_tier,3.25
ICML_26_13,overclaiming,qwen2.5_32b,8.0,3,1.0,ACCEPT,ICML,Reject,reject_tier,3.25
ICML_26_13,overclaiming,qwen2.5_3b,9.333333333333334,3,1.0,ACCEPT,ICML,Reject,reject_tier,3.25
ICML_26_13,overclaiming,qwen2.5_7b,8.333333333333334,3,1.0,ACCEPT,ICML,Reject,reject_tier,3.25
ICML_26_14,assertive,gemma4_31b,8.0,3,1.0,ACCEPT,ICML,Reject,reject_tier,3.5
ICML_26_14,assertive,gemma4_e4b,8.0,3,1.0,ACCEPT,ICML,Reject,reject_tier,3.5
ICML_26_14,assertive,llama_3.1_8b,8.0,3,1.0,ACCEPT,ICML,Reject,reject_tier,3.5
ICML_26_14,assertive,llama_3.2_3b,8.0,3,1.0,ACCEPT,ICML,Reject,reject_tier,3.5
ICML_26_14,assertive,ministral3_14b,8.333333333333334,3,1.0,ACCEPT,ICML,Reject,reject_tier,3.5
ICML_26_14,assertive,ministral3_8b,8.0,3,1.0,ACCEPT,ICML,Reject,reject_tier,3.5
ICML_26_14,assertive,qwen2.5_32b,8.0,3,1.0,ACCEPT,ICML,Reject,reject_tier,3.5
ICML_26_14,assertive,qwen2.5_3b,8.0,3,1.0,ACCEPT,ICML,Reject,reject_tier,3.5
ICML_26_14,assertive,qwen2.5_7b,8.0,3,1.0,ACCEPT,ICML,Reject,reject_tier,3.5
ICML_26_14,hedged,gemma4_31b,7.0,3,1.0,ACCEPT,ICML,Reject,reject_tier,3.5
ICML_26_14,hedged,gemma4_e4b,7.666666666666667,3,1.0,ACCEPT,ICML,Reject,reject_tier,3.5
ICML_26_14,hedged,llama_3.1_8b,8.0,3,1.0,ACCEPT,ICML,Reject,reject_tier,3.5
ICML_26_14,hedged,llama_3.2_3b,8.0,3,1.0,ACCEPT,ICML,Reject,reject_tier,3.5
ICML_26_14,hedged,ministral3_14b,7.333333333333333,3,1.0,ACCEPT,ICML,Reject,reject_tier,3.5
ICML_26_14,hedged,ministral3_8b,7.666666666666667,3,0.6666666666666666,ACCEPT,ICML,Reject,reject_tier,3.5
ICML_26_14,hedged,qwen2.5_32b,7.0,3,1.0,ACCEPT,ICML,Reject,reject_tier,3.5
ICML_26_14,hedged,qwen2.5_3b,7.333333333333333,3,1.0,ACCEPT,ICML,Reject,reject_tier,3.5
ICML_26_14,hedged,qwen2.5_7b,8.0,3,1.0,ACCEPT,ICML,Reject,reject_tier,3.5
ICML_26_14,l2_grounded,gemma4_31b,7.0,3,1.0,ACCEPT,ICML,Reject,reject_tier,3.5
ICML_26_14,l2_grounded,gemma4_e4b,8.0,3,1.0,ACCEPT,ICML,Reject,reject_tier,3.5
ICML_26_14,l2_grounded,llama_3.1_8b,8.0,3,1.0,ACCEPT,ICML,Reject,reject_tier,3.5
ICML_26_14,l2_grounded,llama_3.2_3b,8.0,3,1.0,ACCEPT,ICML,Reject,reject_tier,3.5
ICML_26_14,l2_grounded,ministral3_14b,8.666666666666666,3,1.0,ACCEPT,ICML,Reject,reject_tier,3.5
ICML_26_14,l2_grounded,ministral3_8b,8.0,3,0.6666666666666666,ACCEPT,ICML,Reject,reject_tier,3.5
ICML_26_14,l2_grounded,qwen2.5_32b,8.0,3,1.0,ACCEPT,ICML,Reject,reject_tier,3.5
ICML_26_14,l2_grounded,qwen2.5_3b,8.0,3,1.0,ACCEPT,ICML,Reject,reject_tier,3.5
ICML_26_14,l2_grounded,qwen2.5_7b,8.0,3,1.0,ACCEPT,ICML,Reject,reject_tier,3.5
ICML_26_14,native_fluent,gemma4_31b,7.666666666666667,3,1.0,ACCEPT,ICML,Reject,reject_tier,3.5
ICML_26_14,native_fluent,gemma4_e4b,8.0,3,1.0,ACCEPT,ICML,Reject,reject_tier,3.5
ICML_26_14,native_fluent,llama_3.1_8b,8.0,3,1.0,ACCEPT,ICML,Reject,reject_tier,3.5
ICML_26_14,native_fluent,llama_3.2_3b,8.0,3,1.0,ACCEPT,ICML,Reject,reject_tier,3.5
ICML_26_14,native_fluent,ministral3_14b,8.666666666666666,3,1.0,ACCEPT,ICML,Reject,reject_tier,3.5
ICML_26_14,native_fluent,ministral3_8b,9.0,3,1.0,ACCEPT,ICML,Reject,reject_tier,3.5
ICML_26_14,native_fluent,qwen2.5_32b,8.0,3,1.0,ACCEPT,ICML,Reject,reject_tier,3.5
ICML_26_14,native_fluent,qwen2.5_3b,8.0,3,1.0,ACCEPT,ICML,Reject,reject_tier,3.5
ICML_26_14,native_fluent,qwen2.5_7b,8.0,3,1.0,ACCEPT,ICML,Reject,reject_tier,3.5
ICML_26_14,original,gemma4_31b,8.0,3,1.0,ACCEPT,ICML,Reject,reject_tier,3.5
ICML_26_14,original,gemma4_e4b,8.0,3,1.0,ACCEPT,ICML,Reject,reject_tier,3.5
ICML_26_14,original,llama_3.1_8b,8.0,3,1.0,ACCEPT,ICML,Reject,reject_tier,3.5
ICML_26_14,original,llama_3.2_3b,8.0,3,1.0,ACCEPT,ICML,Reject,reject_tier,3.5
ICML_26_14,original,ministral3_14b,8.666666666666666,3,1.0,ACCEPT,ICML,Reject,reject_tier,3.5
ICML_26_14,original,ministral3_8b,9.0,3,1.0,ACCEPT,ICML,Reject,reject_tier,3.5
ICML_26_14,original,qwen2.5_32b,8.0,3,1.0,ACCEPT,ICML,Reject,reject_tier,3.5
ICML_26_14,original,qwen2.5_3b,8.0,3,1.0,ACCEPT,ICML,Reject,reject_tier,3.5
ICML_26_14,original,qwen2.5_7b,8.0,3,1.0,ACCEPT,ICML,Reject,reject_tier,3.5
ICML_26_14,overclaiming,gemma4_31b,3.0,3,0.0,REJECT,ICML,Reject,reject_tier,3.5
ICML_26_14,overclaiming,gemma4_e4b,7.333333333333333,3,1.0,ACCEPT,ICML,Reject,reject_tier,3.5
ICML_26_14,overclaiming,llama_3.1_8b,8.0,3,1.0,ACCEPT,ICML,Reject,reject_tier,3.5
ICML_26_14,overclaiming,llama_3.2_3b,7.666666666666667,3,1.0,ACCEPT,ICML,Reject,reject_tier,3.5
ICML_26_14,overclaiming,ministral3_14b,8.333333333333334,3,1.0,ACCEPT,ICML,Reject,reject_tier,3.5
ICML_26_14,overclaiming,ministral3_8b,8.0,3,0.6666666666666666,ACCEPT,ICML,Reject,reject_tier,3.5
ICML_26_14,overclaiming,qwen2.5_32b,8.0,3,1.0,ACCEPT,ICML,Reject,reject_tier,3.5
ICML_26_14,overclaiming,qwen2.5_3b,7.666666666666667,3,1.0,ACCEPT,ICML,Reject,reject_tier,3.5
ICML_26_14,overclaiming,qwen2.5_7b,8.0,3,1.0,ACCEPT,ICML,Reject,reject_tier,3.5
ICML_26_15,assertive,gemma4_31b,8.0,3,1.0,ACCEPT,ICML,Reject,reject_tier,3.75
ICML_26_15,assertive,gemma4_e4b,8.0,3,1.0,ACCEPT,ICML,Reject,reject_tier,3.75
ICML_26_15,assertive,llama_3.1_8b,8.666666666666666,3,1.0,ACCEPT,ICML,Reject,reject_tier,3.75
ICML_26_15,assertive,llama_3.2_3b,8.333333333333334,3,1.0,ACCEPT,ICML,Reject,reject_tier,3.75
ICML_26_15,assertive,ministral3_14b,9.0,3,1.0,ACCEPT,ICML,Reject,reject_tier,3.75
ICML_26_15,assertive,ministral3_8b,8.666666666666666,3,1.0,ACCEPT,ICML,Reject,reject_tier,3.75
ICML_26_15,assertive,qwen2.5_32b,8.0,3,1.0,ACCEPT,ICML,Reject,reject_tier,3.75
ICML_26_15,assertive,qwen2.5_3b,9.0,3,1.0,ACCEPT,ICML,Reject,reject_tier,3.75
ICML_26_15,assertive,qwen2.5_7b,8.0,3,1.0,ACCEPT,ICML,Reject,reject_tier,3.75
ICML_26_15,hedged,gemma4_31b,7.0,3,1.0,ACCEPT,ICML,Reject,reject_tier,3.75
ICML_26_15,hedged,gemma4_e4b,8.0,3,1.0,ACCEPT,ICML,Reject,reject_tier,3.75
ICML_26_15,hedged,llama_3.1_8b,8.0,3,1.0,ACCEPT,ICML,Reject,reject_tier,3.75
ICML_26_15,hedged,llama_3.2_3b,7.666666666666667,3,1.0,ACCEPT,ICML,Reject,reject_tier,3.75
ICML_26_15,hedged,ministral3_14b,8.666666666666666,3,1.0,ACCEPT,ICML,Reject,reject_tier,3.75
ICML_26_15,hedged,ministral3_8b,8.333333333333334,3,1.0,ACCEPT,ICML,Reject,reject_tier,3.75
ICML_26_15,hedged,qwen2.5_32b,8.0,3,1.0,ACCEPT,ICML,Reject,reject_tier,3.75
ICML_26_15,hedged,qwen2.5_3b,8.0,3,1.0,ACCEPT,ICML,Reject,reject_tier,3.75
ICML_26_15,hedged,qwen2.5_7b,8.0,3,1.0,ACCEPT,ICML,Reject,reject_tier,3.75
ICML_26_15,l2_grounded,gemma4_31b,8.0,3,1.0,ACCEPT,ICML,Reject,reject_tier,3.75
ICML_26_15,l2_grounded,gemma4_e4b,8.0,3,1.0,ACCEPT,ICML,Reject,reject_tier,3.75
ICML_26_15,l2_grounded,llama_3.1_8b,8.333333333333334,3,1.0,ACCEPT,ICML,Reject,reject_tier,3.75
ICML_26_15,l2_grounded,llama_3.2_3b,8.333333333333334,3,1.0,ACCEPT,ICML,Reject,reject_tier,3.75
ICML_26_15,l2_grounded,ministral3_14b,8.666666666666666,3,1.0,ACCEPT,ICML,Reject,reject_tier,3.75
ICML_26_15,l2_grounded,ministral3_8b,8.0,3,1.0,ACCEPT,ICML,Reject,reject_tier,3.75
ICML_26_15,l2_grounded,qwen2.5_32b,8.0,3,1.0,ACCEPT,ICML,Reject,reject_tier,3.75
ICML_26_15,l2_grounded,qwen2.5_3b,8.333333333333334,3,1.0,ACCEPT,ICML,Reject,reject_tier,3.75
ICML_26_15,l2_grounded,qwen2.5_7b,8.0,3,1.0,ACCEPT,ICML,Reject,reject_tier,3.75
ICML_26_15,native_fluent,gemma4_31b,8.0,3,1.0,ACCEPT,ICML,Reject,reject_tier,3.75
ICML_26_15,native_fluent,gemma4_e4b,8.0,3,1.0,ACCEPT,ICML,Reject,reject_tier,3.75
ICML_26_15,native_fluent,llama_3.1_8b,8.666666666666666,3,1.0,ACCEPT,ICML,Reject,reject_tier,3.75
ICML_26_15,native_fluent,llama_3.2_3b,8.333333333333334,3,1.0,ACCEPT,ICML,Reject,reject_tier,3.75
ICML_26_15,native_fluent,ministral3_14b,8.666666666666666,3,1.0,ACCEPT,ICML,Reject,reject_tier,3.75
ICML_26_15,native_fluent,ministral3_8b,9.0,3,1.0,ACCEPT,ICML,Reject,reject_tier,3.75
ICML_26_15,native_fluent,qwen2.5_32b,8.0,3,1.0,ACCEPT,ICML,Reject,reject_tier,3.75
ICML_26_15,native_fluent,qwen2.5_3b,8.333333333333334,3,1.0,ACCEPT,ICML,Reject,reject_tier,3.75
ICML_26_15,native_fluent,qwen2.5_7b,9.0,3,1.0,ACCEPT,ICML,Reject,reject_tier,3.75
ICML_26_15,original,gemma4_31b,8.0,3,1.0,ACCEPT,ICML,Reject,reject_tier,3.75
ICML_26_15,original,gemma4_e4b,8.0,3,1.0,ACCEPT,ICML,Reject,reject_tier,3.75
ICML_26_15,original,llama_3.1_8b,8.0,3,1.0,ACCEPT,ICML,Reject,reject_tier,3.75
ICML_26_15,original,llama_3.2_3b,8.0,3,1.0,ACCEPT,ICML,Reject,reject_tier,3.75
ICML_26_15,original,ministral3_14b,8.666666666666666,3,1.0,ACCEPT,ICML,Reject,reject_tier,3.75
ICML_26_15,original,ministral3_8b,8.666666666666666,3,1.0,ACCEPT,ICML,Reject,reject_tier,3.75
ICML_26_15,original,qwen2.5_32b,8.0,3,1.0,ACCEPT,ICML,Reject,reject_tier,3.75
ICML_26_15,original,qwen2.5_3b,9.0,3,1.0,ACCEPT,ICML,Reject,reject_tier,3.75
ICML_26_15,original,qwen2.5_7b,8.0,3,1.0,ACCEPT,ICML,Reject,reject_tier,3.75
ICML_26_15,overclaiming,gemma4_31b,8.0,3,1.0,ACCEPT,ICML,Reject,reject_tier,3.75
ICML_26_15,overclaiming,gemma4_e4b,8.0,3,1.0,ACCEPT,ICML,Reject,reject_tier,3.75
ICML_26_15,overclaiming,llama_3.1_8b,8.333333333333334,3,1.0,ACCEPT,ICML,Reject,reject_tier,3.75
ICML_26_15,overclaiming,llama_3.2_3b,8.333333333333334,3,1.0,ACCEPT,ICML,Reject,reject_tier,3.75
ICML_26_15,overclaiming,ministral3_14b,9.0,3,1.0,ACCEPT,ICML,Reject,reject_tier,3.75
ICML_26_15,overclaiming,ministral3_8b,9.0,3,1.0,ACCEPT,ICML,Reject,reject_tier,3.75
ICML_26_15,overclaiming,qwen2.5_32b,8.0,3,1.0,ACCEPT,ICML,Reject,reject_tier,3.75
ICML_26_15,overclaiming,qwen2.5_3b,10.0,3,1.0,ACCEPT,ICML,Reject,reject_tier,3.75
ICML_26_15,overclaiming,qwen2.5_7b,8.666666666666666,3,1.0,ACCEPT,ICML,Reject,reject_tier,3.75
ICML_26_16,assertive,gemma4_31b,8.0,3,1.0,ACCEPT,ICML,Reject,reject_tier,3.75
ICML_26_16,assertive,gemma4_e4b,8.0,3,1.0,ACCEPT,ICML,Reject,reject_tier,3.75
ICML_26_16,assertive,llama_3.1_8b,8.0,3,1.0,ACCEPT,ICML,Reject,reject_tier,3.75
ICML_26_16,assertive,llama_3.2_3b,7.666666666666667,3,1.0,ACCEPT,ICML,Reject,reject_tier,3.75
ICML_26_16,assertive,ministral3_14b,9.0,3,1.0,ACCEPT,ICML,Reject,reject_tier,3.75
ICML_26_16,assertive,ministral3_8b,8.666666666666666,3,1.0,ACCEPT,ICML,Reject,reject_tier,3.75
ICML_26_16,assertive,qwen2.5_32b,8.0,3,1.0,ACCEPT,ICML,Reject,reject_tier,3.75
ICML_26_16,assertive,qwen2.5_3b,8.333333333333334,3,1.0,ACCEPT,ICML,Reject,reject_tier,3.75
ICML_26_16,assertive,qwen2.5_7b,8.666666666666666,3,1.0,ACCEPT,ICML,Reject,reject_tier,3.75
ICML_26_16,hedged,gemma4_31b,7.0,3,1.0,ACCEPT,ICML,Reject,reject_tier,3.75
ICML_26_16,hedged,gemma4_e4b,7.666666666666667,3,1.0,ACCEPT,ICML,Reject,reject_tier,3.75
ICML_26_16,hedged,llama_3.1_8b,8.0,3,1.0,ACCEPT,ICML,Reject,reject_tier,3.75
ICML_26_16,hedged,llama_3.2_3b,7.666666666666667,3,1.0,ACCEPT,ICML,Reject,reject_tier,3.75
ICML_26_16,hedged,ministral3_14b,8.666666666666666,3,1.0,ACCEPT,ICML,Reject,reject_tier,3.75
ICML_26_16,hedged,ministral3_8b,8.0,3,0.6666666666666666,ACCEPT,ICML,Reject,reject_tier,3.75
ICML_26_16,hedged,qwen2.5_32b,7.666666666666667,3,1.0,ACCEPT,ICML,Reject,reject_tier,3.75
ICML_26_16,hedged,qwen2.5_3b,8.0,3,1.0,ACCEPT,ICML,Reject,reject_tier,3.75
ICML_26_16,hedged,qwen2.5_7b,8.0,3,1.0,ACCEPT,ICML,Reject,reject_tier,3.75
ICML_26_16,l2_grounded,gemma4_31b,8.0,3,1.0,ACCEPT,ICML,Reject,reject_tier,3.75
ICML_26_16,l2_grounded,gemma4_e4b,8.0,3,1.0,ACCEPT,ICML,Reject,reject_tier,3.75
ICML_26_16,l2_grounded,llama_3.1_8b,8.0,3,1.0,ACCEPT,ICML,Reject,reject_tier,3.75
ICML_26_16,l2_grounded,llama_3.2_3b,8.0,3,1.0,ACCEPT,ICML,Reject,reject_tier,3.75
ICML_26_16,l2_grounded,ministral3_14b,8.666666666666666,3,1.0,ACCEPT,ICML,Reject,reject_tier,3.75
ICML_26_16,l2_grounded,ministral3_8b,8.666666666666666,3,1.0,ACCEPT,ICML,Reject,reject_tier,3.75
ICML_26_16,l2_grounded,qwen2.5_32b,8.0,3,1.0,ACCEPT,ICML,Reject,reject_tier,3.75
ICML_26_16,l2_grounded,qwen2.5_3b,8.0,3,1.0,ACCEPT,ICML,Reject,reject_tier,3.75
ICML_26_16,l2_grounded,qwen2.5_7b,8.0,3,1.0,ACCEPT,ICML,Reject,reject_tier,3.75
ICML_26_16,native_fluent,gemma4_31b,8.0,3,1.0,ACCEPT,ICML,Reject,reject_tier,3.75
ICML_26_16,native_fluent,gemma4_e4b,8.0,3,1.0,ACCEPT,ICML,Reject,reject_tier,3.75
ICML_26_16,native_fluent,llama_3.1_8b,8.333333333333334,3,1.0,ACCEPT,ICML,Reject,reject_tier,3.75
ICML_26_16,native_fluent,llama_3.2_3b,8.0,3,1.0,ACCEPT,ICML,Reject,reject_tier,3.75
ICML_26_16,native_fluent,ministral3_14b,8.666666666666666,3,1.0,ACCEPT,ICML,Reject,reject_tier,3.75
ICML_26_16,native_fluent,ministral3_8b,9.0,3,1.0,ACCEPT,ICML,Reject,reject_tier,3.75
ICML_26_16,native_fluent,qwen2.5_32b,8.0,3,1.0,ACCEPT,ICML,Reject,reject_tier,3.75
ICML_26_16,native_fluent,qwen2.5_3b,8.666666666666666,3,1.0,ACCEPT,ICML,Reject,reject_tier,3.75
ICML_26_16,native_fluent,qwen2.5_7b,8.0,3,1.0,ACCEPT,ICML,Reject,reject_tier,3.75
ICML_26_16,original,gemma4_31b,8.0,3,1.0,ACCEPT,ICML,Reject,reject_tier,3.75
ICML_26_16,original,gemma4_e4b,8.0,3,1.0,ACCEPT,ICML,Reject,reject_tier,3.75
ICML_26_16,original,llama_3.1_8b,8.0,3,1.0,ACCEPT,ICML,Reject,reject_tier,3.75
ICML_26_16,original,llama_3.2_3b,8.0,3,1.0,ACCEPT,ICML,Reject,reject_tier,3.75
ICML_26_16,original,ministral3_14b,9.0,3,1.0,ACCEPT,ICML,Reject,reject_tier,3.75
ICML_26_16,original,ministral3_8b,8.666666666666666,3,1.0,ACCEPT,ICML,Reject,reject_tier,3.75
ICML_26_16,original,qwen2.5_32b,8.0,3,1.0,ACCEPT,ICML,Reject,reject_tier,3.75
ICML_26_16,original,qwen2.5_3b,8.0,3,1.0,ACCEPT,ICML,Reject,reject_tier,3.75
ICML_26_16,original,qwen2.5_7b,8.333333333333334,3,1.0,ACCEPT,ICML,Reject,reject_tier,3.75
ICML_26_16,overclaiming,gemma4_31b,3.0,3,0.0,REJECT,ICML,Reject,reject_tier,3.75
ICML_26_16,overclaiming,gemma4_e4b,7.333333333333333,3,1.0,ACCEPT,ICML,Reject,reject_tier,3.75
ICML_26_16,overclaiming,llama_3.1_8b,7.666666666666667,3,1.0,ACCEPT,ICML,Reject,reject_tier,3.75
ICML_26_16,overclaiming,llama_3.2_3b,8.0,3,1.0,ACCEPT,ICML,Reject,reject_tier,3.75
ICML_26_16,overclaiming,ministral3_14b,3.0,3,0.0,REJECT,ICML,Reject,reject_tier,3.75
ICML_26_16,overclaiming,ministral3_8b,8.333333333333334,3,0.6666666666666666,ACCEPT,ICML,Reject,reject_tier,3.75
ICML_26_16,overclaiming,qwen2.5_32b,8.0,3,1.0,ACCEPT,ICML,Reject,reject_tier,3.75
ICML_26_16,overclaiming,qwen2.5_3b,8.666666666666666,3,1.0,ACCEPT,ICML,Reject,reject_tier,3.75
ICML_26_16,overclaiming,qwen2.5_7b,9.0,3,1.0,ACCEPT,ICML,Reject,reject_tier,3.75
ICML_26_17,assertive,gemma4_31b,7.0,3,1.0,ACCEPT,ICML,Reject,reject_tier,3.6666666666666665
ICML_26_17,assertive,gemma4_e4b,8.0,3,1.0,ACCEPT,ICML,Reject,reject_tier,3.6666666666666665
ICML_26_17,assertive,llama_3.1_8b,8.0,3,1.0,ACCEPT,ICML,Reject,reject_tier,3.6666666666666665
ICML_26_17,assertive,llama_3.2_3b,8.0,3,1.0,ACCEPT,ICML,Reject,reject_tier,3.6666666666666665
ICML_26_17,assertive,ministral3_14b,8.333333333333334,3,1.0,ACCEPT,ICML,Reject,reject_tier,3.6666666666666665
ICML_26_17,assertive,ministral3_8b,8.0,3,0.6666666666666666,ACCEPT,ICML,Reject,reject_tier,3.6666666666666665
ICML_26_17,assertive,qwen2.5_32b,8.0,3,1.0,ACCEPT,ICML,Reject,reject_tier,3.6666666666666665
ICML_26_17,assertive,qwen2.5_3b,8.0,3,1.0,ACCEPT,ICML,Reject,reject_tier,3.6666666666666665
ICML_26_17,assertive,qwen2.5_7b,8.0,3,1.0,ACCEPT,ICML,Reject,reject_tier,3.6666666666666665
ICML_26_17,hedged,gemma4_31b,6.0,3,0.0,REJECT,ICML,Reject,reject_tier,3.6666666666666665
ICML_26_17,hedged,gemma4_e4b,7.0,3,1.0,ACCEPT,ICML,Reject,reject_tier,3.6666666666666665
ICML_26_17,hedged,llama_3.1_8b,8.0,3,1.0,ACCEPT,ICML,Reject,reject_tier,3.6666666666666665
ICML_26_17,hedged,llama_3.2_3b,7.666666666666667,3,1.0,ACCEPT,ICML,Reject,reject_tier,3.6666666666666665
ICML_26_17,hedged,ministral3_14b,7.333333333333333,3,0.6666666666666666,ACCEPT,ICML,Reject,reject_tier,3.6666666666666665
ICML_26_17,hedged,ministral3_8b,7.0,3,0.0,REJECT,ICML,Reject,reject_tier,3.6666666666666665
ICML_26_17,hedged,qwen2.5_32b,7.0,3,1.0,ACCEPT,ICML,Reject,reject_tier,3.6666666666666665
ICML_26_17,hedged,qwen2.5_3b,8.0,3,1.0,ACCEPT,ICML,Reject,reject_tier,3.6666666666666665
ICML_26_17,hedged,qwen2.5_7b,8.0,3,1.0,ACCEPT,ICML,Reject,reject_tier,3.6666666666666665
ICML_26_17,l2_grounded,gemma4_31b,6.0,3,0.0,REJECT,ICML,Reject,reject_tier,3.6666666666666665
ICML_26_17,l2_grounded,gemma4_e4b,8.0,3,1.0,ACCEPT,ICML,Reject,reject_tier,3.6666666666666665
ICML_26_17,l2_grounded,llama_3.1_8b,8.0,3,1.0,ACCEPT,ICML,Reject,reject_tier,3.6666666666666665
ICML_26_17,l2_grounded,llama_3.2_3b,7.666666666666667,3,1.0,ACCEPT,ICML,Reject,reject_tier,3.6666666666666665
ICML_26_17,l2_grounded,ministral3_14b,8.0,3,1.0,ACCEPT,ICML,Reject,reject_tier,3.6666666666666665
ICML_26_17,l2_grounded,ministral3_8b,7.666666666666667,3,0.3333333333333333,REJECT,ICML,Reject,reject_tier,3.6666666666666665
ICML_26_17,l2_grounded,qwen2.5_32b,7.333333333333333,3,1.0,ACCEPT,ICML,Reject,reject_tier,3.6666666666666665
ICML_26_17,l2_grounded,qwen2.5_3b,8.0,3,1.0,ACCEPT,ICML,Reject,reject_tier,3.6666666666666665
ICML_26_17,l2_grounded,qwen2.5_7b,8.0,3,1.0,ACCEPT,ICML,Reject,reject_tier,3.6666666666666665
ICML_26_17,native_fluent,gemma4_31b,7.0,3,1.0,ACCEPT,ICML,Reject,reject_tier,3.6666666666666665
ICML_26_17,native_fluent,gemma4_e4b,7.666666666666667,3,1.0,ACCEPT,ICML,Reject,reject_tier,3.6666666666666665
ICML_26_17,native_fluent,llama_3.1_8b,8.0,3,1.0,ACCEPT,ICML,Reject,reject_tier,3.6666666666666665
ICML_26_17,native_fluent,llama_3.2_3b,7.666666666666667,3,1.0,ACCEPT,ICML,Reject,reject_tier,3.6666666666666665
ICML_26_17,native_fluent,ministral3_14b,8.0,3,1.0,ACCEPT,ICML,Reject,reject_tier,3.6666666666666665
ICML_26_17,native_fluent,ministral3_8b,7.666666666666667,3,0.6666666666666666,ACCEPT,ICML,Reject,reject_tier,3.6666666666666665
ICML_26_17,native_fluent,qwen2.5_32b,8.0,3,1.0,ACCEPT,ICML,Reject,reject_tier,3.6666666666666665
ICML_26_17,native_fluent,qwen2.5_3b,8.0,3,1.0,ACCEPT,ICML,Reject,reject_tier,3.6666666666666665
ICML_26_17,native_fluent,qwen2.5_7b,8.0,3,1.0,ACCEPT,ICML,Reject,reject_tier,3.6666666666666665
ICML_26_17,original,gemma4_31b,7.0,3,1.0,ACCEPT,ICML,Reject,reject_tier,3.6666666666666665
ICML_26_17,original,gemma4_e4b,8.0,3,1.0,ACCEPT,ICML,Reject,reject_tier,3.6666666666666665
ICML_26_17,original,llama_3.1_8b,8.0,3,1.0,ACCEPT,ICML,Reject,reject_tier,3.6666666666666665
ICML_26_17,original,llama_3.2_3b,8.0,3,1.0,ACCEPT,ICML,Reject,reject_tier,3.6666666666666665
ICML_26_17,original,ministral3_14b,7.666666666666667,3,1.0,ACCEPT,ICML,Reject,reject_tier,3.6666666666666665
ICML_26_17,original,ministral3_8b,7.333333333333333,3,0.3333333333333333,REJECT,ICML,Reject,reject_tier,3.6666666666666665
ICML_26_17,original,qwen2.5_32b,8.0,3,1.0,ACCEPT,ICML,Reject,reject_tier,3.6666666666666665
ICML_26_17,original,qwen2.5_3b,8.0,3,1.0,ACCEPT,ICML,Reject,reject_tier,3.6666666666666665
ICML_26_17,original,qwen2.5_7b,8.0,3,1.0,ACCEPT,ICML,Reject,reject_tier,3.6666666666666665
ICML_26_17,overclaiming,gemma4_31b,3.0,3,0.0,REJECT,ICML,Reject,reject_tier,3.6666666666666665
ICML_26_17,overclaiming,gemma4_e4b,7.666666666666667,3,1.0,ACCEPT,ICML,Reject,reject_tier,3.6666666666666665
ICML_26_17,overclaiming,llama_3.1_8b,7.666666666666667,3,1.0,ACCEPT,ICML,Reject,reject_tier,3.6666666666666665
ICML_26_17,overclaiming,llama_3.2_3b,8.0,3,1.0,ACCEPT,ICML,Reject,reject_tier,3.6666666666666665
ICML_26_17,overclaiming,ministral3_14b,7.0,3,0.0,REJECT,ICML,Reject,reject_tier,3.6666666666666665
ICML_26_17,overclaiming,ministral3_8b,7.333333333333333,3,0.0,REJECT,ICML,Reject,reject_tier,3.6666666666666665
ICML_26_17,overclaiming,qwen2.5_32b,8.0,3,1.0,ACCEPT,ICML,Reject,reject_tier,3.6666666666666665
ICML_26_17,overclaiming,qwen2.5_3b,8.333333333333334,3,1.0,ACCEPT,ICML,Reject,reject_tier,3.6666666666666665
ICML_26_17,overclaiming,qwen2.5_7b,8.0,3,1.0,ACCEPT,ICML,Reject,reject_tier,3.6666666666666665
ICML_26_18,assertive,gemma4_31b,7.0,3,1.0,ACCEPT,ICML,Reject,reject_tier,3.75
ICML_26_18,assertive,gemma4_e4b,8.0,3,1.0,ACCEPT,ICML,Reject,reject_tier,3.75
ICML_26_18,assertive,llama_3.1_8b,8.666666666666666,3,1.0,ACCEPT,ICML,Reject,reject_tier,3.75
ICML_26_18,assertive,llama_3.2_3b,8.666666666666666,3,1.0,ACCEPT,ICML,Reject,reject_tier,3.75
ICML_26_18,assertive,ministral3_14b,8.333333333333334,3,1.0,ACCEPT,ICML,Reject,reject_tier,3.75
ICML_26_18,assertive,ministral3_8b,8.333333333333334,3,0.6666666666666666,ACCEPT,ICML,Reject,reject_tier,3.75
ICML_26_18,assertive,qwen2.5_32b,8.0,3,1.0,ACCEPT,ICML,Reject,reject_tier,3.75
ICML_26_18,assertive,qwen2.5_3b,8.0,3,1.0,ACCEPT,ICML,Reject,reject_tier,3.75
ICML_26_18,assertive,qwen2.5_7b,8.0,3,1.0,ACCEPT,ICML,Reject,reject_tier,3.75
ICML_26_18,hedged,gemma4_31b,3.0,3,0.0,REJECT,ICML,Reject,reject_tier,3.75
ICML_26_18,hedged,gemma4_e4b,7.0,3,1.0,ACCEPT,ICML,Reject,reject_tier,3.75
ICML_26_18,hedged,llama_3.1_8b,8.0,3,1.0,ACCEPT,ICML,Reject,reject_tier,3.75
ICML_26_18,hedged,llama_3.2_3b,7.666666666666667,3,1.0,ACCEPT,ICML,Reject,reject_tier,3.75
ICML_26_18,hedged,ministral3_14b,7.666666666666667,3,1.0,ACCEPT,ICML,Reject,reject_tier,3.75
ICML_26_18,hedged,ministral3_8b,5.333333333333333,3,0.0,REJECT,ICML,Reject,reject_tier,3.75
ICML_26_18,hedged,qwen2.5_32b,7.0,3,1.0,ACCEPT,ICML,Reject,reject_tier,3.75
ICML_26_18,hedged,qwen2.5_3b,7.0,3,1.0,ACCEPT,ICML,Reject,reject_tier,3.75
ICML_26_18,hedged,qwen2.5_7b,8.0,3,1.0,ACCEPT,ICML,Reject,reject_tier,3.75
ICML_26_18,l2_grounded,gemma4_31b,6.0,3,0.0,REJECT,ICML,Reject,reject_tier,3.75
ICML_26_18,l2_grounded,gemma4_e4b,8.0,3,1.0,ACCEPT,ICML,Reject,reject_tier,3.75
ICML_26_18,l2_grounded,llama_3.1_8b,8.0,3,1.0,ACCEPT,ICML,Reject,reject_tier,3.75
ICML_26_18,l2_grounded,llama_3.2_3b,8.0,3,1.0,ACCEPT,ICML,Reject,reject_tier,3.75
ICML_26_18,l2_grounded,ministral3_14b,8.666666666666666,3,1.0,ACCEPT,ICML,Reject,reject_tier,3.75
ICML_26_18,l2_grounded,ministral3_8b,8.666666666666666,3,1.0,ACCEPT,ICML,Reject,reject_tier,3.75
ICML_26_18,l2_grounded,qwen2.5_32b,8.0,3,1.0,ACCEPT,ICML,Reject,reject_tier,3.75
ICML_26_18,l2_grounded,qwen2.5_3b,8.0,3,1.0,ACCEPT,ICML,Reject,reject_tier,3.75
ICML_26_18,l2_grounded,qwen2.5_7b,8.0,3,1.0,ACCEPT,ICML,Reject,reject_tier,3.75
ICML_26_18,native_fluent,gemma4_31b,6.0,3,0.0,REJECT,ICML,Reject,reject_tier,3.75
ICML_26_18,native_fluent,gemma4_e4b,7.666666666666667,3,1.0,ACCEPT,ICML,Reject,reject_tier,3.75
ICML_26_18,native_fluent,llama_3.1_8b,8.333333333333334,3,1.0,ACCEPT,ICML,Reject,reject_tier,3.75
ICML_26_18,native_fluent,llama_3.2_3b,8.0,3,1.0,ACCEPT,ICML,Reject,reject_tier,3.75
ICML_26_18,native_fluent,ministral3_14b,8.333333333333334,3,1.0,ACCEPT,ICML,Reject,reject_tier,3.75
ICML_26_18,native_fluent,ministral3_8b,8.0,3,0.3333333333333333,REJECT,ICML,Reject,reject_tier,3.75
ICML_26_18,native_fluent,qwen2.5_32b,8.0,3,1.0,ACCEPT,ICML,Reject,reject_tier,3.75
ICML_26_18,native_fluent,qwen2.5_3b,8.0,3,1.0,ACCEPT,ICML,Reject,reject_tier,3.75
ICML_26_18,native_fluent,qwen2.5_7b,8.0,3,1.0,ACCEPT,ICML,Reject,reject_tier,3.75
ICML_26_18,original,gemma4_31b,6.0,3,0.0,REJECT,ICML,Reject,reject_tier,3.75
ICML_26_18,original,gemma4_e4b,8.0,3,1.0,ACCEPT,ICML,Reject,reject_tier,3.75
ICML_26_18,original,llama_3.1_8b,8.0,3,1.0,ACCEPT,ICML,Reject,reject_tier,3.75
ICML_26_18,original,llama_3.2_3b,8.0,3,1.0,ACCEPT,ICML,Reject,reject_tier,3.75
ICML_26_18,original,ministral3_14b,8.0,3,1.0,ACCEPT,ICML,Reject,reject_tier,3.75
ICML_26_18,original,ministral3_8b,7.666666666666667,3,0.6666666666666666,ACCEPT,ICML,Reject,reject_tier,3.75
ICML_26_18,original,qwen2.5_32b,8.0,3,1.0,ACCEPT,ICML,Reject,reject_tier,3.75
ICML_26_18,original,qwen2.5_3b,8.0,3,1.0,ACCEPT,ICML,Reject,reject_tier,3.75
ICML_26_18,original,qwen2.5_7b,8.0,3,1.0,ACCEPT,ICML,Reject,reject_tier,3.75
ICML_26_18,overclaiming,gemma4_31b,5.333333333333333,3,0.0,REJECT,ICML,Reject,reject_tier,3.75
ICML_26_18,overclaiming,gemma4_e4b,8.0,3,1.0,ACCEPT,ICML,Reject,reject_tier,3.75
ICML_26_18,overclaiming,llama_3.1_8b,9.0,3,1.0,ACCEPT,ICML,Reject,reject_tier,3.75
ICML_26_18,overclaiming,llama_3.2_3b,8.0,3,1.0,ACCEPT,ICML,Reject,reject_tier,3.75
ICML_26_18,overclaiming,ministral3_14b,8.333333333333334,3,1.0,ACCEPT,ICML,Reject,reject_tier,3.75
ICML_26_18,overclaiming,ministral3_8b,8.666666666666666,3,1.0,ACCEPT,ICML,Reject,reject_tier,3.75
ICML_26_18,overclaiming,qwen2.5_32b,8.0,3,1.0,ACCEPT,ICML,Reject,reject_tier,3.75
ICML_26_18,overclaiming,qwen2.5_3b,8.666666666666666,3,1.0,ACCEPT,ICML,Reject,reject_tier,3.75
ICML_26_18,overclaiming,qwen2.5_7b,8.666666666666666,3,1.0,ACCEPT,ICML,Reject,reject_tier,3.75
ICML_26_19,assertive,gemma4_31b,6.0,3,0.0,REJECT,ICML,Reject,reject_tier,3.5
ICML_26_19,assertive,gemma4_e4b,7.0,3,1.0,ACCEPT,ICML,Reject,reject_tier,3.5
ICML_26_19,assertive,llama_3.1_8b,8.0,3,1.0,ACCEPT,ICML,Reject,reject_tier,3.5
ICML_26_19,assertive,llama_3.2_3b,8.0,3,1.0,ACCEPT,ICML,Reject,reject_tier,3.5
ICML_26_19,assertive,ministral3_14b,8.0,3,1.0,ACCEPT,ICML,Reject,reject_tier,3.5
ICML_26_19,assertive,ministral3_8b,8.333333333333334,3,0.6666666666666666,ACCEPT,ICML,Reject,reject_tier,3.5
ICML_26_19,assertive,qwen2.5_32b,8.0,3,1.0,ACCEPT,ICML,Reject,reject_tier,3.5
ICML_26_19,assertive,qwen2.5_3b,8.0,3,1.0,ACCEPT,ICML,Reject,reject_tier,3.5
ICML_26_19,assertive,qwen2.5_7b,8.0,3,1.0,ACCEPT,ICML,Reject,reject_tier,3.5
ICML_26_19,hedged,gemma4_31b,5.0,3,0.0,REJECT,ICML,Reject,reject_tier,3.5
ICML_26_19,hedged,gemma4_e4b,7.0,3,1.0,ACCEPT,ICML,Reject,reject_tier,3.5
ICML_26_19,hedged,llama_3.1_8b,7.666666666666667,3,1.0,ACCEPT,ICML,Reject,reject_tier,3.5
ICML_26_19,hedged,llama_3.2_3b,7.666666666666667,3,1.0,ACCEPT,ICML,Reject,reject_tier,3.5
ICML_26_19,hedged,ministral3_14b,8.333333333333334,3,1.0,ACCEPT,ICML,Reject,reject_tier,3.5
ICML_26_19,hedged,ministral3_8b,7.666666666666667,3,0.3333333333333333,REJECT,ICML,Reject,reject_tier,3.5
ICML_26_19,hedged,qwen2.5_32b,7.333333333333333,3,1.0,ACCEPT,ICML,Reject,reject_tier,3.5
ICML_26_19,hedged,qwen2.5_3b,7.333333333333333,3,1.0,ACCEPT,ICML,Reject,reject_tier,3.5
ICML_26_19,hedged,qwen2.5_7b,8.0,3,1.0,ACCEPT,ICML,Reject,reject_tier,3.5
ICML_26_19,l2_grounded,gemma4_31b,5.0,3,0.0,REJECT,ICML,Reject,reject_tier,3.5
ICML_26_19,l2_grounded,gemma4_e4b,7.0,3,1.0,ACCEPT,ICML,Reject,reject_tier,3.5
ICML_26_19,l2_grounded,llama_3.1_8b,7.333333333333333,3,1.0,ACCEPT,ICML,Reject,reject_tier,3.5
ICML_26_19,l2_grounded,llama_3.2_3b,7.666666666666667,3,1.0,ACCEPT,ICML,Reject,reject_tier,3.5
ICML_26_19,l2_grounded,ministral3_14b,8.0,3,1.0,ACCEPT,ICML,Reject,reject_tier,3.5
ICML_26_19,l2_grounded,ministral3_8b,7.666666666666667,3,0.0,REJECT,ICML,Reject,reject_tier,3.5
ICML_26_19,l2_grounded,qwen2.5_32b,8.0,3,1.0,ACCEPT,ICML,Reject,reject_tier,3.5
ICML_26_19,l2_grounded,qwen2.5_3b,8.0,3,1.0,ACCEPT,ICML,Reject,reject_tier,3.5
ICML_26_19,l2_grounded,qwen2.5_7b,8.0,3,1.0,ACCEPT,ICML,Reject,reject_tier,3.5
ICML_26_19,native_fluent,gemma4_31b,5.333333333333333,3,0.0,REJECT,ICML,Reject,reject_tier,3.5
ICML_26_19,native_fluent,gemma4_e4b,7.0,3,1.0,ACCEPT,ICML,Reject,reject_tier,3.5
ICML_26_19,native_fluent,llama_3.1_8b,8.0,3,1.0,ACCEPT,ICML,Reject,reject_tier,3.5
ICML_26_19,native_fluent,llama_3.2_3b,8.0,3,1.0,ACCEPT,ICML,Reject,reject_tier,3.5
ICML_26_19,native_fluent,ministral3_14b,7.666666666666667,3,1.0,ACCEPT,ICML,Reject,reject_tier,3.5
ICML_26_19,native_fluent,ministral3_8b,8.0,3,1.0,ACCEPT,ICML,Reject,reject_tier,3.5
ICML_26_19,native_fluent,qwen2.5_32b,8.0,3,1.0,ACCEPT,ICML,Reject,reject_tier,3.5
ICML_26_19,native_fluent,qwen2.5_3b,8.0,3,1.0,ACCEPT,ICML,Reject,reject_tier,3.5
ICML_26_19,native_fluent,qwen2.5_7b,8.0,3,1.0,ACCEPT,ICML,Reject,reject_tier,3.5
ICML_26_19,original,gemma4_31b,5.666666666666667,3,0.0,REJECT,ICML,Reject,reject_tier,3.5
ICML_26_19,original,gemma4_e4b,7.0,3,1.0,ACCEPT,ICML,Reject,reject_tier,3.5
ICML_26_19,original,llama_3.1_8b,8.0,3,1.0,ACCEPT,ICML,Reject,reject_tier,3.5
ICML_26_19,original,llama_3.2_3b,8.0,3,1.0,ACCEPT,ICML,Reject,reject_tier,3.5
ICML_26_19,original,ministral3_14b,8.0,3,1.0,ACCEPT,ICML,Reject,reject_tier,3.5
ICML_26_19,original,ministral3_8b,7.666666666666667,3,0.6666666666666666,ACCEPT,ICML,Reject,reject_tier,3.5
ICML_26_19,original,qwen2.5_32b,8.0,3,1.0,ACCEPT,ICML,Reject,reject_tier,3.5
ICML_26_19,original,qwen2.5_3b,7.666666666666667,3,1.0,ACCEPT,ICML,Reject,reject_tier,3.5
ICML_26_19,original,qwen2.5_7b,8.0,3,1.0,ACCEPT,ICML,Reject,reject_tier,3.5
ICML_26_19,overclaiming,gemma4_31b,3.6666666666666665,3,0.0,REJECT,ICML,Reject,reject_tier,3.5
ICML_26_19,overclaiming,gemma4_e4b,7.0,3,1.0,ACCEPT,ICML,Reject,reject_tier,3.5
ICML_26_19,overclaiming,llama_3.1_8b,7.333333333333333,3,1.0,ACCEPT,ICML,Reject,reject_tier,3.5
ICML_26_19,overclaiming,llama_3.2_3b,8.666666666666666,3,1.0,ACCEPT,ICML,Reject,reject_tier,3.5
ICML_26_19,overclaiming,ministral3_14b,8.0,3,1.0,ACCEPT,ICML,Reject,reject_tier,3.5
ICML_26_19,overclaiming,ministral3_8b,8.333333333333334,3,0.6666666666666666,ACCEPT,ICML,Reject,reject_tier,3.5
ICML_26_19,overclaiming,qwen2.5_32b,8.0,3,1.0,ACCEPT,ICML,Reject,reject_tier,3.5
ICML_26_19,overclaiming,qwen2.5_3b,8.0,3,1.0,ACCEPT,ICML,Reject,reject_tier,3.5
ICML_26_19,overclaiming,qwen2.5_7b,8.666666666666666,3,1.0,ACCEPT,ICML,Reject,reject_tier,3.5
ICML_26_2,assertive,gemma4_31b,7.0,3,1.0,ACCEPT,ICML,Reject,reject_tier,3.5
ICML_26_2,assertive,gemma4_e4b,8.0,3,1.0,ACCEPT,ICML,Reject,reject_tier,3.5
ICML_26_2,assertive,llama_3.1_8b,8.0,3,1.0,ACCEPT,ICML,Reject,reject_tier,3.5
ICML_26_2,assertive,llama_3.2_3b,8.0,3,1.0,ACCEPT,ICML,Reject,reject_tier,3.5
ICML_26_2,assertive,ministral3_14b,8.666666666666666,3,1.0,ACCEPT,ICML,Reject,reject_tier,3.5
ICML_26_2,assertive,ministral3_8b,8.0,3,1.0,ACCEPT,ICML,Reject,reject_tier,3.5
ICML_26_2,assertive,qwen2.5_32b,8.0,3,1.0,ACCEPT,ICML,Reject,reject_tier,3.5
ICML_26_2,assertive,qwen2.5_3b,8.0,3,1.0,ACCEPT,ICML,Reject,reject_tier,3.5
ICML_26_2,assertive,qwen2.5_7b,8.0,3,1.0,ACCEPT,ICML,Reject,reject_tier,3.5
ICML_26_2,hedged,gemma4_31b,7.0,3,1.0,ACCEPT,ICML,Reject,reject_tier,3.5
ICML_26_2,hedged,gemma4_e4b,7.333333333333333,3,1.0,ACCEPT,ICML,Reject,reject_tier,3.5
ICML_26_2,hedged,llama_3.1_8b,7.666666666666667,3,1.0,ACCEPT,ICML,Reject,reject_tier,3.5
ICML_26_2,hedged,llama_3.2_3b,7.666666666666667,3,1.0,ACCEPT,ICML,Reject,reject_tier,3.5
ICML_26_2,hedged,ministral3_14b,8.0,3,1.0,ACCEPT,ICML,Reject,reject_tier,3.5
ICML_26_2,hedged,ministral3_8b,8.0,3,1.0,ACCEPT,ICML,Reject,reject_tier,3.5
ICML_26_2,hedged,qwen2.5_32b,7.0,3,1.0,ACCEPT,ICML,Reject,reject_tier,3.5
ICML_26_2,hedged,qwen2.5_3b,8.0,3,1.0,ACCEPT,ICML,Reject,reject_tier,3.5
ICML_26_2,hedged,qwen2.5_7b,8.0,3,1.0,ACCEPT,ICML,Reject,reject_tier,3.5
ICML_26_2,l2_grounded,gemma4_31b,7.0,3,1.0,ACCEPT,ICML,Reject,reject_tier,3.5
ICML_26_2,l2_grounded,gemma4_e4b,7.333333333333333,3,1.0,ACCEPT,ICML,Reject,reject_tier,3.5
ICML_26_2,l2_grounded,llama_3.1_8b,8.0,3,1.0,ACCEPT,ICML,Reject,reject_tier,3.5
ICML_26_2,l2_grounded,llama_3.2_3b,7.666666666666667,3,1.0,ACCEPT,ICML,Reject,reject_tier,3.5
ICML_26_2,l2_grounded,ministral3_14b,9.0,3,1.0,ACCEPT,ICML,Reject,reject_tier,3.5
ICML_26_2,l2_grounded,ministral3_8b,8.333333333333334,3,1.0,ACCEPT,ICML,Reject,reject_tier,3.5
ICML_26_2,l2_grounded,qwen2.5_32b,8.0,3,1.0,ACCEPT,ICML,Reject,reject_tier,3.5
ICML_26_2,l2_grounded,qwen2.5_3b,8.0,3,1.0,ACCEPT,ICML,Reject,reject_tier,3.5
ICML_26_2,l2_grounded,qwen2.5_7b,8.0,3,1.0,ACCEPT,ICML,Reject,reject_tier,3.5
ICML_26_2,native_fluent,gemma4_31b,7.0,3,1.0,ACCEPT,ICML,Reject,reject_tier,3.5
ICML_26_2,native_fluent,gemma4_e4b,8.0,3,1.0,ACCEPT,ICML,Reject,reject_tier,3.5
ICML_26_2,native_fluent,llama_3.1_8b,8.0,3,1.0,ACCEPT,ICML,Reject,reject_tier,3.5
ICML_26_2,native_fluent,llama_3.2_3b,8.0,3,1.0,ACCEPT,ICML,Reject,reject_tier,3.5
ICML_26_2,native_fluent,ministral3_14b,8.666666666666666,3,1.0,ACCEPT,ICML,Reject,reject_tier,3.5
ICML_26_2,native_fluent,ministral3_8b,8.0,3,1.0,ACCEPT,ICML,Reject,reject_tier,3.5
ICML_26_2,native_fluent,qwen2.5_32b,8.0,3,1.0,ACCEPT,ICML,Reject,reject_tier,3.5
ICML_26_2,native_fluent,qwen2.5_3b,8.0,3,1.0,ACCEPT,ICML,Reject,reject_tier,3.5
ICML_26_2,native_fluent,qwen2.5_7b,8.0,3,1.0,ACCEPT,ICML,Reject,reject_tier,3.5
ICML_26_2,original,gemma4_31b,7.0,3,1.0,ACCEPT,ICML,Reject,reject_tier,3.5
ICML_26_2,original,gemma4_e4b,7.666666666666667,3,1.0,ACCEPT,ICML,Reject,reject_tier,3.5
ICML_26_2,original,llama_3.1_8b,8.0,3,1.0,ACCEPT,ICML,Reject,reject_tier,3.5
ICML_26_2,original,llama_3.2_3b,8.0,3,1.0,ACCEPT,ICML,Reject,reject_tier,3.5
ICML_26_2,original,ministral3_14b,8.666666666666666,3,1.0,ACCEPT,ICML,Reject,reject_tier,3.5
ICML_26_2,original,ministral3_8b,8.0,3,0.6666666666666666,ACCEPT,ICML,Reject,reject_tier,3.5
ICML_26_2,original,qwen2.5_32b,7.666666666666667,3,1.0,ACCEPT,ICML,Reject,reject_tier,3.5
ICML_26_2,original,qwen2.5_3b,8.0,3,1.0,ACCEPT,ICML,Reject,reject_tier,3.5
ICML_26_2,original,qwen2.5_7b,8.0,3,1.0,ACCEPT,ICML,Reject,reject_tier,3.5
ICML_26_2,overclaiming,gemma4_31b,6.0,3,0.0,REJECT,ICML,Reject,reject_tier,3.5
ICML_26_2,overclaiming,gemma4_e4b,8.0,3,1.0,ACCEPT,ICML,Reject,reject_tier,3.5
ICML_26_2,overclaiming,llama_3.1_8b,8.0,3,1.0,ACCEPT,ICML,Reject,reject_tier,3.5
ICML_26_2,overclaiming,llama_3.2_3b,8.666666666666666,3,1.0,ACCEPT,ICML,Reject,reject_tier,3.5
ICML_26_2,overclaiming,ministral3_14b,8.666666666666666,3,1.0,ACCEPT,ICML,Reject,reject_tier,3.5
ICML_26_2,overclaiming,ministral3_8b,8.0,3,0.3333333333333333,REJECT,ICML,Reject,reject_tier,3.5
ICML_26_2,overclaiming,qwen2.5_32b,8.0,3,1.0,ACCEPT,ICML,Reject,reject_tier,3.5
ICML_26_2,overclaiming,qwen2.5_3b,8.0,3,1.0,ACCEPT,ICML,Reject,reject_tier,3.5
ICML_26_2,overclaiming,qwen2.5_7b,8.333333333333334,3,1.0,ACCEPT,ICML,Reject,reject_tier,3.5
ICML_26_20,assertive,gemma4_31b,7.333333333333333,3,1.0,ACCEPT,ICML,Reject,reject_tier,3.5
ICML_26_20,assertive,gemma4_e4b,8.0,3,1.0,ACCEPT,ICML,Reject,reject_tier,3.5
ICML_26_20,assertive,llama_3.1_8b,8.333333333333334,3,1.0,ACCEPT,ICML,Reject,reject_tier,3.5
ICML_26_20,assertive,llama_3.2_3b,8.0,3,1.0,ACCEPT,ICML,Reject,reject_tier,3.5
ICML_26_20,assertive,ministral3_14b,9.0,3,1.0,ACCEPT,ICML,Reject,reject_tier,3.5
ICML_26_20,assertive,ministral3_8b,8.666666666666666,3,1.0,ACCEPT,ICML,Reject,reject_tier,3.5
ICML_26_20,assertive,qwen2.5_32b,8.0,3,1.0,ACCEPT,ICML,Reject,reject_tier,3.5
ICML_26_20,assertive,qwen2.5_3b,8.0,3,1.0,ACCEPT,ICML,Reject,reject_tier,3.5
ICML_26_20,assertive,qwen2.5_7b,9.0,3,1.0,ACCEPT,ICML,Reject,reject_tier,3.5
ICML_26_20,hedged,gemma4_31b,7.0,3,1.0,ACCEPT,ICML,Reject,reject_tier,3.5
ICML_26_20,hedged,gemma4_e4b,8.0,3,1.0,ACCEPT,ICML,Reject,reject_tier,3.5
ICML_26_20,hedged,llama_3.1_8b,8.333333333333334,3,1.0,ACCEPT,ICML,Reject,reject_tier,3.5
ICML_26_20,hedged,llama_3.2_3b,8.0,3,1.0,ACCEPT,ICML,Reject,reject_tier,3.5
ICML_26_20,hedged,ministral3_14b,9.0,3,1.0,ACCEPT,ICML,Reject,reject_tier,3.5
ICML_26_20,hedged,ministral3_8b,8.333333333333334,3,1.0,ACCEPT,ICML,Reject,reject_tier,3.5
ICML_26_20,hedged,qwen2.5_32b,8.0,3,1.0,ACCEPT,ICML,Reject,reject_tier,3.5
ICML_26_20,hedged,qwen2.5_3b,8.0,3,1.0,ACCEPT,ICML,Reject,reject_tier,3.5
ICML_26_20,hedged,qwen2.5_7b,9.0,3,1.0,ACCEPT,ICML,Reject,reject_tier,3.5
ICML_26_20,l2_grounded,gemma4_31b,7.0,3,1.0,ACCEPT,ICML,Reject,reject_tier,3.5
ICML_26_20,l2_grounded,gemma4_e4b,8.0,3,1.0,ACCEPT,ICML,Reject,reject_tier,3.5
ICML_26_20,l2_grounded,llama_3.1_8b,8.333333333333334,3,1.0,ACCEPT,ICML,Reject,reject_tier,3.5
ICML_26_20,l2_grounded,llama_3.2_3b,8.0,3,1.0,ACCEPT,ICML,Reject,reject_tier,3.5
ICML_26_20,l2_grounded,ministral3_14b,9.0,3,1.0,ACCEPT,ICML,Reject,reject_tier,3.5
ICML_26_20,l2_grounded,ministral3_8b,9.0,3,1.0,ACCEPT,ICML,Reject,reject_tier,3.5
ICML_26_20,l2_grounded,qwen2.5_32b,8.0,3,1.0,ACCEPT,ICML,Reject,reject_tier,3.5
ICML_26_20,l2_grounded,qwen2.5_3b,9.333333333333334,3,1.0,ACCEPT,ICML,Reject,reject_tier,3.5
ICML_26_20,l2_grounded,qwen2.5_7b,9.0,3,1.0,ACCEPT,ICML,Reject,reject_tier,3.5
ICML_26_20,native_fluent,gemma4_31b,7.0,3,1.0,ACCEPT,ICML,Reject,reject_tier,3.5
ICML_26_20,native_fluent,gemma4_e4b,8.0,3,1.0,ACCEPT,ICML,Reject,reject_tier,3.5
ICML_26_20,native_fluent,llama_3.1_8b,8.0,3,1.0,ACCEPT,ICML,Reject,reject_tier,3.5
ICML_26_20,native_fluent,llama_3.2_3b,8.0,3,1.0,ACCEPT,ICML,Reject,reject_tier,3.5
ICML_26_20,native_fluent,ministral3_14b,9.0,3,1.0,ACCEPT,ICML,Reject,reject_tier,3.5
ICML_26_20,native_fluent,ministral3_8b,9.0,3,1.0,ACCEPT,ICML,Reject,reject_tier,3.5
ICML_26_20,native_fluent,qwen2.5_32b,8.0,3,1.0,ACCEPT,ICML,Reject,reject_tier,3.5
ICML_26_20,native_fluent,qwen2.5_3b,8.666666666666666,3,1.0,ACCEPT,ICML,Reject,reject_tier,3.5
ICML_26_20,native_fluent,qwen2.5_7b,9.0,3,1.0,ACCEPT,ICML,Reject,reject_tier,3.5
ICML_26_20,original,gemma4_31b,7.333333333333333,3,1.0,ACCEPT,ICML,Reject,reject_tier,3.5
ICML_26_20,original,gemma4_e4b,8.0,3,1.0,ACCEPT,ICML,Reject,reject_tier,3.5
ICML_26_20,original,llama_3.1_8b,8.333333333333334,3,1.0,ACCEPT,ICML,Reject,reject_tier,3.5
ICML_26_20,original,llama_3.2_3b,8.0,3,1.0,ACCEPT,ICML,Reject,reject_tier,3.5
ICML_26_20,original,ministral3_14b,9.0,3,1.0,ACCEPT,ICML,Reject,reject_tier,3.5
ICML_26_20,original,ministral3_8b,9.0,3,1.0,ACCEPT,ICML,Reject,reject_tier,3.5
ICML_26_20,original,qwen2.5_32b,8.0,3,1.0,ACCEPT,ICML,Reject,reject_tier,3.5
ICML_26_20,original,qwen2.5_3b,8.333333333333334,3,1.0,ACCEPT,ICML,Reject,reject_tier,3.5
ICML_26_20,original,qwen2.5_7b,9.0,3,1.0,ACCEPT,ICML,Reject,reject_tier,3.5
ICML_26_20,overclaiming,gemma4_31b,6.0,3,0.0,REJECT,ICML,Reject,reject_tier,3.5
ICML_26_20,overclaiming,gemma4_e4b,8.0,3,1.0,ACCEPT,ICML,Reject,reject_tier,3.5
ICML_26_20,overclaiming,llama_3.1_8b,8.0,3,1.0,ACCEPT,ICML,Reject,reject_tier,3.5
ICML_26_20,overclaiming,llama_3.2_3b,8.666666666666666,3,1.0,ACCEPT,ICML,Reject,reject_tier,3.5
ICML_26_20,overclaiming,ministral3_14b,9.0,3,1.0,ACCEPT,ICML,Reject,reject_tier,3.5
ICML_26_20,overclaiming,ministral3_8b,9.0,3,1.0,ACCEPT,ICML,Reject,reject_tier,3.5
ICML_26_20,overclaiming,qwen2.5_32b,9.0,3,1.0,ACCEPT,ICML,Reject,reject_tier,3.5
ICML_26_20,overclaiming,qwen2.5_3b,10.0,3,1.0,ACCEPT,ICML,Reject,reject_tier,3.5
ICML_26_20,overclaiming,qwen2.5_7b,9.0,3,1.0,ACCEPT,ICML,Reject,reject_tier,3.5
ICML_26_21,assertive,gemma4_31b,8.0,3,1.0,ACCEPT,ICML,Reject,reject_tier,3.6666666666666665
ICML_26_21,assertive,gemma4_e4b,8.0,3,1.0,ACCEPT,ICML,Reject,reject_tier,3.6666666666666665
ICML_26_21,assertive,llama_3.1_8b,8.666666666666666,3,1.0,ACCEPT,ICML,Reject,reject_tier,3.6666666666666665
ICML_26_21,assertive,llama_3.2_3b,8.333333333333334,3,1.0,ACCEPT,ICML,Reject,reject_tier,3.6666666666666665
ICML_26_21,assertive,ministral3_14b,8.333333333333334,3,1.0,ACCEPT,ICML,Reject,reject_tier,3.6666666666666665
ICML_26_21,assertive,ministral3_8b,9.0,3,1.0,ACCEPT,ICML,Reject,reject_tier,3.6666666666666665
ICML_26_21,assertive,qwen2.5_32b,8.0,3,1.0,ACCEPT,ICML,Reject,reject_tier,3.6666666666666665
ICML_26_21,assertive,qwen2.5_3b,8.0,3,1.0,ACCEPT,ICML,Reject,reject_tier,3.6666666666666665
ICML_26_21,assertive,qwen2.5_7b,8.0,3,1.0,ACCEPT,ICML,Reject,reject_tier,3.6666666666666665
ICML_26_21,hedged,gemma4_31b,7.0,3,1.0,ACCEPT,ICML,Reject,reject_tier,3.6666666666666665
ICML_26_21,hedged,gemma4_e4b,8.0,3,1.0,ACCEPT,ICML,Reject,reject_tier,3.6666666666666665
ICML_26_21,hedged,llama_3.1_8b,8.0,3,1.0,ACCEPT,ICML,Reject,reject_tier,3.6666666666666665
ICML_26_21,hedged,llama_3.2_3b,8.0,3,1.0,ACCEPT,ICML,Reject,reject_tier,3.6666666666666665
ICML_26_21,hedged,ministral3_14b,8.0,3,1.0,ACCEPT,ICML,Reject,reject_tier,3.6666666666666665
ICML_26_21,hedged,ministral3_8b,8.333333333333334,3,0.6666666666666666,ACCEPT,ICML,Reject,reject_tier,3.6666666666666665
ICML_26_21,hedged,qwen2.5_32b,8.0,3,1.0,ACCEPT,ICML,Reject,reject_tier,3.6666666666666665
ICML_26_21,hedged,qwen2.5_3b,8.0,3,1.0,ACCEPT,ICML,Reject,reject_tier,3.6666666666666665
ICML_26_21,hedged,qwen2.5_7b,8.0,3,1.0,ACCEPT,ICML,Reject,reject_tier,3.6666666666666665
ICML_26_21,l2_grounded,gemma4_31b,8.0,3,1.0,ACCEPT,ICML,Reject,reject_tier,3.6666666666666665
ICML_26_21,l2_grounded,gemma4_e4b,8.0,3,1.0,ACCEPT,ICML,Reject,reject_tier,3.6666666666666665
ICML_26_21,l2_grounded,llama_3.1_8b,8.666666666666666,3,1.0,ACCEPT,ICML,Reject,reject_tier,3.6666666666666665
ICML_26_21,l2_grounded,llama_3.2_3b,7.666666666666667,3,1.0,ACCEPT,ICML,Reject,reject_tier,3.6666666666666665
ICML_26_21,l2_grounded,ministral3_14b,7.666666666666667,3,1.0,ACCEPT,ICML,Reject,reject_tier,3.6666666666666665
ICML_26_21,l2_grounded,ministral3_8b,8.666666666666666,3,1.0,ACCEPT,ICML,Reject,reject_tier,3.6666666666666665
ICML_26_21,l2_grounded,qwen2.5_32b,8.0,3,1.0,ACCEPT,ICML,Reject,reject_tier,3.6666666666666665
ICML_26_21,l2_grounded,qwen2.5_3b,9.0,3,1.0,ACCEPT,ICML,Reject,reject_tier,3.6666666666666665
ICML_26_21,l2_grounded,qwen2.5_7b,8.0,3,1.0,ACCEPT,ICML,Reject,reject_tier,3.6666666666666665
ICML_26_21,native_fluent,gemma4_31b,8.0,3,1.0,ACCEPT,ICML,Reject,reject_tier,3.6666666666666665
ICML_26_21,native_fluent,gemma4_e4b,8.0,3,1.0,ACCEPT,ICML,Reject,reject_tier,3.6666666666666665
ICML_26_21,native_fluent,llama_3.1_8b,8.333333333333334,3,1.0,ACCEPT,ICML,Reject,reject_tier,3.6666666666666665
ICML_26_21,native_fluent,llama_3.2_3b,8.333333333333334,3,1.0,ACCEPT,ICML,Reject,reject_tier,3.6666666666666665
ICML_26_21,native_fluent,ministral3_14b,9.0,3,1.0,ACCEPT,ICML,Reject,reject_tier,3.6666666666666665
ICML_26_21,native_fluent,ministral3_8b,8.666666666666666,3,1.0,ACCEPT,ICML,Reject,reject_tier,3.6666666666666665
ICML_26_21,native_fluent,qwen2.5_32b,8.0,3,1.0,ACCEPT,ICML,Reject,reject_tier,3.6666666666666665
ICML_26_21,native_fluent,qwen2.5_3b,8.333333333333334,3,1.0,ACCEPT,ICML,Reject,reject_tier,3.6666666666666665
ICML_26_21,native_fluent,qwen2.5_7b,8.0,3,1.0,ACCEPT,ICML,Reject,reject_tier,3.6666666666666665
ICML_26_21,original,gemma4_31b,8.0,3,1.0,ACCEPT,ICML,Reject,reject_tier,3.6666666666666665
ICML_26_21,original,gemma4_e4b,8.0,3,1.0,ACCEPT,ICML,Reject,reject_tier,3.6666666666666665
ICML_26_21,original,llama_3.1_8b,8.0,3,1.0,ACCEPT,ICML,Reject,reject_tier,3.6666666666666665
ICML_26_21,original,llama_3.2_3b,8.0,3,1.0,ACCEPT,ICML,Reject,reject_tier,3.6666666666666665
ICML_26_21,original,ministral3_14b,8.0,3,1.0,ACCEPT,ICML,Reject,reject_tier,3.6666666666666665
ICML_26_21,original,ministral3_8b,8.0,3,1.0,ACCEPT,ICML,Reject,reject_tier,3.6666666666666665
ICML_26_21,original,qwen2.5_32b,8.0,3,1.0,ACCEPT,ICML,Reject,reject_tier,3.6666666666666665
ICML_26_21,original,qwen2.5_3b,8.333333333333334,3,1.0,ACCEPT,ICML,Reject,reject_tier,3.6666666666666665
ICML_26_21,original,qwen2.5_7b,8.0,3,1.0,ACCEPT,ICML,Reject,reject_tier,3.6666666666666665
ICML_26_21,overclaiming,gemma4_31b,5.0,3,0.0,REJECT,ICML,Reject,reject_tier,3.6666666666666665
ICML_26_21,overclaiming,gemma4_e4b,8.333333333333334,3,1.0,ACCEPT,ICML,Reject,reject_tier,3.6666666666666665
ICML_26_21,overclaiming,llama_3.1_8b,8.0,3,1.0,ACCEPT,ICML,Reject,reject_tier,3.6666666666666665
ICML_26_21,overclaiming,llama_3.2_3b,8.333333333333334,3,1.0,ACCEPT,ICML,Reject,reject_tier,3.6666666666666665
ICML_26_21,overclaiming,ministral3_14b,9.0,3,1.0,ACCEPT,ICML,Reject,reject_tier,3.6666666666666665
ICML_26_21,overclaiming,ministral3_8b,8.333333333333334,3,0.6666666666666666,ACCEPT,ICML,Reject,reject_tier,3.6666666666666665
ICML_26_21,overclaiming,qwen2.5_32b,9.0,3,1.0,ACCEPT,ICML,Reject,reject_tier,3.6666666666666665
ICML_26_21,overclaiming,qwen2.5_3b,9.333333333333334,3,1.0,ACCEPT,ICML,Reject,reject_tier,3.6666666666666665
ICML_26_21,overclaiming,qwen2.5_7b,9.0,3,1.0,ACCEPT,ICML,Reject,reject_tier,3.6666666666666665
ICML_26_22,assertive,gemma4_31b,8.0,3,1.0,ACCEPT,ICML,Reject,reject_tier,4.0
ICML_26_22,assertive,gemma4_e4b,8.0,3,1.0,ACCEPT,ICML,Reject,reject_tier,4.0
ICML_26_22,assertive,llama_3.1_8b,8.333333333333334,3,1.0,ACCEPT,ICML,Reject,reject_tier,4.0
ICML_26_22,assertive,llama_3.2_3b,8.333333333333334,3,1.0,ACCEPT,ICML,Reject,reject_tier,4.0
ICML_26_22,assertive,ministral3_14b,9.0,3,1.0,ACCEPT,ICML,Reject,reject_tier,4.0
ICML_26_22,assertive,ministral3_8b,8.666666666666666,3,1.0,ACCEPT,ICML,Reject,reject_tier,4.0
ICML_26_22,assertive,qwen2.5_32b,8.0,3,1.0,ACCEPT,ICML,Reject,reject_tier,4.0
ICML_26_22,assertive,qwen2.5_3b,8.0,3,1.0,ACCEPT,ICML,Reject,reject_tier,4.0
ICML_26_22,assertive,qwen2.5_7b,8.666666666666666,3,1.0,ACCEPT,ICML,Reject,reject_tier,4.0
ICML_26_22,hedged,gemma4_31b,8.0,3,1.0,ACCEPT,ICML,Reject,reject_tier,4.0
ICML_26_22,hedged,gemma4_e4b,8.0,3,1.0,ACCEPT,ICML,Reject,reject_tier,4.0
ICML_26_22,hedged,llama_3.1_8b,8.0,3,1.0,ACCEPT,ICML,Reject,reject_tier,4.0
ICML_26_22,hedged,llama_3.2_3b,8.0,3,1.0,ACCEPT,ICML,Reject,reject_tier,4.0
ICML_26_22,hedged,ministral3_14b,9.0,3,1.0,ACCEPT,ICML,Reject,reject_tier,4.0
ICML_26_22,hedged,ministral3_8b,8.666666666666666,3,1.0,ACCEPT,ICML,Reject,reject_tier,4.0
ICML_26_22,hedged,qwen2.5_32b,8.0,3,1.0,ACCEPT,ICML,Reject,reject_tier,4.0
ICML_26_22,hedged,qwen2.5_3b,7.333333333333333,3,1.0,ACCEPT,ICML,Reject,reject_tier,4.0
ICML_26_22,hedged,qwen2.5_7b,8.666666666666666,3,1.0,ACCEPT,ICML,Reject,reject_tier,4.0
ICML_26_22,l2_grounded,gemma4_31b,8.0,3,1.0,ACCEPT,ICML,Reject,reject_tier,4.0
ICML_26_22,l2_grounded,gemma4_e4b,7.333333333333333,3,1.0,ACCEPT,ICML,Reject,reject_tier,4.0
ICML_26_22,l2_grounded,llama_3.1_8b,9.0,3,1.0,ACCEPT,ICML,Reject,reject_tier,4.0
ICML_26_22,l2_grounded,llama_3.2_3b,8.0,3,1.0,ACCEPT,ICML,Reject,reject_tier,4.0
ICML_26_22,l2_grounded,ministral3_14b,9.0,3,1.0,ACCEPT,ICML,Reject,reject_tier,4.0
ICML_26_22,l2_grounded,ministral3_8b,8.666666666666666,3,1.0,ACCEPT,ICML,Reject,reject_tier,4.0
ICML_26_22,l2_grounded,qwen2.5_32b,8.0,3,1.0,ACCEPT,ICML,Reject,reject_tier,4.0
ICML_26_22,l2_grounded,qwen2.5_3b,8.0,3,1.0,ACCEPT,ICML,Reject,reject_tier,4.0
ICML_26_22,l2_grounded,qwen2.5_7b,8.333333333333334,3,1.0,ACCEPT,ICML,Reject,reject_tier,4.0
ICML_26_22,native_fluent,gemma4_31b,8.0,3,1.0,ACCEPT,ICML,Reject,reject_tier,4.0
ICML_26_22,native_fluent,gemma4_e4b,8.0,3,1.0,ACCEPT,ICML,Reject,reject_tier,4.0
ICML_26_22,native_fluent,llama_3.1_8b,9.0,3,1.0,ACCEPT,ICML,Reject,reject_tier,4.0
ICML_26_22,native_fluent,llama_3.2_3b,8.333333333333334,3,1.0,ACCEPT,ICML,Reject,reject_tier,4.0
ICML_26_22,native_fluent,ministral3_14b,9.0,3,1.0,ACCEPT,ICML,Reject,reject_tier,4.0
ICML_26_22,native_fluent,ministral3_8b,9.333333333333334,3,1.0,ACCEPT,ICML,Reject,reject_tier,4.0
ICML_26_22,native_fluent,qwen2.5_32b,8.0,3,1.0,ACCEPT,ICML,Reject,reject_tier,4.0
ICML_26_22,native_fluent,qwen2.5_3b,8.0,3,1.0,ACCEPT,ICML,Reject,reject_tier,4.0
ICML_26_22,native_fluent,qwen2.5_7b,8.0,3,1.0,ACCEPT,ICML,Reject,reject_tier,4.0
ICML_26_22,original,gemma4_31b,8.0,3,1.0,ACCEPT,ICML,Reject,reject_tier,4.0
ICML_26_22,original,gemma4_e4b,8.0,3,1.0,ACCEPT,ICML,Reject,reject_tier,4.0
ICML_26_22,original,llama_3.1_8b,8.666666666666666,3,1.0,ACCEPT,ICML,Reject,reject_tier,4.0
ICML_26_22,original,llama_3.2_3b,8.333333333333334,3,1.0,ACCEPT,ICML,Reject,reject_tier,4.0
ICML_26_22,original,ministral3_14b,9.0,3,1.0,ACCEPT,ICML,Reject,reject_tier,4.0
ICML_26_22,original,ministral3_8b,8.666666666666666,3,1.0,ACCEPT,ICML,Reject,reject_tier,4.0
ICML_26_22,original,qwen2.5_32b,8.0,3,1.0,ACCEPT,ICML,Reject,reject_tier,4.0
ICML_26_22,original,qwen2.5_3b,8.0,3,1.0,ACCEPT,ICML,Reject,reject_tier,4.0
ICML_26_22,original,qwen2.5_7b,8.666666666666666,3,1.0,ACCEPT,ICML,Reject,reject_tier,4.0
ICML_26_22,overclaiming,gemma4_31b,6.0,3,0.0,REJECT,ICML,Reject,reject_tier,4.0
ICML_26_22,overclaiming,gemma4_e4b,8.666666666666666,3,1.0,ACCEPT,ICML,Reject,reject_tier,4.0
ICML_26_22,overclaiming,llama_3.1_8b,8.666666666666666,3,1.0,ACCEPT,ICML,Reject,reject_tier,4.0
ICML_26_22,overclaiming,llama_3.2_3b,9.0,3,1.0,ACCEPT,ICML,Reject,reject_tier,4.0
ICML_26_22,overclaiming,ministral3_14b,9.0,3,1.0,ACCEPT,ICML,Reject,reject_tier,4.0
ICML_26_22,overclaiming,ministral3_8b,9.333333333333334,3,1.0,ACCEPT,ICML,Reject,reject_tier,4.0
ICML_26_22,overclaiming,qwen2.5_32b,9.0,3,1.0,ACCEPT,ICML,Reject,reject_tier,4.0
ICML_26_22,overclaiming,qwen2.5_3b,7.0,3,1.0,ACCEPT,ICML,Reject,reject_tier,4.0
ICML_26_22,overclaiming,qwen2.5_7b,9.0,3,1.0,ACCEPT,ICML,Reject,reject_tier,4.0
ICML_26_23,assertive,gemma4_31b,7.0,3,1.0,ACCEPT,ICML,Reject,reject_tier,2.0
ICML_26_23,assertive,gemma4_e4b,8.0,3,1.0,ACCEPT,ICML,Reject,reject_tier,2.0
ICML_26_23,assertive,llama_3.1_8b,8.333333333333334,3,1.0,ACCEPT,ICML,Reject,reject_tier,2.0
ICML_26_23,assertive,llama_3.2_3b,8.333333333333334,3,1.0,ACCEPT,ICML,Reject,reject_tier,2.0
ICML_26_23,assertive,ministral3_14b,9.0,3,1.0,ACCEPT,ICML,Reject,reject_tier,2.0
ICML_26_23,assertive,ministral3_8b,9.333333333333334,3,1.0,ACCEPT,ICML,Reject,reject_tier,2.0
ICML_26_23,assertive,qwen2.5_32b,8.0,3,1.0,ACCEPT,ICML,Reject,reject_tier,2.0
ICML_26_23,assertive,qwen2.5_3b,8.666666666666666,3,1.0,ACCEPT,ICML,Reject,reject_tier,2.0
ICML_26_23,assertive,qwen2.5_7b,9.0,3,1.0,ACCEPT,ICML,Reject,reject_tier,2.0
ICML_26_23,hedged,gemma4_31b,6.333333333333333,3,0.3333333333333333,REJECT,ICML,Reject,reject_tier,2.0
ICML_26_23,hedged,gemma4_e4b,7.0,3,1.0,ACCEPT,ICML,Reject,reject_tier,2.0
ICML_26_23,hedged,llama_3.1_8b,8.0,3,1.0,ACCEPT,ICML,Reject,reject_tier,2.0
ICML_26_23,hedged,llama_3.2_3b,8.0,3,1.0,ACCEPT,ICML,Reject,reject_tier,2.0
ICML_26_23,hedged,ministral3_14b,9.0,3,1.0,ACCEPT,ICML,Reject,reject_tier,2.0
ICML_26_23,hedged,ministral3_8b,8.666666666666666,3,1.0,ACCEPT,ICML,Reject,reject_tier,2.0
ICML_26_23,hedged,qwen2.5_32b,8.0,3,1.0,ACCEPT,ICML,Reject,reject_tier,2.0
ICML_26_23,hedged,qwen2.5_3b,8.0,3,1.0,ACCEPT,ICML,Reject,reject_tier,2.0
ICML_26_23,hedged,qwen2.5_7b,8.0,3,1.0,ACCEPT,ICML,Reject,reject_tier,2.0
ICML_26_23,l2_grounded,gemma4_31b,7.0,3,1.0,ACCEPT,ICML,Reject,reject_tier,2.0
ICML_26_23,l2_grounded,gemma4_e4b,8.0,3,1.0,ACCEPT,ICML,Reject,reject_tier,2.0
ICML_26_23,l2_grounded,llama_3.1_8b,8.333333333333334,3,1.0,ACCEPT,ICML,Reject,reject_tier,2.0
ICML_26_23,l2_grounded,llama_3.2_3b,8.0,3,1.0,ACCEPT,ICML,Reject,reject_tier,2.0
ICML_26_23,l2_grounded,ministral3_14b,9.0,3,1.0,ACCEPT,ICML,Reject,reject_tier,2.0
ICML_26_23,l2_grounded,ministral3_8b,8.333333333333334,3,1.0,ACCEPT,ICML,Reject,reject_tier,2.0
ICML_26_23,l2_grounded,qwen2.5_32b,8.0,3,1.0,ACCEPT,ICML,Reject,reject_tier,2.0
ICML_26_23,l2_grounded,qwen2.5_3b,8.666666666666666,3,1.0,ACCEPT,ICML,Reject,reject_tier,2.0
ICML_26_23,l2_grounded,qwen2.5_7b,8.666666666666666,3,1.0,ACCEPT,ICML,Reject,reject_tier,2.0
ICML_26_23,native_fluent,gemma4_31b,7.0,3,1.0,ACCEPT,ICML,Reject,reject_tier,2.0
ICML_26_23,native_fluent,gemma4_e4b,8.0,3,1.0,ACCEPT,ICML,Reject,reject_tier,2.0
ICML_26_23,native_fluent,llama_3.1_8b,8.666666666666666,3,1.0,ACCEPT,ICML,Reject,reject_tier,2.0
ICML_26_23,native_fluent,llama_3.2_3b,8.333333333333334,3,1.0,ACCEPT,ICML,Reject,reject_tier,2.0
ICML_26_23,native_fluent,ministral3_14b,9.0,3,1.0,ACCEPT,ICML,Reject,reject_tier,2.0
ICML_26_23,native_fluent,ministral3_8b,8.666666666666666,3,1.0,ACCEPT,ICML,Reject,reject_tier,2.0
ICML_26_23,native_fluent,qwen2.5_32b,8.0,3,1.0,ACCEPT,ICML,Reject,reject_tier,2.0
ICML_26_23,native_fluent,qwen2.5_3b,9.0,3,1.0,ACCEPT,ICML,Reject,reject_tier,2.0
ICML_26_23,native_fluent,qwen2.5_7b,8.666666666666666,3,1.0,ACCEPT,ICML,Reject,reject_tier,2.0
ICML_26_23,original,gemma4_31b,7.0,3,1.0,ACCEPT,ICML,Reject,reject_tier,2.0
ICML_26_23,original,gemma4_e4b,8.0,3,1.0,ACCEPT,ICML,Reject,reject_tier,2.0
ICML_26_23,original,llama_3.1_8b,8.333333333333334,3,1.0,ACCEPT,ICML,Reject,reject_tier,2.0
ICML_26_23,original,llama_3.2_3b,8.333333333333334,3,1.0,ACCEPT,ICML,Reject,reject_tier,2.0
ICML_26_23,original,ministral3_14b,9.0,3,1.0,ACCEPT,ICML,Reject,reject_tier,2.0
ICML_26_23,original,ministral3_8b,9.0,3,1.0,ACCEPT,ICML,Reject,reject_tier,2.0
ICML_26_23,original,qwen2.5_32b,8.0,3,1.0,ACCEPT,ICML,Reject,reject_tier,2.0
ICML_26_23,original,qwen2.5_3b,9.0,3,1.0,ACCEPT,ICML,Reject,reject_tier,2.0
ICML_26_23,original,qwen2.5_7b,9.0,3,1.0,ACCEPT,ICML,Reject,reject_tier,2.0
ICML_26_23,overclaiming,gemma4_31b,3.0,3,0.0,REJECT,ICML,Reject,reject_tier,2.0
ICML_26_23,overclaiming,gemma4_e4b,8.333333333333334,3,1.0,ACCEPT,ICML,Reject,reject_tier,2.0
ICML_26_23,overclaiming,llama_3.1_8b,9.0,3,1.0,ACCEPT,ICML,Reject,reject_tier,2.0
ICML_26_23,overclaiming,llama_3.2_3b,8.333333333333334,3,1.0,ACCEPT,ICML,Reject,reject_tier,2.0
ICML_26_23,overclaiming,ministral3_14b,8.666666666666666,3,1.0,ACCEPT,ICML,Reject,reject_tier,2.0
ICML_26_23,overclaiming,ministral3_8b,10.0,3,1.0,ACCEPT,ICML,Reject,reject_tier,2.0
ICML_26_23,overclaiming,qwen2.5_32b,9.0,3,1.0,ACCEPT,ICML,Reject,reject_tier,2.0
ICML_26_23,overclaiming,qwen2.5_3b,8.666666666666666,3,1.0,ACCEPT,ICML,Reject,reject_tier,2.0
ICML_26_23,overclaiming,qwen2.5_7b,9.0,3,1.0,ACCEPT,ICML,Reject,reject_tier,2.0
ICML_26_24,assertive,gemma4_31b,7.0,3,1.0,ACCEPT,ICML,Reject,reject_tier,2.0
ICML_26_24,assertive,gemma4_e4b,8.0,3,1.0,ACCEPT,ICML,Reject,reject_tier,2.0
ICML_26_24,assertive,llama_3.1_8b,8.0,3,1.0,ACCEPT,ICML,Reject,reject_tier,2.0
ICML_26_24,assertive,llama_3.2_3b,7.666666666666667,3,1.0,ACCEPT,ICML,Reject,reject_tier,2.0
ICML_26_24,assertive,ministral3_14b,8.333333333333334,3,1.0,ACCEPT,ICML,Reject,reject_tier,2.0
ICML_26_24,assertive,ministral3_8b,8.333333333333334,3,1.0,ACCEPT,ICML,Reject,reject_tier,2.0
ICML_26_24,assertive,qwen2.5_32b,8.0,3,1.0,ACCEPT,ICML,Reject,reject_tier,2.0
ICML_26_24,assertive,qwen2.5_3b,8.0,3,1.0,ACCEPT,ICML,Reject,reject_tier,2.0
ICML_26_24,assertive,qwen2.5_7b,9.0,3,1.0,ACCEPT,ICML,Reject,reject_tier,2.0
ICML_26_24,hedged,gemma4_31b,6.333333333333333,3,1.0,ACCEPT,ICML,Reject,reject_tier,2.0
ICML_26_24,hedged,gemma4_e4b,7.333333333333333,3,1.0,ACCEPT,ICML,Reject,reject_tier,2.0
ICML_26_24,hedged,llama_3.1_8b,8.0,3,1.0,ACCEPT,ICML,Reject,reject_tier,2.0
ICML_26_24,hedged,llama_3.2_3b,7.666666666666667,3,1.0,ACCEPT,ICML,Reject,reject_tier,2.0
ICML_26_24,hedged,ministral3_14b,8.333333333333334,3,1.0,ACCEPT,ICML,Reject,reject_tier,2.0
ICML_26_24,hedged,ministral3_8b,8.0,3,1.0,ACCEPT,ICML,Reject,reject_tier,2.0
ICML_26_24,hedged,qwen2.5_32b,8.0,3,1.0,ACCEPT,ICML,Reject,reject_tier,2.0
ICML_26_24,hedged,qwen2.5_3b,8.0,3,1.0,ACCEPT,ICML,Reject,reject_tier,2.0
ICML_26_24,hedged,qwen2.5_7b,8.333333333333334,3,1.0,ACCEPT,ICML,Reject,reject_tier,2.0
ICML_26_24,l2_grounded,gemma4_31b,7.0,3,1.0,ACCEPT,ICML,Reject,reject_tier,2.0
ICML_26_24,l2_grounded,gemma4_e4b,8.0,3,1.0,ACCEPT,ICML,Reject,reject_tier,2.0
ICML_26_24,l2_grounded,llama_3.1_8b,8.0,3,1.0,ACCEPT,ICML,Reject,reject_tier,2.0
ICML_26_24,l2_grounded,llama_3.2_3b,7.333333333333333,3,1.0,ACCEPT,ICML,Reject,reject_tier,2.0
ICML_26_24,l2_grounded,ministral3_14b,8.333333333333334,3,1.0,ACCEPT,ICML,Reject,reject_tier,2.0
ICML_26_24,l2_grounded,ministral3_8b,8.0,3,1.0,ACCEPT,ICML,Reject,reject_tier,2.0
ICML_26_24,l2_grounded,qwen2.5_32b,8.0,3,1.0,ACCEPT,ICML,Reject,reject_tier,2.0
ICML_26_24,l2_grounded,qwen2.5_3b,8.333333333333334,3,1.0,ACCEPT,ICML,Reject,reject_tier,2.0
ICML_26_24,l2_grounded,qwen2.5_7b,8.666666666666666,3,1.0,ACCEPT,ICML,Reject,reject_tier,2.0
ICML_26_24,native_fluent,gemma4_31b,7.0,3,1.0,ACCEPT,ICML,Reject,reject_tier,2.0
ICML_26_24,native_fluent,gemma4_e4b,8.0,3,1.0,ACCEPT,ICML,Reject,reject_tier,2.0
ICML_26_24,native_fluent,llama_3.1_8b,8.0,3,1.0,ACCEPT,ICML,Reject,reject_tier,2.0
ICML_26_24,native_fluent,llama_3.2_3b,7.333333333333333,3,1.0,ACCEPT,ICML,Reject,reject_tier,2.0
ICML_26_24,native_fluent,ministral3_14b,8.666666666666666,3,1.0,ACCEPT,ICML,Reject,reject_tier,2.0
ICML_26_24,native_fluent,ministral3_8b,7.666666666666667,3,0.3333333333333333,REJECT,ICML,Reject,reject_tier,2.0
ICML_26_24,native_fluent,qwen2.5_32b,8.0,3,1.0,ACCEPT,ICML,Reject,reject_tier,2.0
ICML_26_24,native_fluent,qwen2.5_3b,8.333333333333334,3,1.0,ACCEPT,ICML,Reject,reject_tier,2.0
ICML_26_24,native_fluent,qwen2.5_7b,9.0,3,1.0,ACCEPT,ICML,Reject,reject_tier,2.0
ICML_26_24,original,gemma4_31b,7.0,3,1.0,ACCEPT,ICML,Reject,reject_tier,2.0
ICML_26_24,original,gemma4_e4b,8.0,3,1.0,ACCEPT,ICML,Reject,reject_tier,2.0
ICML_26_24,original,llama_3.1_8b,8.0,3,1.0,ACCEPT,ICML,Reject,reject_tier,2.0
ICML_26_24,original,llama_3.2_3b,7.666666666666667,3,1.0,ACCEPT,ICML,Reject,reject_tier,2.0
ICML_26_24,original,ministral3_14b,8.333333333333334,3,1.0,ACCEPT,ICML,Reject,reject_tier,2.0
ICML_26_24,original,ministral3_8b,8.666666666666666,3,1.0,ACCEPT,ICML,Reject,reject_tier,2.0
ICML_26_24,original,qwen2.5_32b,8.0,3,1.0,ACCEPT,ICML,Reject,reject_tier,2.0
ICML_26_24,original,qwen2.5_3b,8.333333333333334,3,1.0,ACCEPT,ICML,Reject,reject_tier,2.0
ICML_26_24,original,qwen2.5_7b,8.333333333333334,3,1.0,ACCEPT,ICML,Reject,reject_tier,2.0
ICML_26_24,overclaiming,gemma4_31b,4.666666666666667,3,0.0,REJECT,ICML,Reject,reject_tier,2.0
ICML_26_24,overclaiming,gemma4_e4b,8.0,3,1.0,ACCEPT,ICML,Reject,reject_tier,2.0
ICML_26_24,overclaiming,llama_3.1_8b,8.0,3,1.0,ACCEPT,ICML,Reject,reject_tier,2.0
ICML_26_24,overclaiming,llama_3.2_3b,8.333333333333334,3,1.0,ACCEPT,ICML,Reject,reject_tier,2.0
ICML_26_24,overclaiming,ministral3_14b,9.0,3,1.0,ACCEPT,ICML,Reject,reject_tier,2.0
ICML_26_24,overclaiming,ministral3_8b,9.0,3,1.0,ACCEPT,ICML,Reject,reject_tier,2.0
ICML_26_24,overclaiming,qwen2.5_32b,8.0,3,1.0,ACCEPT,ICML,Reject,reject_tier,2.0
ICML_26_24,overclaiming,qwen2.5_3b,9.0,3,1.0,ACCEPT,ICML,Reject,reject_tier,2.0
ICML_26_24,overclaiming,qwen2.5_7b,9.0,3,1.0,ACCEPT,ICML,Reject,reject_tier,2.0
ICML_26_25,assertive,gemma4_31b,8.0,3,1.0,ACCEPT,ICML,Reject,reject_tier,3.75
ICML_26_25,assertive,gemma4_e4b,8.666666666666666,3,1.0,ACCEPT,ICML,Reject,reject_tier,3.75
ICML_26_25,assertive,llama_3.1_8b,8.666666666666666,3,1.0,ACCEPT,ICML,Reject,reject_tier,3.75
ICML_26_25,assertive,llama_3.2_3b,8.0,3,1.0,ACCEPT,ICML,Reject,reject_tier,3.75
ICML_26_25,assertive,ministral3_14b,9.0,3,1.0,ACCEPT,ICML,Reject,reject_tier,3.75
ICML_26_25,assertive,ministral3_8b,9.666666666666666,3,1.0,ACCEPT,ICML,Reject,reject_tier,3.75
ICML_26_25,assertive,qwen2.5_32b,8.0,3,1.0,ACCEPT,ICML,Reject,reject_tier,3.75
ICML_26_25,assertive,qwen2.5_3b,8.666666666666666,3,1.0,ACCEPT,ICML,Reject,reject_tier,3.75
ICML_26_25,assertive,qwen2.5_7b,8.0,3,1.0,ACCEPT,ICML,Reject,reject_tier,3.75
ICML_26_25,hedged,gemma4_31b,6.0,3,0.0,REJECT,ICML,Reject,reject_tier,3.75
ICML_26_25,hedged,gemma4_e4b,7.666666666666667,3,1.0,ACCEPT,ICML,Reject,reject_tier,3.75
ICML_26_25,hedged,llama_3.1_8b,8.0,3,1.0,ACCEPT,ICML,Reject,reject_tier,3.75
ICML_26_25,hedged,llama_3.2_3b,7.666666666666667,3,1.0,ACCEPT,ICML,Reject,reject_tier,3.75
ICML_26_25,hedged,ministral3_14b,7.666666666666667,3,1.0,ACCEPT,ICML,Reject,reject_tier,3.75
ICML_26_25,hedged,ministral3_8b,8.666666666666666,3,1.0,ACCEPT,ICML,Reject,reject_tier,3.75
ICML_26_25,hedged,qwen2.5_32b,8.0,3,1.0,ACCEPT,ICML,Reject,reject_tier,3.75
ICML_26_25,hedged,qwen2.5_3b,8.0,3,1.0,ACCEPT,ICML,Reject,reject_tier,3.75
ICML_26_25,hedged,qwen2.5_7b,8.0,3,1.0,ACCEPT,ICML,Reject,reject_tier,3.75
ICML_26_25,l2_grounded,gemma4_31b,8.0,3,1.0,ACCEPT,ICML,Reject,reject_tier,3.75
ICML_26_25,l2_grounded,gemma4_e4b,8.0,3,1.0,ACCEPT,ICML,Reject,reject_tier,3.75
ICML_26_25,l2_grounded,llama_3.1_8b,9.0,3,1.0,ACCEPT,ICML,Reject,reject_tier,3.75
ICML_26_25,l2_grounded,llama_3.2_3b,7.666666666666667,3,1.0,ACCEPT,ICML,Reject,reject_tier,3.75
ICML_26_25,l2_grounded,ministral3_14b,8.333333333333334,3,1.0,ACCEPT,ICML,Reject,reject_tier,3.75
ICML_26_25,l2_grounded,ministral3_8b,8.333333333333334,3,0.6666666666666666,ACCEPT,ICML,Reject,reject_tier,3.75
ICML_26_25,l2_grounded,qwen2.5_32b,8.0,3,1.0,ACCEPT,ICML,Reject,reject_tier,3.75
ICML_26_25,l2_grounded,qwen2.5_3b,8.0,3,1.0,ACCEPT,ICML,Reject,reject_tier,3.75
ICML_26_25,l2_grounded,qwen2.5_7b,8.0,3,1.0,ACCEPT,ICML,Reject,reject_tier,3.75
ICML_26_25,native_fluent,gemma4_31b,7.666666666666667,3,1.0,ACCEPT,ICML,Reject,reject_tier,3.75
ICML_26_25,native_fluent,gemma4_e4b,8.0,3,1.0,ACCEPT,ICML,Reject,reject_tier,3.75
ICML_26_25,native_fluent,llama_3.1_8b,8.333333333333334,3,1.0,ACCEPT,ICML,Reject,reject_tier,3.75
ICML_26_25,native_fluent,llama_3.2_3b,7.333333333333333,3,1.0,ACCEPT,ICML,Reject,reject_tier,3.75
ICML_26_25,native_fluent,ministral3_14b,8.333333333333334,3,1.0,ACCEPT,ICML,Reject,reject_tier,3.75
ICML_26_25,native_fluent,ministral3_8b,9.333333333333334,3,1.0,ACCEPT,ICML,Reject,reject_tier,3.75
ICML_26_25,native_fluent,qwen2.5_32b,8.0,3,1.0,ACCEPT,ICML,Reject,reject_tier,3.75
ICML_26_25,native_fluent,qwen2.5_3b,8.333333333333334,3,1.0,ACCEPT,ICML,Reject,reject_tier,3.75
ICML_26_25,native_fluent,qwen2.5_7b,8.0,3,1.0,ACCEPT,ICML,Reject,reject_tier,3.75
ICML_26_25,original,gemma4_31b,8.0,3,1.0,ACCEPT,ICML,Reject,reject_tier,3.75
ICML_26_25,original,gemma4_e4b,8.0,3,1.0,ACCEPT,ICML,Reject,reject_tier,3.75
ICML_26_25,original,llama_3.1_8b,8.333333333333334,3,1.0,ACCEPT,ICML,Reject,reject_tier,3.75
ICML_26_25,original,llama_3.2_3b,7.666666666666667,3,1.0,ACCEPT,ICML,Reject,reject_tier,3.75
ICML_26_25,original,ministral3_14b,7.0,3,1.0,ACCEPT,ICML,Reject,reject_tier,3.75
ICML_26_25,original,ministral3_8b,9.333333333333334,3,1.0,ACCEPT,ICML,Reject,reject_tier,3.75
ICML_26_25,original,qwen2.5_32b,8.0,3,1.0,ACCEPT,ICML,Reject,reject_tier,3.75
ICML_26_25,original,qwen2.5_3b,8.333333333333334,3,1.0,ACCEPT,ICML,Reject,reject_tier,3.75
ICML_26_25,original,qwen2.5_7b,8.0,3,1.0,ACCEPT,ICML,Reject,reject_tier,3.75
ICML_26_25,overclaiming,gemma4_31b,4.0,3,0.0,REJECT,ICML,Reject,reject_tier,3.75
ICML_26_25,overclaiming,gemma4_e4b,8.0,3,1.0,ACCEPT,ICML,Reject,reject_tier,3.75
ICML_26_25,overclaiming,llama_3.1_8b,8.0,3,1.0,ACCEPT,ICML,Reject,reject_tier,3.75
ICML_26_25,overclaiming,llama_3.2_3b,6.0,3,0.0,REJECT,ICML,Reject,reject_tier,3.75
ICML_26_25,overclaiming,ministral3_14b,7.666666666666667,3,0.6666666666666666,ACCEPT,ICML,Reject,reject_tier,3.75
ICML_26_25,overclaiming,ministral3_8b,7.666666666666667,3,0.6666666666666666,ACCEPT,ICML,Reject,reject_tier,3.75
ICML_26_25,overclaiming,qwen2.5_32b,9.0,3,1.0,ACCEPT,ICML,Reject,reject_tier,3.75
ICML_26_25,overclaiming,qwen2.5_3b,7.666666666666667,3,0.6666666666666666,ACCEPT,ICML,Reject,reject_tier,3.75
ICML_26_25,overclaiming,qwen2.5_7b,9.0,3,1.0,ACCEPT,ICML,Reject,reject_tier,3.75
ICML_26_26,assertive,gemma4_31b,8.0,3,1.0,ACCEPT,ICML,Reject,reject_tier,3.75
ICML_26_26,assertive,gemma4_e4b,8.0,3,1.0,ACCEPT,ICML,Reject,reject_tier,3.75
ICML_26_26,assertive,llama_3.1_8b,8.0,3,1.0,ACCEPT,ICML,Reject,reject_tier,3.75
ICML_26_26,assertive,llama_3.2_3b,8.0,3,1.0,ACCEPT,ICML,Reject,reject_tier,3.75
ICML_26_26,assertive,ministral3_14b,9.0,3,1.0,ACCEPT,ICML,Reject,reject_tier,3.75
ICML_26_26,assertive,ministral3_8b,8.666666666666666,3,1.0,ACCEPT,ICML,Reject,reject_tier,3.75
ICML_26_26,assertive,qwen2.5_32b,8.0,3,1.0,ACCEPT,ICML,Reject,reject_tier,3.75
ICML_26_26,assertive,qwen2.5_3b,8.0,3,1.0,ACCEPT,ICML,Reject,reject_tier,3.75
ICML_26_26,assertive,qwen2.5_7b,8.666666666666666,3,1.0,ACCEPT,ICML,Reject,reject_tier,3.75
ICML_26_26,hedged,gemma4_31b,7.0,3,1.0,ACCEPT,ICML,Reject,reject_tier,3.75
ICML_26_26,hedged,gemma4_e4b,7.666666666666667,3,1.0,ACCEPT,ICML,Reject,reject_tier,3.75
ICML_26_26,hedged,llama_3.1_8b,8.0,3,1.0,ACCEPT,ICML,Reject,reject_tier,3.75
ICML_26_26,hedged,llama_3.2_3b,8.0,3,1.0,ACCEPT,ICML,Reject,reject_tier,3.75
ICML_26_26,hedged,ministral3_14b,8.333333333333334,3,1.0,ACCEPT,ICML,Reject,reject_tier,3.75
ICML_26_26,hedged,ministral3_8b,8.333333333333334,3,1.0,ACCEPT,ICML,Reject,reject_tier,3.75
ICML_26_26,hedged,qwen2.5_32b,8.0,3,1.0,ACCEPT,ICML,Reject,reject_tier,3.75
ICML_26_26,hedged,qwen2.5_3b,7.666666666666667,3,1.0,ACCEPT,ICML,Reject,reject_tier,3.75
ICML_26_26,hedged,qwen2.5_7b,8.333333333333334,3,1.0,ACCEPT,ICML,Reject,reject_tier,3.75
ICML_26_26,l2_grounded,gemma4_31b,7.0,3,1.0,ACCEPT,ICML,Reject,reject_tier,3.75
ICML_26_26,l2_grounded,gemma4_e4b,8.0,3,1.0,ACCEPT,ICML,Reject,reject_tier,3.75
ICML_26_26,l2_grounded,llama_3.1_8b,8.0,3,1.0,ACCEPT,ICML,Reject,reject_tier,3.75
ICML_26_26,l2_grounded,llama_3.2_3b,8.0,3,1.0,ACCEPT,ICML,Reject,reject_tier,3.75
ICML_26_26,l2_grounded,ministral3_14b,9.0,3,1.0,ACCEPT,ICML,Reject,reject_tier,3.75
ICML_26_26,l2_grounded,ministral3_8b,8.0,3,1.0,ACCEPT,ICML,Reject,reject_tier,3.75
ICML_26_26,l2_grounded,qwen2.5_32b,8.0,3,1.0,ACCEPT,ICML,Reject,reject_tier,3.75
ICML_26_26,l2_grounded,qwen2.5_3b,7.666666666666667,3,1.0,ACCEPT,ICML,Reject,reject_tier,3.75
ICML_26_26,l2_grounded,qwen2.5_7b,8.666666666666666,3,1.0,ACCEPT,ICML,Reject,reject_tier,3.75
ICML_26_26,native_fluent,gemma4_31b,8.0,3,1.0,ACCEPT,ICML,Reject,reject_tier,3.75
ICML_26_26,native_fluent,gemma4_e4b,8.0,3,1.0,ACCEPT,ICML,Reject,reject_tier,3.75
ICML_26_26,native_fluent,llama_3.1_8b,8.0,3,1.0,ACCEPT,ICML,Reject,reject_tier,3.75
ICML_26_26,native_fluent,llama_3.2_3b,8.333333333333334,3,1.0,ACCEPT,ICML,Reject,reject_tier,3.75
ICML_26_26,native_fluent,ministral3_14b,9.0,3,1.0,ACCEPT,ICML,Reject,reject_tier,3.75
ICML_26_26,native_fluent,ministral3_8b,8.333333333333334,3,1.0,ACCEPT,ICML,Reject,reject_tier,3.75
ICML_26_26,native_fluent,qwen2.5_32b,8.0,3,1.0,ACCEPT,ICML,Reject,reject_tier,3.75
ICML_26_26,native_fluent,qwen2.5_3b,8.0,3,1.0,ACCEPT,ICML,Reject,reject_tier,3.75
ICML_26_26,native_fluent,qwen2.5_7b,8.666666666666666,3,1.0,ACCEPT,ICML,Reject,reject_tier,3.75
ICML_26_26,original,gemma4_31b,7.666666666666667,3,1.0,ACCEPT,ICML,Reject,reject_tier,3.75
ICML_26_26,original,gemma4_e4b,8.0,3,1.0,ACCEPT,ICML,Reject,reject_tier,3.75
ICML_26_26,original,llama_3.1_8b,8.0,3,1.0,ACCEPT,ICML,Reject,reject_tier,3.75
ICML_26_26,original,llama_3.2_3b,8.0,3,1.0,ACCEPT,ICML,Reject,reject_tier,3.75
ICML_26_26,original,ministral3_14b,9.0,3,1.0,ACCEPT,ICML,Reject,reject_tier,3.75
ICML_26_26,original,ministral3_8b,8.0,3,1.0,ACCEPT,ICML,Reject,reject_tier,3.75
ICML_26_26,original,qwen2.5_32b,8.0,3,1.0,ACCEPT,ICML,Reject,reject_tier,3.75
ICML_26_26,original,qwen2.5_3b,8.0,3,1.0,ACCEPT,ICML,Reject,reject_tier,3.75
ICML_26_26,original,qwen2.5_7b,8.333333333333334,3,1.0,ACCEPT,ICML,Reject,reject_tier,3.75
ICML_26_26,overclaiming,gemma4_31b,6.0,3,0.0,REJECT,ICML,Reject,reject_tier,3.75
ICML_26_26,overclaiming,gemma4_e4b,8.0,3,1.0,ACCEPT,ICML,Reject,reject_tier,3.75
ICML_26_26,overclaiming,llama_3.1_8b,8.333333333333334,3,1.0,ACCEPT,ICML,Reject,reject_tier,3.75
ICML_26_26,overclaiming,llama_3.2_3b,8.0,3,1.0,ACCEPT,ICML,Reject,reject_tier,3.75
ICML_26_26,overclaiming,ministral3_14b,9.0,3,1.0,ACCEPT,ICML,Reject,reject_tier,3.75
ICML_26_26,overclaiming,ministral3_8b,8.666666666666666,3,1.0,ACCEPT,ICML,Reject,reject_tier,3.75
ICML_26_26,overclaiming,qwen2.5_32b,8.333333333333334,3,1.0,ACCEPT,ICML,Reject,reject_tier,3.75
ICML_26_26,overclaiming,qwen2.5_3b,8.333333333333334,3,1.0,ACCEPT,ICML,Reject,reject_tier,3.75
ICML_26_26,overclaiming,qwen2.5_7b,9.0,3,1.0,ACCEPT,ICML,Reject,reject_tier,3.75
ICML_26_27,assertive,gemma4_31b,8.0,3,1.0,ACCEPT,ICML,Reject,reject_tier,3.25
ICML_26_27,assertive,gemma4_e4b,8.333333333333334,3,1.0,ACCEPT,ICML,Reject,reject_tier,3.25
ICML_26_27,assertive,llama_3.1_8b,9.0,3,1.0,ACCEPT,ICML,Reject,reject_tier,3.25
ICML_26_27,assertive,llama_3.2_3b,8.333333333333334,3,1.0,ACCEPT,ICML,Reject,reject_tier,3.25
ICML_26_27,assertive,ministral3_14b,9.0,3,1.0,ACCEPT,ICML,Reject,reject_tier,3.25
ICML_26_27,assertive,ministral3_8b,8.666666666666666,3,1.0,ACCEPT,ICML,Reject,reject_tier,3.25
ICML_26_27,assertive,qwen2.5_32b,9.0,3,1.0,ACCEPT,ICML,Reject,reject_tier,3.25
ICML_26_27,assertive,qwen2.5_3b,8.333333333333334,3,1.0,ACCEPT,ICML,Reject,reject_tier,3.25
ICML_26_27,assertive,qwen2.5_7b,8.333333333333334,3,1.0,ACCEPT,ICML,Reject,reject_tier,3.25
ICML_26_27,hedged,gemma4_31b,6.0,3,0.0,REJECT,ICML,Reject,reject_tier,3.25
ICML_26_27,hedged,gemma4_e4b,7.333333333333333,3,1.0,ACCEPT,ICML,Reject,reject_tier,3.25
ICML_26_27,hedged,llama_3.1_8b,8.666666666666666,3,1.0,ACCEPT,ICML,Reject,reject_tier,3.25
ICML_26_27,hedged,llama_3.2_3b,7.333333333333333,3,1.0,ACCEPT,ICML,Reject,reject_tier,3.25
ICML_26_27,hedged,ministral3_14b,8.0,3,1.0,ACCEPT,ICML,Reject,reject_tier,3.25
ICML_26_27,hedged,ministral3_8b,8.666666666666666,3,0.6666666666666666,ACCEPT,ICML,Reject,reject_tier,3.25
ICML_26_27,hedged,qwen2.5_32b,8.0,3,1.0,ACCEPT,ICML,Reject,reject_tier,3.25
ICML_26_27,hedged,qwen2.5_3b,7.666666666666667,3,1.0,ACCEPT,ICML,Reject,reject_tier,3.25
ICML_26_27,hedged,qwen2.5_7b,8.0,3,1.0,ACCEPT,ICML,Reject,reject_tier,3.25
ICML_26_27,l2_grounded,gemma4_31b,8.0,3,1.0,ACCEPT,ICML,Reject,reject_tier,3.25
ICML_26_27,l2_grounded,gemma4_e4b,8.0,3,1.0,ACCEPT,ICML,Reject,reject_tier,3.25
ICML_26_27,l2_grounded,llama_3.1_8b,8.666666666666666,3,1.0,ACCEPT,ICML,Reject,reject_tier,3.25
ICML_26_27,l2_grounded,llama_3.2_3b,8.333333333333334,3,1.0,ACCEPT,ICML,Reject,reject_tier,3.25
ICML_26_27,l2_grounded,ministral3_14b,9.0,3,1.0,ACCEPT,ICML,Reject,reject_tier,3.25
ICML_26_27,l2_grounded,ministral3_8b,9.333333333333334,3,1.0,ACCEPT,ICML,Reject,reject_tier,3.25
ICML_26_27,l2_grounded,qwen2.5_32b,9.0,3,1.0,ACCEPT,ICML,Reject,reject_tier,3.25
ICML_26_27,l2_grounded,qwen2.5_3b,8.666666666666666,3,1.0,ACCEPT,ICML,Reject,reject_tier,3.25
ICML_26_27,l2_grounded,qwen2.5_7b,8.0,3,1.0,ACCEPT,ICML,Reject,reject_tier,3.25
ICML_26_27,native_fluent,gemma4_31b,8.0,3,1.0,ACCEPT,ICML,Reject,reject_tier,3.25
ICML_26_27,native_fluent,gemma4_e4b,8.0,3,1.0,ACCEPT,ICML,Reject,reject_tier,3.25
ICML_26_27,native_fluent,llama_3.1_8b,9.0,3,1.0,ACCEPT,ICML,Reject,reject_tier,3.25
ICML_26_27,native_fluent,llama_3.2_3b,8.0,3,1.0,ACCEPT,ICML,Reject,reject_tier,3.25
ICML_26_27,native_fluent,ministral3_14b,9.333333333333334,3,1.0,ACCEPT,ICML,Reject,reject_tier,3.25
ICML_26_27,native_fluent,ministral3_8b,9.0,3,1.0,ACCEPT,ICML,Reject,reject_tier,3.25
ICML_26_27,native_fluent,qwen2.5_32b,8.333333333333334,3,1.0,ACCEPT,ICML,Reject,reject_tier,3.25
ICML_26_27,native_fluent,qwen2.5_3b,8.666666666666666,3,1.0,ACCEPT,ICML,Reject,reject_tier,3.25
ICML_26_27,native_fluent,qwen2.5_7b,8.0,3,1.0,ACCEPT,ICML,Reject,reject_tier,3.25
ICML_26_27,original,gemma4_31b,8.0,3,1.0,ACCEPT,ICML,Reject,reject_tier,3.25
ICML_26_27,original,gemma4_e4b,8.0,3,1.0,ACCEPT,ICML,Reject,reject_tier,3.25
ICML_26_27,original,llama_3.1_8b,9.0,3,1.0,ACCEPT,ICML,Reject,reject_tier,3.25
ICML_26_27,original,llama_3.2_3b,8.0,3,1.0,ACCEPT,ICML,Reject,reject_tier,3.25
ICML_26_27,original,ministral3_14b,9.0,3,1.0,ACCEPT,ICML,Reject,reject_tier,3.25
ICML_26_27,original,ministral3_8b,8.666666666666666,3,0.6666666666666666,ACCEPT,ICML,Reject,reject_tier,3.25
ICML_26_27,original,qwen2.5_32b,8.333333333333334,3,1.0,ACCEPT,ICML,Reject,reject_tier,3.25
ICML_26_27,original,qwen2.5_3b,8.666666666666666,3,1.0,ACCEPT,ICML,Reject,reject_tier,3.25
ICML_26_27,original,qwen2.5_7b,8.666666666666666,3,1.0,ACCEPT,ICML,Reject,reject_tier,3.25
ICML_26_27,overclaiming,gemma4_31b,6.0,3,0.0,REJECT,ICML,Reject,reject_tier,3.25
ICML_26_27,overclaiming,gemma4_e4b,8.0,3,1.0,ACCEPT,ICML,Reject,reject_tier,3.25
ICML_26_27,overclaiming,llama_3.1_8b,9.0,3,1.0,ACCEPT,ICML,Reject,reject_tier,3.25
ICML_26_27,overclaiming,llama_3.2_3b,7.333333333333333,3,1.0,ACCEPT,ICML,Reject,reject_tier,3.25
ICML_26_27,overclaiming,ministral3_14b,9.333333333333334,3,1.0,ACCEPT,ICML,Reject,reject_tier,3.25
ICML_26_27,overclaiming,ministral3_8b,9.666666666666666,3,1.0,ACCEPT,ICML,Reject,reject_tier,3.25
ICML_26_27,overclaiming,qwen2.5_32b,9.0,3,1.0,ACCEPT,ICML,Reject,reject_tier,3.25
ICML_26_27,overclaiming,qwen2.5_3b,8.666666666666666,3,1.0,ACCEPT,ICML,Reject,reject_tier,3.25
ICML_26_27,overclaiming,qwen2.5_7b,9.0,3,1.0,ACCEPT,ICML,Reject,reject_tier,3.25
ICML_26_28,assertive,gemma4_31b,7.0,3,1.0,ACCEPT,ICML,Reject,reject_tier,3.75
ICML_26_28,assertive,gemma4_e4b,7.666666666666667,3,1.0,ACCEPT,ICML,Reject,reject_tier,3.75
ICML_26_28,assertive,llama_3.1_8b,8.0,3,1.0,ACCEPT,ICML,Reject,reject_tier,3.75
ICML_26_28,assertive,llama_3.2_3b,7.666666666666667,3,1.0,ACCEPT,ICML,Reject,reject_tier,3.75
ICML_26_28,assertive,ministral3_14b,8.0,3,1.0,ACCEPT,ICML,Reject,reject_tier,3.75
ICML_26_28,assertive,ministral3_8b,8.0,3,0.6666666666666666,ACCEPT,ICML,Reject,reject_tier,3.75
ICML_26_28,assertive,qwen2.5_32b,8.0,3,1.0,ACCEPT,ICML,Reject,reject_tier,3.75
ICML_26_28,assertive,qwen2.5_3b,8.333333333333334,3,1.0,ACCEPT,ICML,Reject,reject_tier,3.75
ICML_26_28,assertive,qwen2.5_7b,8.666666666666666,3,1.0,ACCEPT,ICML,Reject,reject_tier,3.75
ICML_26_28,hedged,gemma4_31b,6.0,3,0.0,REJECT,ICML,Reject,reject_tier,3.75
ICML_26_28,hedged,gemma4_e4b,7.333333333333333,3,1.0,ACCEPT,ICML,Reject,reject_tier,3.75
ICML_26_28,hedged,llama_3.1_8b,8.0,3,1.0,ACCEPT,ICML,Reject,reject_tier,3.75
ICML_26_28,hedged,llama_3.2_3b,7.333333333333333,3,1.0,ACCEPT,ICML,Reject,reject_tier,3.75
ICML_26_28,hedged,ministral3_14b,8.0,3,1.0,ACCEPT,ICML,Reject,reject_tier,3.75
ICML_26_28,hedged,ministral3_8b,8.0,3,0.6666666666666666,ACCEPT,ICML,Reject,reject_tier,3.75
ICML_26_28,hedged,qwen2.5_32b,8.0,3,1.0,ACCEPT,ICML,Reject,reject_tier,3.75
ICML_26_28,hedged,qwen2.5_3b,8.0,3,1.0,ACCEPT,ICML,Reject,reject_tier,3.75
ICML_26_28,hedged,qwen2.5_7b,8.0,3,1.0,ACCEPT,ICML,Reject,reject_tier,3.75
ICML_26_28,l2_grounded,gemma4_31b,6.0,3,0.0,REJECT,ICML,Reject,reject_tier,3.75
ICML_26_28,l2_grounded,gemma4_e4b,7.333333333333333,3,1.0,ACCEPT,ICML,Reject,reject_tier,3.75
ICML_26_28,l2_grounded,llama_3.1_8b,8.0,3,1.0,ACCEPT,ICML,Reject,reject_tier,3.75
ICML_26_28,l2_grounded,llama_3.2_3b,8.0,3,1.0,ACCEPT,ICML,Reject,reject_tier,3.75
ICML_26_28,l2_grounded,ministral3_14b,8.333333333333334,3,1.0,ACCEPT,ICML,Reject,reject_tier,3.75
ICML_26_28,l2_grounded,ministral3_8b,8.333333333333334,3,0.6666666666666666,ACCEPT,ICML,Reject,reject_tier,3.75
ICML_26_28,l2_grounded,qwen2.5_32b,8.0,3,1.0,ACCEPT,ICML,Reject,reject_tier,3.75
ICML_26_28,l2_grounded,qwen2.5_3b,8.666666666666666,3,1.0,ACCEPT,ICML,Reject,reject_tier,3.75
ICML_26_28,l2_grounded,qwen2.5_7b,8.666666666666666,3,1.0,ACCEPT,ICML,Reject,reject_tier,3.75
ICML_26_28,native_fluent,gemma4_31b,6.0,3,0.0,REJECT,ICML,Reject,reject_tier,3.75
ICML_26_28,native_fluent,gemma4_e4b,7.333333333333333,3,1.0,ACCEPT,ICML,Reject,reject_tier,3.75
ICML_26_28,native_fluent,llama_3.1_8b,8.0,3,1.0,ACCEPT,ICML,Reject,reject_tier,3.75
ICML_26_28,native_fluent,llama_3.2_3b,8.0,3,1.0,ACCEPT,ICML,Reject,reject_tier,3.75
ICML_26_28,native_fluent,ministral3_14b,7.666666666666667,3,1.0,ACCEPT,ICML,Reject,reject_tier,3.75
ICML_26_28,native_fluent,ministral3_8b,8.0,3,1.0,ACCEPT,ICML,Reject,reject_tier,3.75
ICML_26_28,native_fluent,qwen2.5_32b,8.0,3,1.0,ACCEPT,ICML,Reject,reject_tier,3.75
ICML_26_28,native_fluent,qwen2.5_3b,8.333333333333334,3,1.0,ACCEPT,ICML,Reject,reject_tier,3.75
ICML_26_28,native_fluent,qwen2.5_7b,8.0,3,1.0,ACCEPT,ICML,Reject,reject_tier,3.75
ICML_26_28,original,gemma4_31b,6.666666666666667,3,0.6666666666666666,ACCEPT,ICML,Reject,reject_tier,3.75
ICML_26_28,original,gemma4_e4b,8.0,3,1.0,ACCEPT,ICML,Reject,reject_tier,3.75
ICML_26_28,original,llama_3.1_8b,8.0,3,1.0,ACCEPT,ICML,Reject,reject_tier,3.75
ICML_26_28,original,llama_3.2_3b,8.0,3,1.0,ACCEPT,ICML,Reject,reject_tier,3.75
ICML_26_28,original,ministral3_14b,8.333333333333334,3,1.0,ACCEPT,ICML,Reject,reject_tier,3.75
ICML_26_28,original,ministral3_8b,8.0,3,1.0,ACCEPT,ICML,Reject,reject_tier,3.75
ICML_26_28,original,qwen2.5_32b,8.0,3,1.0,ACCEPT,ICML,Reject,reject_tier,3.75
ICML_26_28,original,qwen2.5_3b,8.666666666666666,3,1.0,ACCEPT,ICML,Reject,reject_tier,3.75
ICML_26_28,original,qwen2.5_7b,8.333333333333334,3,1.0,ACCEPT,ICML,Reject,reject_tier,3.75
ICML_26_28,overclaiming,gemma4_31b,4.0,3,0.0,REJECT,ICML,Reject,reject_tier,3.75
ICML_26_28,overclaiming,gemma4_e4b,8.0,3,1.0,ACCEPT,ICML,Reject,reject_tier,3.75
ICML_26_28,overclaiming,llama_3.1_8b,9.0,3,1.0,ACCEPT,ICML,Reject,reject_tier,3.75
ICML_26_28,overclaiming,llama_3.2_3b,8.0,3,1.0,ACCEPT,ICML,Reject,reject_tier,3.75
ICML_26_28,overclaiming,ministral3_14b,9.0,3,1.0,ACCEPT,ICML,Reject,reject_tier,3.75
ICML_26_28,overclaiming,ministral3_8b,7.666666666666667,3,0.3333333333333333,REJECT,ICML,Reject,reject_tier,3.75
ICML_26_28,overclaiming,qwen2.5_32b,8.0,3,1.0,ACCEPT,ICML,Reject,reject_tier,3.75
ICML_26_28,overclaiming,qwen2.5_3b,8.666666666666666,3,1.0,ACCEPT,ICML,Reject,reject_tier,3.75
ICML_26_28,overclaiming,qwen2.5_7b,9.0,3,1.0,ACCEPT,ICML,Reject,reject_tier,3.75
ICML_26_29,assertive,gemma4_31b,7.0,3,1.0,ACCEPT,ICML,Reject,reject_tier,3.0
ICML_26_29,assertive,gemma4_e4b,8.0,3,1.0,ACCEPT,ICML,Reject,reject_tier,3.0
ICML_26_29,assertive,llama_3.1_8b,8.0,3,1.0,ACCEPT,ICML,Reject,reject_tier,3.0
ICML_26_29,assertive,llama_3.2_3b,8.333333333333334,3,1.0,ACCEPT,ICML,Reject,reject_tier,3.0
ICML_26_29,assertive,ministral3_14b,8.666666666666666,3,1.0,ACCEPT,ICML,Reject,reject_tier,3.0
ICML_26_29,assertive,ministral3_8b,8.0,3,0.6666666666666666,ACCEPT,ICML,Reject,reject_tier,3.0
ICML_26_29,assertive,qwen2.5_32b,8.0,3,1.0,ACCEPT,ICML,Reject,reject_tier,3.0
ICML_26_29,assertive,qwen2.5_3b,9.0,3,1.0,ACCEPT,ICML,Reject,reject_tier,3.0
ICML_26_29,assertive,qwen2.5_7b,8.0,3,1.0,ACCEPT,ICML,Reject,reject_tier,3.0
ICML_26_29,hedged,gemma4_31b,6.0,3,0.0,REJECT,ICML,Reject,reject_tier,3.0
ICML_26_29,hedged,gemma4_e4b,7.333333333333333,3,1.0,ACCEPT,ICML,Reject,reject_tier,3.0
ICML_26_29,hedged,llama_3.1_8b,8.0,3,1.0,ACCEPT,ICML,Reject,reject_tier,3.0
ICML_26_29,hedged,llama_3.2_3b,8.0,3,1.0,ACCEPT,ICML,Reject,reject_tier,3.0
ICML_26_29,hedged,ministral3_14b,8.333333333333334,3,1.0,ACCEPT,ICML,Reject,reject_tier,3.0
ICML_26_29,hedged,ministral3_8b,8.333333333333334,3,0.3333333333333333,REJECT,ICML,Reject,reject_tier,3.0
ICML_26_29,hedged,qwen2.5_32b,8.0,3,1.0,ACCEPT,ICML,Reject,reject_tier,3.0
ICML_26_29,hedged,qwen2.5_3b,8.0,3,1.0,ACCEPT,ICML,Reject,reject_tier,3.0
ICML_26_29,hedged,qwen2.5_7b,8.0,3,1.0,ACCEPT,ICML,Reject,reject_tier,3.0
ICML_26_29,l2_grounded,gemma4_31b,6.333333333333333,3,0.3333333333333333,REJECT,ICML,Reject,reject_tier,3.0
ICML_26_29,l2_grounded,gemma4_e4b,7.666666666666667,3,1.0,ACCEPT,ICML,Reject,reject_tier,3.0
ICML_26_29,l2_grounded,llama_3.1_8b,8.0,3,1.0,ACCEPT,ICML,Reject,reject_tier,3.0
ICML_26_29,l2_grounded,llama_3.2_3b,8.0,3,1.0,ACCEPT,ICML,Reject,reject_tier,3.0
ICML_26_29,l2_grounded,ministral3_14b,8.666666666666666,3,1.0,ACCEPT,ICML,Reject,reject_tier,3.0
ICML_26_29,l2_grounded,ministral3_8b,8.666666666666666,3,1.0,ACCEPT,ICML,Reject,reject_tier,3.0
ICML_26_29,l2_grounded,qwen2.5_32b,8.0,3,1.0,ACCEPT,ICML,Reject,reject_tier,3.0
ICML_26_29,l2_grounded,qwen2.5_3b,8.0,3,1.0,ACCEPT,ICML,Reject,reject_tier,3.0
ICML_26_29,l2_grounded,qwen2.5_7b,8.0,3,1.0,ACCEPT,ICML,Reject,reject_tier,3.0
ICML_26_29,native_fluent,gemma4_31b,6.666666666666667,3,0.6666666666666666,ACCEPT,ICML,Reject,reject_tier,3.0
ICML_26_29,native_fluent,gemma4_e4b,8.0,3,1.0,ACCEPT,ICML,Reject,reject_tier,3.0
ICML_26_29,native_fluent,llama_3.1_8b,8.0,3,1.0,ACCEPT,ICML,Reject,reject_tier,3.0
ICML_26_29,native_fluent,llama_3.2_3b,8.666666666666666,3,1.0,ACCEPT,ICML,Reject,reject_tier,3.0
ICML_26_29,native_fluent,ministral3_14b,8.333333333333334,3,1.0,ACCEPT,ICML,Reject,reject_tier,3.0
ICML_26_29,native_fluent,ministral3_8b,8.333333333333334,3,1.0,ACCEPT,ICML,Reject,reject_tier,3.0
ICML_26_29,native_fluent,qwen2.5_32b,8.0,3,1.0,ACCEPT,ICML,Reject,reject_tier,3.0
ICML_26_29,native_fluent,qwen2.5_3b,8.666666666666666,3,1.0,ACCEPT,ICML,Reject,reject_tier,3.0
ICML_26_29,native_fluent,qwen2.5_7b,8.0,3,1.0,ACCEPT,ICML,Reject,reject_tier,3.0
ICML_26_29,original,gemma4_31b,6.666666666666667,3,0.6666666666666666,ACCEPT,ICML,Reject,reject_tier,3.0
ICML_26_29,original,gemma4_e4b,8.0,3,1.0,ACCEPT,ICML,Reject,reject_tier,3.0
ICML_26_29,original,llama_3.1_8b,8.0,3,1.0,ACCEPT,ICML,Reject,reject_tier,3.0
ICML_26_29,original,llama_3.2_3b,8.0,3,1.0,ACCEPT,ICML,Reject,reject_tier,3.0
ICML_26_29,original,ministral3_14b,8.333333333333334,3,1.0,ACCEPT,ICML,Reject,reject_tier,3.0
ICML_26_29,original,ministral3_8b,8.333333333333334,3,1.0,ACCEPT,ICML,Reject,reject_tier,3.0
ICML_26_29,original,qwen2.5_32b,8.0,3,1.0,ACCEPT,ICML,Reject,reject_tier,3.0
ICML_26_29,original,qwen2.5_3b,8.333333333333334,3,1.0,ACCEPT,ICML,Reject,reject_tier,3.0
ICML_26_29,original,qwen2.5_7b,8.0,3,1.0,ACCEPT,ICML,Reject,reject_tier,3.0
ICML_26_29,overclaiming,gemma4_31b,4.0,3,0.0,REJECT,ICML,Reject,reject_tier,3.0
ICML_26_29,overclaiming,gemma4_e4b,8.0,3,1.0,ACCEPT,ICML,Reject,reject_tier,3.0
ICML_26_29,overclaiming,llama_3.1_8b,8.0,3,1.0,ACCEPT,ICML,Reject,reject_tier,3.0
ICML_26_29,overclaiming,llama_3.2_3b,8.333333333333334,3,1.0,ACCEPT,ICML,Reject,reject_tier,3.0
ICML_26_29,overclaiming,ministral3_14b,8.0,3,1.0,ACCEPT,ICML,Reject,reject_tier,3.0
ICML_26_29,overclaiming,ministral3_8b,8.0,3,0.6666666666666666,ACCEPT,ICML,Reject,reject_tier,3.0
ICML_26_29,overclaiming,qwen2.5_32b,8.0,3,1.0,ACCEPT,ICML,Reject,reject_tier,3.0
ICML_26_29,overclaiming,qwen2.5_3b,9.0,3,1.0,ACCEPT,ICML,Reject,reject_tier,3.0
ICML_26_29,overclaiming,qwen2.5_7b,8.333333333333334,3,1.0,ACCEPT,ICML,Reject,reject_tier,3.0
ICML_26_3,assertive,gemma4_31b,6.0,3,0.0,REJECT,ICML,Reject,reject_tier,4.0
ICML_26_3,assertive,gemma4_e4b,7.666666666666667,3,1.0,ACCEPT,ICML,Reject,reject_tier,4.0
ICML_26_3,assertive,llama_3.1_8b,8.0,3,1.0,ACCEPT,ICML,Reject,reject_tier,4.0
ICML_26_3,assertive,llama_3.2_3b,7.666666666666667,3,1.0,ACCEPT,ICML,Reject,reject_tier,4.0
ICML_26_3,assertive,ministral3_14b,8.0,3,1.0,ACCEPT,ICML,Reject,reject_tier,4.0
ICML_26_3,assertive,ministral3_8b,8.333333333333334,3,1.0,ACCEPT,ICML,Reject,reject_tier,4.0
ICML_26_3,assertive,qwen2.5_32b,8.0,3,1.0,ACCEPT,ICML,Reject,reject_tier,4.0
ICML_26_3,assertive,qwen2.5_3b,8.0,3,1.0,ACCEPT,ICML,Reject,reject_tier,4.0
ICML_26_3,assertive,qwen2.5_7b,8.0,3,1.0,ACCEPT,ICML,Reject,reject_tier,4.0
ICML_26_3,hedged,gemma4_31b,6.0,3,0.0,REJECT,ICML,Reject,reject_tier,4.0
ICML_26_3,hedged,gemma4_e4b,7.0,3,1.0,ACCEPT,ICML,Reject,reject_tier,4.0
ICML_26_3,hedged,llama_3.1_8b,8.0,3,1.0,ACCEPT,ICML,Reject,reject_tier,4.0
ICML_26_3,hedged,llama_3.2_3b,7.333333333333333,3,1.0,ACCEPT,ICML,Reject,reject_tier,4.0
ICML_26_3,hedged,ministral3_14b,8.0,3,1.0,ACCEPT,ICML,Reject,reject_tier,4.0
ICML_26_3,hedged,ministral3_8b,8.666666666666666,3,1.0,ACCEPT,ICML,Reject,reject_tier,4.0
ICML_26_3,hedged,qwen2.5_32b,7.0,3,1.0,ACCEPT,ICML,Reject,reject_tier,4.0
ICML_26_3,hedged,qwen2.5_3b,7.0,3,1.0,ACCEPT,ICML,Reject,reject_tier,4.0
ICML_26_3,hedged,qwen2.5_7b,8.0,3,1.0,ACCEPT,ICML,Reject,reject_tier,4.0
ICML_26_3,l2_grounded,gemma4_31b,6.0,3,0.0,REJECT,ICML,Reject,reject_tier,4.0
ICML_26_3,l2_grounded,gemma4_e4b,7.333333333333333,3,1.0,ACCEPT,ICML,Reject,reject_tier,4.0
ICML_26_3,l2_grounded,llama_3.1_8b,8.0,3,1.0,ACCEPT,ICML,Reject,reject_tier,4.0
ICML_26_3,l2_grounded,llama_3.2_3b,8.0,3,1.0,ACCEPT,ICML,Reject,reject_tier,4.0
ICML_26_3,l2_grounded,ministral3_14b,8.333333333333334,3,1.0,ACCEPT,ICML,Reject,reject_tier,4.0
ICML_26_3,l2_grounded,ministral3_8b,8.333333333333334,3,1.0,ACCEPT,ICML,Reject,reject_tier,4.0
ICML_26_3,l2_grounded,qwen2.5_32b,8.0,3,1.0,ACCEPT,ICML,Reject,reject_tier,4.0
ICML_26_3,l2_grounded,qwen2.5_3b,8.0,3,1.0,ACCEPT,ICML,Reject,reject_tier,4.0
ICML_26_3,l2_grounded,qwen2.5_7b,8.0,3,1.0,ACCEPT,ICML,Reject,reject_tier,4.0
ICML_26_3,native_fluent,gemma4_31b,6.0,3,0.0,REJECT,ICML,Reject,reject_tier,4.0
ICML_26_3,native_fluent,gemma4_e4b,7.666666666666667,3,1.0,ACCEPT,ICML,Reject,reject_tier,4.0
ICML_26_3,native_fluent,llama_3.1_8b,8.0,3,1.0,ACCEPT,ICML,Reject,reject_tier,4.0
ICML_26_3,native_fluent,llama_3.2_3b,8.0,3,1.0,ACCEPT,ICML,Reject,reject_tier,4.0
ICML_26_3,native_fluent,ministral3_14b,8.0,3,1.0,ACCEPT,ICML,Reject,reject_tier,4.0
ICML_26_3,native_fluent,ministral3_8b,9.0,3,1.0,ACCEPT,ICML,Reject,reject_tier,4.0
ICML_26_3,native_fluent,qwen2.5_32b,8.0,3,1.0,ACCEPT,ICML,Reject,reject_tier,4.0
ICML_26_3,native_fluent,qwen2.5_3b,8.0,3,1.0,ACCEPT,ICML,Reject,reject_tier,4.0
ICML_26_3,native_fluent,qwen2.5_7b,8.0,3,1.0,ACCEPT,ICML,Reject,reject_tier,4.0
ICML_26_3,original,gemma4_31b,6.0,3,0.0,REJECT,ICML,Reject,reject_tier,4.0
ICML_26_3,original,gemma4_e4b,7.333333333333333,3,1.0,ACCEPT,ICML,Reject,reject_tier,4.0
ICML_26_3,original,llama_3.1_8b,8.0,3,1.0,ACCEPT,ICML,Reject,reject_tier,4.0
ICML_26_3,original,llama_3.2_3b,8.0,3,1.0,ACCEPT,ICML,Reject,reject_tier,4.0
ICML_26_3,original,ministral3_14b,8.333333333333334,3,1.0,ACCEPT,ICML,Reject,reject_tier,4.0
ICML_26_3,original,ministral3_8b,8.666666666666666,3,1.0,ACCEPT,ICML,Reject,reject_tier,4.0
ICML_26_3,original,qwen2.5_32b,8.0,3,1.0,ACCEPT,ICML,Reject,reject_tier,4.0
ICML_26_3,original,qwen2.5_3b,8.0,3,1.0,ACCEPT,ICML,Reject,reject_tier,4.0
ICML_26_3,original,qwen2.5_7b,8.0,3,1.0,ACCEPT,ICML,Reject,reject_tier,4.0
ICML_26_3,overclaiming,gemma4_31b,4.0,3,0.0,REJECT,ICML,Reject,reject_tier,4.0
ICML_26_3,overclaiming,gemma4_e4b,8.0,3,1.0,ACCEPT,ICML,Reject,reject_tier,4.0
ICML_26_3,overclaiming,llama_3.1_8b,8.0,3,1.0,ACCEPT,ICML,Reject,reject_tier,4.0
ICML_26_3,overclaiming,llama_3.2_3b,7.666666666666667,3,1.0,ACCEPT,ICML,Reject,reject_tier,4.0
ICML_26_3,overclaiming,ministral3_14b,8.333333333333334,3,1.0,ACCEPT,ICML,Reject,reject_tier,4.0
ICML_26_3,overclaiming,ministral3_8b,8.666666666666666,3,1.0,ACCEPT,ICML,Reject,reject_tier,4.0
ICML_26_3,overclaiming,qwen2.5_32b,8.0,3,1.0,ACCEPT,ICML,Reject,reject_tier,4.0
ICML_26_3,overclaiming,qwen2.5_3b,8.0,3,1.0,ACCEPT,ICML,Reject,reject_tier,4.0
ICML_26_3,overclaiming,qwen2.5_7b,8.333333333333334,3,1.0,ACCEPT,ICML,Reject,reject_tier,4.0
ICML_26_30,assertive,gemma4_31b,8.0,3,1.0,ACCEPT,ICML,Reject,reject_tier,3.75
ICML_26_30,assertive,gemma4_e4b,8.0,3,1.0,ACCEPT,ICML,Reject,reject_tier,3.75
ICML_26_30,assertive,llama_3.1_8b,8.0,3,1.0,ACCEPT,ICML,Reject,reject_tier,3.75
ICML_26_30,assertive,llama_3.2_3b,7.333333333333333,3,1.0,ACCEPT,ICML,Reject,reject_tier,3.75
ICML_26_30,assertive,ministral3_14b,8.333333333333334,3,1.0,ACCEPT,ICML,Reject,reject_tier,3.75
ICML_26_30,assertive,ministral3_8b,8.333333333333334,3,1.0,ACCEPT,ICML,Reject,reject_tier,3.75
ICML_26_30,assertive,qwen2.5_32b,8.0,3,1.0,ACCEPT,ICML,Reject,reject_tier,3.75
ICML_26_30,assertive,qwen2.5_3b,8.0,3,1.0,ACCEPT,ICML,Reject,reject_tier,3.75
ICML_26_30,assertive,qwen2.5_7b,8.666666666666666,3,1.0,ACCEPT,ICML,Reject,reject_tier,3.75
ICML_26_30,hedged,gemma4_31b,7.333333333333333,3,1.0,ACCEPT,ICML,Reject,reject_tier,3.75
ICML_26_30,hedged,gemma4_e4b,7.666666666666667,3,1.0,ACCEPT,ICML,Reject,reject_tier,3.75
ICML_26_30,hedged,llama_3.1_8b,7.333333333333333,3,1.0,ACCEPT,ICML,Reject,reject_tier,3.75
ICML_26_30,hedged,llama_3.2_3b,7.666666666666667,3,1.0,ACCEPT,ICML,Reject,reject_tier,3.75
ICML_26_30,hedged,ministral3_14b,7.666666666666667,3,1.0,ACCEPT,ICML,Reject,reject_tier,3.75
ICML_26_30,hedged,ministral3_8b,8.666666666666666,3,1.0,ACCEPT,ICML,Reject,reject_tier,3.75
ICML_26_30,hedged,qwen2.5_32b,7.666666666666667,3,1.0,ACCEPT,ICML,Reject,reject_tier,3.75
ICML_26_30,hedged,qwen2.5_3b,7.666666666666667,3,1.0,ACCEPT,ICML,Reject,reject_tier,3.75
ICML_26_30,hedged,qwen2.5_7b,8.0,3,1.0,ACCEPT,ICML,Reject,reject_tier,3.75
ICML_26_30,l2_grounded,gemma4_31b,7.666666666666667,3,1.0,ACCEPT,ICML,Reject,reject_tier,3.75
ICML_26_30,l2_grounded,gemma4_e4b,8.0,3,1.0,ACCEPT,ICML,Reject,reject_tier,3.75
ICML_26_30,l2_grounded,llama_3.1_8b,8.0,3,1.0,ACCEPT,ICML,Reject,reject_tier,3.75
ICML_26_30,l2_grounded,llama_3.2_3b,7.666666666666667,3,1.0,ACCEPT,ICML,Reject,reject_tier,3.75
ICML_26_30,l2_grounded,ministral3_14b,8.0,3,1.0,ACCEPT,ICML,Reject,reject_tier,3.75
ICML_26_30,l2_grounded,ministral3_8b,8.0,3,1.0,ACCEPT,ICML,Reject,reject_tier,3.75
ICML_26_30,l2_grounded,qwen2.5_32b,8.0,3,1.0,ACCEPT,ICML,Reject,reject_tier,3.75
ICML_26_30,l2_grounded,qwen2.5_3b,8.0,3,1.0,ACCEPT,ICML,Reject,reject_tier,3.75
ICML_26_30,l2_grounded,qwen2.5_7b,8.0,3,1.0,ACCEPT,ICML,Reject,reject_tier,3.75
ICML_26_30,native_fluent,gemma4_31b,8.0,3,1.0,ACCEPT,ICML,Reject,reject_tier,3.75
ICML_26_30,native_fluent,gemma4_e4b,8.0,3,1.0,ACCEPT,ICML,Reject,reject_tier,3.75
ICML_26_30,native_fluent,llama_3.1_8b,8.0,3,1.0,ACCEPT,ICML,Reject,reject_tier,3.75
ICML_26_30,native_fluent,llama_3.2_3b,7.666666666666667,3,1.0,ACCEPT,ICML,Reject,reject_tier,3.75
ICML_26_30,native_fluent,ministral3_14b,8.0,3,1.0,ACCEPT,ICML,Reject,reject_tier,3.75
ICML_26_30,native_fluent,ministral3_8b,8.333333333333334,3,1.0,ACCEPT,ICML,Reject,reject_tier,3.75
ICML_26_30,native_fluent,qwen2.5_32b,8.0,3,1.0,ACCEPT,ICML,Reject,reject_tier,3.75
ICML_26_30,native_fluent,qwen2.5_3b,8.0,3,1.0,ACCEPT,ICML,Reject,reject_tier,3.75
ICML_26_30,native_fluent,qwen2.5_7b,8.666666666666666,3,1.0,ACCEPT,ICML,Reject,reject_tier,3.75
ICML_26_30,original,gemma4_31b,8.0,3,1.0,ACCEPT,ICML,Reject,reject_tier,3.75
ICML_26_30,original,gemma4_e4b,8.0,3,1.0,ACCEPT,ICML,Reject,reject_tier,3.75
ICML_26_30,original,llama_3.1_8b,8.0,3,1.0,ACCEPT,ICML,Reject,reject_tier,3.75
ICML_26_30,original,llama_3.2_3b,8.0,3,1.0,ACCEPT,ICML,Reject,reject_tier,3.75
ICML_26_30,original,ministral3_14b,8.0,3,1.0,ACCEPT,ICML,Reject,reject_tier,3.75
ICML_26_30,original,ministral3_8b,8.666666666666666,3,1.0,ACCEPT,ICML,Reject,reject_tier,3.75
ICML_26_30,original,qwen2.5_32b,8.0,3,1.0,ACCEPT,ICML,Reject,reject_tier,3.75
ICML_26_30,original,qwen2.5_3b,8.0,3,1.0,ACCEPT,ICML,Reject,reject_tier,3.75
ICML_26_30,original,qwen2.5_7b,8.0,3,1.0,ACCEPT,ICML,Reject,reject_tier,3.75
ICML_26_30,overclaiming,gemma4_31b,7.666666666666667,3,1.0,ACCEPT,ICML,Reject,reject_tier,3.75
ICML_26_30,overclaiming,gemma4_e4b,8.0,3,1.0,ACCEPT,ICML,Reject,reject_tier,3.75
ICML_26_30,overclaiming,llama_3.1_8b,8.0,3,1.0,ACCEPT,ICML,Reject,reject_tier,3.75
ICML_26_30,overclaiming,llama_3.2_3b,8.666666666666666,3,1.0,ACCEPT,ICML,Reject,reject_tier,3.75
ICML_26_30,overclaiming,ministral3_14b,8.333333333333334,3,1.0,ACCEPT,ICML,Reject,reject_tier,3.75
ICML_26_30,overclaiming,ministral3_8b,8.0,3,1.0,ACCEPT,ICML,Reject,reject_tier,3.75
ICML_26_30,overclaiming,qwen2.5_32b,8.0,3,1.0,ACCEPT,ICML,Reject,reject_tier,3.75
ICML_26_30,overclaiming,qwen2.5_3b,9.666666666666666,3,1.0,ACCEPT,ICML,Reject,reject_tier,3.75
ICML_26_30,overclaiming,qwen2.5_7b,8.333333333333334,3,1.0,ACCEPT,ICML,Reject,reject_tier,3.75
ICML_26_31,assertive,gemma4_31b,6.0,3,0.0,REJECT,ICML,Reject,reject_tier,3.5
ICML_26_31,assertive,gemma4_e4b,7.0,3,1.0,ACCEPT,ICML,Reject,reject_tier,3.5
ICML_26_31,assertive,llama_3.1_8b,8.0,3,1.0,ACCEPT,ICML,Reject,reject_tier,3.5
ICML_26_31,assertive,llama_3.2_3b,8.0,3,1.0,ACCEPT,ICML,Reject,reject_tier,3.5
ICML_26_31,assertive,ministral3_14b,8.0,3,1.0,ACCEPT,ICML,Reject,reject_tier,3.5
ICML_26_31,assertive,ministral3_8b,7.666666666666667,3,0.6666666666666666,ACCEPT,ICML,Reject,reject_tier,3.5
ICML_26_31,assertive,qwen2.5_32b,7.333333333333333,3,1.0,ACCEPT,ICML,Reject,reject_tier,3.5
ICML_26_31,assertive,qwen2.5_3b,8.0,3,1.0,ACCEPT,ICML,Reject,reject_tier,3.5
ICML_26_31,assertive,qwen2.5_7b,8.0,3,1.0,ACCEPT,ICML,Reject,reject_tier,3.5
ICML_26_31,hedged,gemma4_31b,4.666666666666667,3,0.0,REJECT,ICML,Reject,reject_tier,3.5
ICML_26_31,hedged,gemma4_e4b,7.0,3,1.0,ACCEPT,ICML,Reject,reject_tier,3.5
ICML_26_31,hedged,llama_3.1_8b,7.333333333333333,3,1.0,ACCEPT,ICML,Reject,reject_tier,3.5
ICML_26_31,hedged,llama_3.2_3b,7.333333333333333,3,1.0,ACCEPT,ICML,Reject,reject_tier,3.5
ICML_26_31,hedged,ministral3_14b,6.666666666666667,3,0.3333333333333333,REJECT,ICML,Reject,reject_tier,3.5
ICML_26_31,hedged,ministral3_8b,6.666666666666667,3,0.0,REJECT,ICML,Reject,reject_tier,3.5
ICML_26_31,hedged,qwen2.5_32b,6.0,3,0.0,REJECT,ICML,Reject,reject_tier,3.5
ICML_26_31,hedged,qwen2.5_3b,8.0,3,1.0,ACCEPT,ICML,Reject,reject_tier,3.5
ICML_26_31,hedged,qwen2.5_7b,8.0,3,1.0,ACCEPT,ICML,Reject,reject_tier,3.5
ICML_26_31,l2_grounded,gemma4_31b,6.0,3,0.0,REJECT,ICML,Reject,reject_tier,3.5
ICML_26_31,l2_grounded,gemma4_e4b,7.0,3,1.0,ACCEPT,ICML,Reject,reject_tier,3.5
ICML_26_31,l2_grounded,llama_3.1_8b,8.0,3,1.0,ACCEPT,ICML,Reject,reject_tier,3.5
ICML_26_31,l2_grounded,llama_3.2_3b,8.0,3,1.0,ACCEPT,ICML,Reject,reject_tier,3.5
ICML_26_31,l2_grounded,ministral3_14b,8.0,3,1.0,ACCEPT,ICML,Reject,reject_tier,3.5
ICML_26_31,l2_grounded,ministral3_8b,7.666666666666667,3,0.6666666666666666,ACCEPT,ICML,Reject,reject_tier,3.5
ICML_26_31,l2_grounded,qwen2.5_32b,7.0,3,1.0,ACCEPT,ICML,Reject,reject_tier,3.5
ICML_26_31,l2_grounded,qwen2.5_3b,8.0,3,1.0,ACCEPT,ICML,Reject,reject_tier,3.5
ICML_26_31,l2_grounded,qwen2.5_7b,8.0,3,1.0,ACCEPT,ICML,Reject,reject_tier,3.5
ICML_26_31,native_fluent,gemma4_31b,6.0,3,0.0,REJECT,ICML,Reject,reject_tier,3.5
ICML_26_31,native_fluent,gemma4_e4b,7.0,3,1.0,ACCEPT,ICML,Reject,reject_tier,3.5
ICML_26_31,native_fluent,llama_3.1_8b,8.0,3,1.0,ACCEPT,ICML,Reject,reject_tier,3.5
ICML_26_31,native_fluent,llama_3.2_3b,8.0,3,1.0,ACCEPT,ICML,Reject,reject_tier,3.5
ICML_26_31,native_fluent,ministral3_14b,8.0,3,1.0,ACCEPT,ICML,Reject,reject_tier,3.5
ICML_26_31,native_fluent,ministral3_8b,8.0,3,0.3333333333333333,REJECT,ICML,Reject,reject_tier,3.5
ICML_26_31,native_fluent,qwen2.5_32b,8.0,3,1.0,ACCEPT,ICML,Reject,reject_tier,3.5
ICML_26_31,native_fluent,qwen2.5_3b,8.0,3,1.0,ACCEPT,ICML,Reject,reject_tier,3.5
ICML_26_31,native_fluent,qwen2.5_7b,8.0,3,1.0,ACCEPT,ICML,Reject,reject_tier,3.5
ICML_26_31,original,gemma4_31b,6.0,3,0.0,REJECT,ICML,Reject,reject_tier,3.5
ICML_26_31,original,gemma4_e4b,7.333333333333333,3,1.0,ACCEPT,ICML,Reject,reject_tier,3.5
ICML_26_31,original,llama_3.1_8b,8.0,3,1.0,ACCEPT,ICML,Reject,reject_tier,3.5
ICML_26_31,original,llama_3.2_3b,8.0,3,1.0,ACCEPT,ICML,Reject,reject_tier,3.5
ICML_26_31,original,ministral3_14b,8.0,3,1.0,ACCEPT,ICML,Reject,reject_tier,3.5
ICML_26_31,original,ministral3_8b,7.666666666666667,3,0.3333333333333333,REJECT,ICML,Reject,reject_tier,3.5
ICML_26_31,original,qwen2.5_32b,7.333333333333333,3,1.0,ACCEPT,ICML,Reject,reject_tier,3.5
ICML_26_31,original,qwen2.5_3b,8.0,3,1.0,ACCEPT,ICML,Reject,reject_tier,3.5
ICML_26_31,original,qwen2.5_7b,8.0,3,1.0,ACCEPT,ICML,Reject,reject_tier,3.5
ICML_26_31,overclaiming,gemma4_31b,3.0,3,0.0,REJECT,ICML,Reject,reject_tier,3.5
ICML_26_31,overclaiming,gemma4_e4b,7.0,3,1.0,ACCEPT,ICML,Reject,reject_tier,3.5
ICML_26_31,overclaiming,llama_3.1_8b,7.333333333333333,3,1.0,ACCEPT,ICML,Reject,reject_tier,3.5
ICML_26_31,overclaiming,llama_3.2_3b,6.666666666666667,3,0.6666666666666666,ACCEPT,ICML,Reject,reject_tier,3.5
ICML_26_31,overclaiming,ministral3_14b,7.333333333333333,3,0.6666666666666666,ACCEPT,ICML,Reject,reject_tier,3.5
ICML_26_31,overclaiming,ministral3_8b,7.333333333333333,3,0.0,REJECT,ICML,Reject,reject_tier,3.5
ICML_26_31,overclaiming,qwen2.5_32b,7.0,3,1.0,ACCEPT,ICML,Reject,reject_tier,3.5
ICML_26_31,overclaiming,qwen2.5_3b,8.0,3,1.0,ACCEPT,ICML,Reject,reject_tier,3.5
ICML_26_31,overclaiming,qwen2.5_7b,8.0,3,1.0,ACCEPT,ICML,Reject,reject_tier,3.5
ICML_26_32,assertive,gemma4_31b,7.0,3,1.0,ACCEPT,ICML,Reject,reject_tier,4.0
ICML_26_32,assertive,gemma4_e4b,8.0,3,1.0,ACCEPT,ICML,Reject,reject_tier,4.0
ICML_26_32,assertive,llama_3.1_8b,8.0,3,1.0,ACCEPT,ICML,Reject,reject_tier,4.0
ICML_26_32,assertive,llama_3.2_3b,8.333333333333334,3,1.0,ACCEPT,ICML,Reject,reject_tier,4.0
ICML_26_32,assertive,ministral3_14b,8.333333333333334,3,1.0,ACCEPT,ICML,Reject,reject_tier,4.0
ICML_26_32,assertive,ministral3_8b,8.0,3,0.6666666666666666,ACCEPT,ICML,Reject,reject_tier,4.0
ICML_26_32,assertive,qwen2.5_32b,8.0,3,1.0,ACCEPT,ICML,Reject,reject_tier,4.0
ICML_26_32,assertive,qwen2.5_3b,8.666666666666666,3,1.0,ACCEPT,ICML,Reject,reject_tier,4.0
ICML_26_32,assertive,qwen2.5_7b,9.0,3,1.0,ACCEPT,ICML,Reject,reject_tier,4.0
ICML_26_32,hedged,gemma4_31b,6.0,3,0.0,REJECT,ICML,Reject,reject_tier,4.0
ICML_26_32,hedged,gemma4_e4b,7.0,3,1.0,ACCEPT,ICML,Reject,reject_tier,4.0
ICML_26_32,hedged,llama_3.1_8b,8.0,3,1.0,ACCEPT,ICML,Reject,reject_tier,4.0
ICML_26_32,hedged,llama_3.2_3b,8.0,3,1.0,ACCEPT,ICML,Reject,reject_tier,4.0
ICML_26_32,hedged,ministral3_14b,7.0,2,0.5,ACCEPT,ICML,Reject,reject_tier,4.0
ICML_26_32,hedged,ministral3_8b,8.0,3,1.0,ACCEPT,ICML,Reject,reject_tier,4.0
ICML_26_32,hedged,qwen2.5_32b,8.0,3,1.0,ACCEPT,ICML,Reject,reject_tier,4.0
ICML_26_32,hedged,qwen2.5_3b,8.0,3,1.0,ACCEPT,ICML,Reject,reject_tier,4.0
ICML_26_32,hedged,qwen2.5_7b,8.0,3,1.0,ACCEPT,ICML,Reject,reject_tier,4.0
ICML_26_32,l2_grounded,gemma4_31b,7.0,3,1.0,ACCEPT,ICML,Reject,reject_tier,4.0
ICML_26_32,l2_grounded,gemma4_e4b,8.0,3,1.0,ACCEPT,ICML,Reject,reject_tier,4.0
ICML_26_32,l2_grounded,llama_3.1_8b,8.333333333333334,3,1.0,ACCEPT,ICML,Reject,reject_tier,4.0
ICML_26_32,l2_grounded,llama_3.2_3b,8.0,3,1.0,ACCEPT,ICML,Reject,reject_tier,4.0
ICML_26_32,l2_grounded,ministral3_14b,8.333333333333334,3,1.0,ACCEPT,ICML,Reject,reject_tier,4.0
ICML_26_32,l2_grounded,ministral3_8b,7.666666666666667,3,0.6666666666666666,ACCEPT,ICML,Reject,reject_tier,4.0
ICML_26_32,l2_grounded,qwen2.5_32b,8.0,3,1.0,ACCEPT,ICML,Reject,reject_tier,4.0
ICML_26_32,l2_grounded,qwen2.5_3b,8.333333333333334,3,1.0,ACCEPT,ICML,Reject,reject_tier,4.0
ICML_26_32,l2_grounded,qwen2.5_7b,8.666666666666666,3,1.0,ACCEPT,ICML,Reject,reject_tier,4.0
ICML_26_32,native_fluent,gemma4_31b,7.0,3,1.0,ACCEPT,ICML,Reject,reject_tier,4.0
ICML_26_32,native_fluent,gemma4_e4b,8.0,3,1.0,ACCEPT,ICML,Reject,reject_tier,4.0
ICML_26_32,native_fluent,llama_3.1_8b,8.0,3,1.0,ACCEPT,ICML,Reject,reject_tier,4.0
ICML_26_32,native_fluent,llama_3.2_3b,8.333333333333334,3,1.0,ACCEPT,ICML,Reject,reject_tier,4.0
ICML_26_32,native_fluent,ministral3_14b,8.0,3,1.0,ACCEPT,ICML,Reject,reject_tier,4.0
ICML_26_32,native_fluent,ministral3_8b,8.333333333333334,3,1.0,ACCEPT,ICML,Reject,reject_tier,4.0
ICML_26_32,native_fluent,qwen2.5_32b,8.0,3,1.0,ACCEPT,ICML,Reject,reject_tier,4.0
ICML_26_32,native_fluent,qwen2.5_3b,8.333333333333334,3,1.0,ACCEPT,ICML,Reject,reject_tier,4.0
ICML_26_32,native_fluent,qwen2.5_7b,8.666666666666666,3,1.0,ACCEPT,ICML,Reject,reject_tier,4.0
ICML_26_32,original,gemma4_31b,7.0,3,1.0,ACCEPT,ICML,Reject,reject_tier,4.0
ICML_26_32,original,gemma4_e4b,8.0,3,1.0,ACCEPT,ICML,Reject,reject_tier,4.0
ICML_26_32,original,llama_3.1_8b,8.0,3,1.0,ACCEPT,ICML,Reject,reject_tier,4.0
ICML_26_32,original,llama_3.2_3b,8.0,3,1.0,ACCEPT,ICML,Reject,reject_tier,4.0
ICML_26_32,original,ministral3_14b,8.333333333333334,3,1.0,ACCEPT,ICML,Reject,reject_tier,4.0
ICML_26_32,original,ministral3_8b,9.0,3,1.0,ACCEPT,ICML,Reject,reject_tier,4.0
ICML_26_32,original,qwen2.5_32b,8.0,3,1.0,ACCEPT,ICML,Reject,reject_tier,4.0
ICML_26_32,original,qwen2.5_3b,8.666666666666666,3,1.0,ACCEPT,ICML,Reject,reject_tier,4.0
ICML_26_32,original,qwen2.5_7b,8.666666666666666,3,1.0,ACCEPT,ICML,Reject,reject_tier,4.0
ICML_26_32,overclaiming,gemma4_31b,4.0,3,0.0,REJECT,ICML,Reject,reject_tier,4.0
ICML_26_32,overclaiming,gemma4_e4b,8.0,3,1.0,ACCEPT,ICML,Reject,reject_tier,4.0
ICML_26_32,overclaiming,llama_3.1_8b,8.666666666666666,3,1.0,ACCEPT,ICML,Reject,reject_tier,4.0
ICML_26_32,overclaiming,llama_3.2_3b,8.666666666666666,3,1.0,ACCEPT,ICML,Reject,reject_tier,4.0
ICML_26_32,overclaiming,ministral3_14b,8.666666666666666,3,1.0,ACCEPT,ICML,Reject,reject_tier,4.0
ICML_26_32,overclaiming,ministral3_8b,8.333333333333334,3,0.6666666666666666,ACCEPT,ICML,Reject,reject_tier,4.0
ICML_26_32,overclaiming,qwen2.5_32b,9.0,3,1.0,ACCEPT,ICML,Reject,reject_tier,4.0
ICML_26_32,overclaiming,qwen2.5_3b,9.0,3,1.0,ACCEPT,ICML,Reject,reject_tier,4.0
ICML_26_32,overclaiming,qwen2.5_7b,9.0,3,1.0,ACCEPT,ICML,Reject,reject_tier,4.0
ICML_26_33,assertive,gemma4_31b,7.0,3,1.0,ACCEPT,ICML,Reject,reject_tier,3.0
ICML_26_33,assertive,gemma4_e4b,8.0,3,1.0,ACCEPT,ICML,Reject,reject_tier,3.0
ICML_26_33,assertive,llama_3.1_8b,8.0,3,1.0,ACCEPT,ICML,Reject,reject_tier,3.0
ICML_26_33,assertive,llama_3.2_3b,8.0,3,1.0,ACCEPT,ICML,Reject,reject_tier,3.0
ICML_26_33,assertive,ministral3_14b,8.0,3,1.0,ACCEPT,ICML,Reject,reject_tier,3.0
ICML_26_33,assertive,ministral3_8b,8.333333333333334,3,1.0,ACCEPT,ICML,Reject,reject_tier,3.0
ICML_26_33,assertive,qwen2.5_32b,7.666666666666667,3,1.0,ACCEPT,ICML,Reject,reject_tier,3.0
ICML_26_33,assertive,qwen2.5_3b,8.0,3,1.0,ACCEPT,ICML,Reject,reject_tier,3.0
ICML_26_33,assertive,qwen2.5_7b,8.0,3,1.0,ACCEPT,ICML,Reject,reject_tier,3.0
ICML_26_33,hedged,gemma4_31b,6.0,3,0.0,REJECT,ICML,Reject,reject_tier,3.0
ICML_26_33,hedged,gemma4_e4b,7.0,3,1.0,ACCEPT,ICML,Reject,reject_tier,3.0
ICML_26_33,hedged,llama_3.1_8b,8.0,3,1.0,ACCEPT,ICML,Reject,reject_tier,3.0
ICML_26_33,hedged,llama_3.2_3b,8.0,3,1.0,ACCEPT,ICML,Reject,reject_tier,3.0
ICML_26_33,hedged,ministral3_14b,8.0,3,1.0,ACCEPT,ICML,Reject,reject_tier,3.0
ICML_26_33,hedged,ministral3_8b,8.0,3,0.3333333333333333,REJECT,ICML,Reject,reject_tier,3.0
ICML_26_33,hedged,qwen2.5_32b,7.0,3,1.0,ACCEPT,ICML,Reject,reject_tier,3.0
ICML_26_33,hedged,qwen2.5_3b,7.333333333333333,3,1.0,ACCEPT,ICML,Reject,reject_tier,3.0
ICML_26_33,hedged,qwen2.5_7b,8.0,3,1.0,ACCEPT,ICML,Reject,reject_tier,3.0
ICML_26_33,l2_grounded,gemma4_31b,7.0,3,1.0,ACCEPT,ICML,Reject,reject_tier,3.0
ICML_26_33,l2_grounded,gemma4_e4b,7.666666666666667,3,1.0,ACCEPT,ICML,Reject,reject_tier,3.0
ICML_26_33,l2_grounded,llama_3.1_8b,8.0,3,1.0,ACCEPT,ICML,Reject,reject_tier,3.0
ICML_26_33,l2_grounded,llama_3.2_3b,8.0,3,1.0,ACCEPT,ICML,Reject,reject_tier,3.0
ICML_26_33,l2_grounded,ministral3_14b,8.666666666666666,3,1.0,ACCEPT,ICML,Reject,reject_tier,3.0
ICML_26_33,l2_grounded,ministral3_8b,8.0,3,1.0,ACCEPT,ICML,Reject,reject_tier,3.0
ICML_26_33,l2_grounded,qwen2.5_32b,8.0,3,1.0,ACCEPT,ICML,Reject,reject_tier,3.0
ICML_26_33,l2_grounded,qwen2.5_3b,8.0,3,1.0,ACCEPT,ICML,Reject,reject_tier,3.0
ICML_26_33,l2_grounded,qwen2.5_7b,8.0,3,1.0,ACCEPT,ICML,Reject,reject_tier,3.0
ICML_26_33,native_fluent,gemma4_31b,7.0,3,1.0,ACCEPT,ICML,Reject,reject_tier,3.0
ICML_26_33,native_fluent,gemma4_e4b,8.0,3,1.0,ACCEPT,ICML,Reject,reject_tier,3.0
ICML_26_33,native_fluent,llama_3.1_8b,8.0,3,1.0,ACCEPT,ICML,Reject,reject_tier,3.0
ICML_26_33,native_fluent,llama_3.2_3b,8.0,3,1.0,ACCEPT,ICML,Reject,reject_tier,3.0
ICML_26_33,native_fluent,ministral3_14b,8.0,3,1.0,ACCEPT,ICML,Reject,reject_tier,3.0
ICML_26_33,native_fluent,ministral3_8b,7.333333333333333,3,0.3333333333333333,REJECT,ICML,Reject,reject_tier,3.0
ICML_26_33,native_fluent,qwen2.5_32b,7.666666666666667,3,1.0,ACCEPT,ICML,Reject,reject_tier,3.0
ICML_26_33,native_fluent,qwen2.5_3b,8.0,3,1.0,ACCEPT,ICML,Reject,reject_tier,3.0
ICML_26_33,native_fluent,qwen2.5_7b,8.0,3,1.0,ACCEPT,ICML,Reject,reject_tier,3.0
ICML_26_33,original,gemma4_31b,7.0,3,1.0,ACCEPT,ICML,Reject,reject_tier,3.0
ICML_26_33,original,gemma4_e4b,8.0,3,1.0,ACCEPT,ICML,Reject,reject_tier,3.0
ICML_26_33,original,llama_3.1_8b,8.0,3,1.0,ACCEPT,ICML,Reject,reject_tier,3.0
ICML_26_33,original,llama_3.2_3b,8.0,3,1.0,ACCEPT,ICML,Reject,reject_tier,3.0
ICML_26_33,original,ministral3_14b,8.333333333333334,3,1.0,ACCEPT,ICML,Reject,reject_tier,3.0
ICML_26_33,original,ministral3_8b,8.0,3,1.0,ACCEPT,ICML,Reject,reject_tier,3.0
ICML_26_33,original,qwen2.5_32b,8.0,3,1.0,ACCEPT,ICML,Reject,reject_tier,3.0
ICML_26_33,original,qwen2.5_3b,8.0,3,1.0,ACCEPT,ICML,Reject,reject_tier,3.0
ICML_26_33,original,qwen2.5_7b,8.0,3,1.0,ACCEPT,ICML,Reject,reject_tier,3.0
ICML_26_33,overclaiming,gemma4_31b,3.3333333333333335,3,0.0,REJECT,ICML,Reject,reject_tier,3.0
ICML_26_33,overclaiming,gemma4_e4b,8.0,3,1.0,ACCEPT,ICML,Reject,reject_tier,3.0
ICML_26_33,overclaiming,llama_3.1_8b,7.666666666666667,3,1.0,ACCEPT,ICML,Reject,reject_tier,3.0
ICML_26_33,overclaiming,llama_3.2_3b,8.0,3,1.0,ACCEPT,ICML,Reject,reject_tier,3.0
ICML_26_33,overclaiming,ministral3_14b,8.333333333333334,3,1.0,ACCEPT,ICML,Reject,reject_tier,3.0
ICML_26_33,overclaiming,ministral3_8b,7.0,3,0.0,REJECT,ICML,Reject,reject_tier,3.0
ICML_26_33,overclaiming,qwen2.5_32b,8.0,3,1.0,ACCEPT,ICML,Reject,reject_tier,3.0
ICML_26_33,overclaiming,qwen2.5_3b,8.0,3,1.0,ACCEPT,ICML,Reject,reject_tier,3.0
ICML_26_33,overclaiming,qwen2.5_7b,8.0,3,1.0,ACCEPT,ICML,Reject,reject_tier,3.0
ICML_26_34,assertive,gemma4_31b,7.0,3,1.0,ACCEPT,ICML,Reject,reject_tier,4.0
ICML_26_34,assertive,gemma4_e4b,8.0,3,1.0,ACCEPT,ICML,Reject,reject_tier,4.0
ICML_26_34,assertive,llama_3.1_8b,8.0,3,1.0,ACCEPT,ICML,Reject,reject_tier,4.0
ICML_26_34,assertive,llama_3.2_3b,8.333333333333334,3,1.0,ACCEPT,ICML,Reject,reject_tier,4.0
ICML_26_34,assertive,ministral3_14b,8.666666666666666,3,1.0,ACCEPT,ICML,Reject,reject_tier,4.0
ICML_26_34,assertive,ministral3_8b,8.333333333333334,3,1.0,ACCEPT,ICML,Reject,reject_tier,4.0
ICML_26_34,assertive,qwen2.5_32b,8.0,3,1.0,ACCEPT,ICML,Reject,reject_tier,4.0
ICML_26_34,assertive,qwen2.5_3b,8.333333333333334,3,1.0,ACCEPT,ICML,Reject,reject_tier,4.0
ICML_26_34,assertive,qwen2.5_7b,8.0,3,1.0,ACCEPT,ICML,Reject,reject_tier,4.0
ICML_26_34,hedged,gemma4_31b,7.0,3,1.0,ACCEPT,ICML,Reject,reject_tier,4.0
ICML_26_34,hedged,gemma4_e4b,7.0,3,1.0,ACCEPT,ICML,Reject,reject_tier,4.0
ICML_26_34,hedged,llama_3.1_8b,8.0,3,1.0,ACCEPT,ICML,Reject,reject_tier,4.0
ICML_26_34,hedged,llama_3.2_3b,8.0,3,1.0,ACCEPT,ICML,Reject,reject_tier,4.0
ICML_26_34,hedged,ministral3_14b,7.666666666666667,3,1.0,ACCEPT,ICML,Reject,reject_tier,4.0
ICML_26_34,hedged,ministral3_8b,8.333333333333334,3,1.0,ACCEPT,ICML,Reject,reject_tier,4.0
ICML_26_34,hedged,qwen2.5_32b,8.0,3,1.0,ACCEPT,ICML,Reject,reject_tier,4.0
ICML_26_34,hedged,qwen2.5_3b,8.0,3,1.0,ACCEPT,ICML,Reject,reject_tier,4.0
ICML_26_34,hedged,qwen2.5_7b,8.0,3,1.0,ACCEPT,ICML,Reject,reject_tier,4.0
ICML_26_34,l2_grounded,gemma4_31b,7.0,3,1.0,ACCEPT,ICML,Reject,reject_tier,4.0
ICML_26_34,l2_grounded,gemma4_e4b,8.0,3,1.0,ACCEPT,ICML,Reject,reject_tier,4.0
ICML_26_34,l2_grounded,llama_3.1_8b,8.0,3,1.0,ACCEPT,ICML,Reject,reject_tier,4.0
ICML_26_34,l2_grounded,llama_3.2_3b,8.0,3,1.0,ACCEPT,ICML,Reject,reject_tier,4.0
ICML_26_34,l2_grounded,ministral3_14b,8.666666666666666,3,1.0,ACCEPT,ICML,Reject,reject_tier,4.0
ICML_26_34,l2_grounded,ministral3_8b,9.0,3,1.0,ACCEPT,ICML,Reject,reject_tier,4.0
ICML_26_34,l2_grounded,qwen2.5_32b,8.0,3,1.0,ACCEPT,ICML,Reject,reject_tier,4.0
ICML_26_34,l2_grounded,qwen2.5_3b,8.333333333333334,3,1.0,ACCEPT,ICML,Reject,reject_tier,4.0
ICML_26_34,l2_grounded,qwen2.5_7b,8.0,3,1.0,ACCEPT,ICML,Reject,reject_tier,4.0
ICML_26_34,native_fluent,gemma4_31b,7.0,3,1.0,ACCEPT,ICML,Reject,reject_tier,4.0
ICML_26_34,native_fluent,gemma4_e4b,8.0,3,1.0,ACCEPT,ICML,Reject,reject_tier,4.0
ICML_26_34,native_fluent,llama_3.1_8b,8.0,3,1.0,ACCEPT,ICML,Reject,reject_tier,4.0
ICML_26_34,native_fluent,llama_3.2_3b,8.0,3,1.0,ACCEPT,ICML,Reject,reject_tier,4.0
ICML_26_34,native_fluent,ministral3_14b,8.0,3,1.0,ACCEPT,ICML,Reject,reject_tier,4.0
ICML_26_34,native_fluent,ministral3_8b,8.0,3,0.3333333333333333,REJECT,ICML,Reject,reject_tier,4.0
ICML_26_34,native_fluent,qwen2.5_32b,8.0,3,1.0,ACCEPT,ICML,Reject,reject_tier,4.0
ICML_26_34,native_fluent,qwen2.5_3b,8.333333333333334,3,1.0,ACCEPT,ICML,Reject,reject_tier,4.0
ICML_26_34,native_fluent,qwen2.5_7b,8.0,3,1.0,ACCEPT,ICML,Reject,reject_tier,4.0
ICML_26_34,original,gemma4_31b,7.0,3,1.0,ACCEPT,ICML,Reject,reject_tier,4.0
ICML_26_34,original,gemma4_e4b,8.0,3,1.0,ACCEPT,ICML,Reject,reject_tier,4.0
ICML_26_34,original,llama_3.1_8b,8.0,3,1.0,ACCEPT,ICML,Reject,reject_tier,4.0
ICML_26_34,original,llama_3.2_3b,8.0,3,1.0,ACCEPT,ICML,Reject,reject_tier,4.0
ICML_26_34,original,ministral3_14b,8.333333333333334,3,1.0,ACCEPT,ICML,Reject,reject_tier,4.0
ICML_26_34,original,ministral3_8b,8.666666666666666,3,1.0,ACCEPT,ICML,Reject,reject_tier,4.0
ICML_26_34,original,qwen2.5_32b,8.0,3,1.0,ACCEPT,ICML,Reject,reject_tier,4.0
ICML_26_34,original,qwen2.5_3b,8.333333333333334,3,1.0,ACCEPT,ICML,Reject,reject_tier,4.0
ICML_26_34,original,qwen2.5_7b,8.0,3,1.0,ACCEPT,ICML,Reject,reject_tier,4.0
ICML_26_34,overclaiming,gemma4_31b,3.3333333333333335,3,0.0,REJECT,ICML,Reject,reject_tier,4.0
ICML_26_34,overclaiming,gemma4_e4b,8.0,3,1.0,ACCEPT,ICML,Reject,reject_tier,4.0
ICML_26_34,overclaiming,llama_3.1_8b,8.333333333333334,3,1.0,ACCEPT,ICML,Reject,reject_tier,4.0
ICML_26_34,overclaiming,llama_3.2_3b,9.0,3,1.0,ACCEPT,ICML,Reject,reject_tier,4.0
ICML_26_34,overclaiming,ministral3_14b,7.666666666666667,3,1.0,ACCEPT,ICML,Reject,reject_tier,4.0
ICML_26_34,overclaiming,ministral3_8b,8.666666666666666,3,1.0,ACCEPT,ICML,Reject,reject_tier,4.0
ICML_26_34,overclaiming,qwen2.5_32b,8.0,3,1.0,ACCEPT,ICML,Reject,reject_tier,4.0
ICML_26_34,overclaiming,qwen2.5_3b,7.666666666666667,3,0.6666666666666666,ACCEPT,ICML,Reject,reject_tier,4.0
ICML_26_34,overclaiming,qwen2.5_7b,8.666666666666666,3,1.0,ACCEPT,ICML,Reject,reject_tier,4.0
ICML_26_35,assertive,gemma4_31b,4.0,3,0.0,REJECT,ICML,Reject,reject_tier,3.25
ICML_26_35,assertive,gemma4_e4b,6.0,3,1.0,ACCEPT,ICML,Reject,reject_tier,3.25
ICML_26_35,assertive,llama_3.1_8b,7.0,3,1.0,ACCEPT,ICML,Reject,reject_tier,3.25
ICML_26_35,assertive,llama_3.2_3b,7.333333333333333,3,1.0,ACCEPT,ICML,Reject,reject_tier,3.25
ICML_26_35,assertive,ministral3_14b,8.333333333333334,3,1.0,ACCEPT,ICML,Reject,reject_tier,3.25
ICML_26_35,assertive,ministral3_8b,8.333333333333334,3,0.6666666666666666,ACCEPT,ICML,Reject,reject_tier,3.25
ICML_26_35,assertive,qwen2.5_32b,8.0,3,1.0,ACCEPT,ICML,Reject,reject_tier,3.25
ICML_26_35,assertive,qwen2.5_3b,8.0,3,1.0,ACCEPT,ICML,Reject,reject_tier,3.25
ICML_26_35,assertive,qwen2.5_7b,8.0,3,1.0,ACCEPT,ICML,Reject,reject_tier,3.25
ICML_26_35,hedged,gemma4_31b,4.0,3,0.0,REJECT,ICML,Reject,reject_tier,3.25
ICML_26_35,hedged,gemma4_e4b,6.0,3,1.0,ACCEPT,ICML,Reject,reject_tier,3.25
ICML_26_35,hedged,llama_3.1_8b,6.333333333333333,3,1.0,ACCEPT,ICML,Reject,reject_tier,3.25
ICML_26_35,hedged,llama_3.2_3b,6.666666666666667,3,0.6666666666666666,ACCEPT,ICML,Reject,reject_tier,3.25
ICML_26_35,hedged,ministral3_14b,7.666666666666667,3,1.0,ACCEPT,ICML,Reject,reject_tier,3.25
ICML_26_35,hedged,ministral3_8b,8.666666666666666,3,1.0,ACCEPT,ICML,Reject,reject_tier,3.25
ICML_26_35,hedged,qwen2.5_32b,7.0,3,1.0,ACCEPT,ICML,Reject,reject_tier,3.25
ICML_26_35,hedged,qwen2.5_3b,7.333333333333333,3,1.0,ACCEPT,ICML,Reject,reject_tier,3.25
ICML_26_35,hedged,qwen2.5_7b,8.0,3,1.0,ACCEPT,ICML,Reject,reject_tier,3.25
ICML_26_35,l2_grounded,gemma4_31b,4.0,3,0.0,REJECT,ICML,Reject,reject_tier,3.25
ICML_26_35,l2_grounded,gemma4_e4b,6.0,3,1.0,ACCEPT,ICML,Reject,reject_tier,3.25
ICML_26_35,l2_grounded,llama_3.1_8b,7.333333333333333,3,1.0,ACCEPT,ICML,Reject,reject_tier,3.25
ICML_26_35,l2_grounded,llama_3.2_3b,7.0,3,1.0,ACCEPT,ICML,Reject,reject_tier,3.25
ICML_26_35,l2_grounded,ministral3_14b,7.666666666666667,3,1.0,ACCEPT,ICML,Reject,reject_tier,3.25
ICML_26_35,l2_grounded,ministral3_8b,8.333333333333334,3,1.0,ACCEPT,ICML,Reject,reject_tier,3.25
ICML_26_35,l2_grounded,qwen2.5_32b,8.0,3,1.0,ACCEPT,ICML,Reject,reject_tier,3.25
ICML_26_35,l2_grounded,qwen2.5_3b,8.0,3,1.0,ACCEPT,ICML,Reject,reject_tier,3.25
ICML_26_35,l2_grounded,qwen2.5_7b,8.0,3,1.0,ACCEPT,ICML,Reject,reject_tier,3.25
ICML_26_35,native_fluent,gemma4_31b,4.0,3,0.0,REJECT,ICML,Reject,reject_tier,3.25
ICML_26_35,native_fluent,gemma4_e4b,6.0,3,1.0,ACCEPT,ICML,Reject,reject_tier,3.25
ICML_26_35,native_fluent,llama_3.1_8b,6.666666666666667,3,1.0,ACCEPT,ICML,Reject,reject_tier,3.25
ICML_26_35,native_fluent,llama_3.2_3b,7.666666666666667,3,1.0,ACCEPT,ICML,Reject,reject_tier,3.25
ICML_26_35,native_fluent,ministral3_14b,8.0,3,1.0,ACCEPT,ICML,Reject,reject_tier,3.25
ICML_26_35,native_fluent,ministral3_8b,8.0,3,1.0,ACCEPT,ICML,Reject,reject_tier,3.25
ICML_26_35,native_fluent,qwen2.5_32b,8.0,3,1.0,ACCEPT,ICML,Reject,reject_tier,3.25
ICML_26_35,native_fluent,qwen2.5_3b,8.0,3,1.0,ACCEPT,ICML,Reject,reject_tier,3.25
ICML_26_35,native_fluent,qwen2.5_7b,8.0,3,1.0,ACCEPT,ICML,Reject,reject_tier,3.25
ICML_26_35,original,gemma4_31b,4.0,3,0.0,REJECT,ICML,Reject,reject_tier,3.25
ICML_26_35,original,gemma4_e4b,6.0,3,1.0,ACCEPT,ICML,Reject,reject_tier,3.25
ICML_26_35,original,llama_3.1_8b,6.333333333333333,3,1.0,ACCEPT,ICML,Reject,reject_tier,3.25
ICML_26_35,original,llama_3.2_3b,7.333333333333333,3,1.0,ACCEPT,ICML,Reject,reject_tier,3.25
ICML_26_35,original,ministral3_14b,8.0,3,1.0,ACCEPT,ICML,Reject,reject_tier,3.25
ICML_26_35,original,ministral3_8b,8.333333333333334,3,1.0,ACCEPT,ICML,Reject,reject_tier,3.25
ICML_26_35,original,qwen2.5_32b,8.0,3,1.0,ACCEPT,ICML,Reject,reject_tier,3.25
ICML_26_35,original,qwen2.5_3b,8.0,3,1.0,ACCEPT,ICML,Reject,reject_tier,3.25
ICML_26_35,original,qwen2.5_7b,8.0,3,1.0,ACCEPT,ICML,Reject,reject_tier,3.25
ICML_26_35,overclaiming,gemma4_31b,3.6666666666666665,3,0.0,REJECT,ICML,Reject,reject_tier,3.25
ICML_26_35,overclaiming,gemma4_e4b,6.333333333333333,3,1.0,ACCEPT,ICML,Reject,reject_tier,3.25
ICML_26_35,overclaiming,llama_3.1_8b,6.666666666666667,3,1.0,ACCEPT,ICML,Reject,reject_tier,3.25
ICML_26_35,overclaiming,llama_3.2_3b,7.333333333333333,3,0.6666666666666666,ACCEPT,ICML,Reject,reject_tier,3.25
ICML_26_35,overclaiming,ministral3_14b,8.666666666666666,3,1.0,ACCEPT,ICML,Reject,reject_tier,3.25
ICML_26_35,overclaiming,ministral3_8b,8.333333333333334,3,0.6666666666666666,ACCEPT,ICML,Reject,reject_tier,3.25
ICML_26_35,overclaiming,qwen2.5_32b,8.0,3,1.0,ACCEPT,ICML,Reject,reject_tier,3.25
ICML_26_35,overclaiming,qwen2.5_3b,8.0,3,1.0,ACCEPT,ICML,Reject,reject_tier,3.25
ICML_26_35,overclaiming,qwen2.5_7b,8.0,3,1.0,ACCEPT,ICML,Reject,reject_tier,3.25
ICML_26_36,assertive,gemma4_31b,6.0,3,0.0,REJECT,ICML,Accept,accept_tier,3.5
ICML_26_36,assertive,gemma4_e4b,7.333333333333333,3,1.0,ACCEPT,ICML,Accept,accept_tier,3.5
ICML_26_36,assertive,llama_3.1_8b,7.666666666666667,3,1.0,ACCEPT,ICML,Accept,accept_tier,3.5
ICML_26_36,assertive,llama_3.2_3b,7.0,3,1.0,ACCEPT,ICML,Accept,accept_tier,3.5
ICML_26_36,assertive,ministral3_14b,7.0,3,1.0,ACCEPT,ICML,Accept,accept_tier,3.5
ICML_26_36,assertive,ministral3_8b,7.666666666666667,3,0.6666666666666666,ACCEPT,ICML,Accept,accept_tier,3.5
ICML_26_36,assertive,qwen2.5_32b,7.0,3,1.0,ACCEPT,ICML,Accept,accept_tier,3.5
ICML_26_36,assertive,qwen2.5_3b,7.333333333333333,3,1.0,ACCEPT,ICML,Accept,accept_tier,3.5
ICML_26_36,assertive,qwen2.5_7b,8.0,3,1.0,ACCEPT,ICML,Accept,accept_tier,3.5
ICML_26_36,hedged,gemma4_31b,6.0,3,0.0,REJECT,ICML,Accept,accept_tier,3.5
ICML_26_36,hedged,gemma4_e4b,7.0,3,1.0,ACCEPT,ICML,Accept,accept_tier,3.5
ICML_26_36,hedged,llama_3.1_8b,7.333333333333333,3,1.0,ACCEPT,ICML,Accept,accept_tier,3.5
ICML_26_36,hedged,llama_3.2_3b,7.666666666666667,3,1.0,ACCEPT,ICML,Accept,accept_tier,3.5
ICML_26_36,hedged,ministral3_14b,7.333333333333333,3,1.0,ACCEPT,ICML,Accept,accept_tier,3.5
ICML_26_36,hedged,ministral3_8b,7.0,3,0.0,REJECT,ICML,Accept,accept_tier,3.5
ICML_26_36,hedged,qwen2.5_32b,7.0,3,1.0,ACCEPT,ICML,Accept,accept_tier,3.5
ICML_26_36,hedged,qwen2.5_3b,7.0,3,1.0,ACCEPT,ICML,Accept,accept_tier,3.5
ICML_26_36,hedged,qwen2.5_7b,7.666666666666667,3,1.0,ACCEPT,ICML,Accept,accept_tier,3.5
ICML_26_36,l2_grounded,gemma4_31b,6.0,3,0.0,REJECT,ICML,Accept,accept_tier,3.5
ICML_26_36,l2_grounded,gemma4_e4b,7.666666666666667,3,1.0,ACCEPT,ICML,Accept,accept_tier,3.5
ICML_26_36,l2_grounded,llama_3.1_8b,8.0,3,1.0,ACCEPT,ICML,Accept,accept_tier,3.5
ICML_26_36,l2_grounded,llama_3.2_3b,8.0,3,1.0,ACCEPT,ICML,Accept,accept_tier,3.5
ICML_26_36,l2_grounded,ministral3_14b,7.0,3,1.0,ACCEPT,ICML,Accept,accept_tier,3.5
ICML_26_36,l2_grounded,ministral3_8b,7.0,3,0.3333333333333333,REJECT,ICML,Accept,accept_tier,3.5
ICML_26_36,l2_grounded,qwen2.5_32b,7.333333333333333,3,1.0,ACCEPT,ICML,Accept,accept_tier,3.5
ICML_26_36,l2_grounded,qwen2.5_3b,8.0,3,1.0,ACCEPT,ICML,Accept,accept_tier,3.5
ICML_26_36,l2_grounded,qwen2.5_7b,8.0,3,1.0,ACCEPT,ICML,Accept,accept_tier,3.5
ICML_26_36,native_fluent,gemma4_31b,6.0,3,0.3333333333333333,REJECT,ICML,Accept,accept_tier,3.5
ICML_26_36,native_fluent,gemma4_e4b,7.666666666666667,3,1.0,ACCEPT,ICML,Accept,accept_tier,3.5
ICML_26_36,native_fluent,llama_3.1_8b,7.666666666666667,3,1.0,ACCEPT,ICML,Accept,accept_tier,3.5
ICML_26_36,native_fluent,llama_3.2_3b,7.333333333333333,3,1.0,ACCEPT,ICML,Accept,accept_tier,3.5
ICML_26_36,native_fluent,ministral3_14b,7.666666666666667,3,0.6666666666666666,ACCEPT,ICML,Accept,accept_tier,3.5
ICML_26_36,native_fluent,ministral3_8b,7.333333333333333,3,0.3333333333333333,REJECT,ICML,Accept,accept_tier,3.5
ICML_26_36,native_fluent,qwen2.5_32b,7.0,3,1.0,ACCEPT,ICML,Accept,accept_tier,3.5
ICML_26_36,native_fluent,qwen2.5_3b,7.0,3,1.0,ACCEPT,ICML,Accept,accept_tier,3.5
ICML_26_36,native_fluent,qwen2.5_7b,8.0,3,1.0,ACCEPT,ICML,Accept,accept_tier,3.5
ICML_26_36,original,gemma4_31b,6.0,3,0.6666666666666666,ACCEPT,ICML,Accept,accept_tier,3.5
ICML_26_36,original,gemma4_e4b,7.333333333333333,3,1.0,ACCEPT,ICML,Accept,accept_tier,3.5
ICML_26_36,original,llama_3.1_8b,7.666666666666667,3,1.0,ACCEPT,ICML,Accept,accept_tier,3.5
ICML_26_36,original,llama_3.2_3b,8.0,3,1.0,ACCEPT,ICML,Accept,accept_tier,3.5
ICML_26_36,original,ministral3_14b,7.666666666666667,3,0.6666666666666666,ACCEPT,ICML,Accept,accept_tier,3.5
ICML_26_36,original,ministral3_8b,7.666666666666667,3,0.6666666666666666,ACCEPT,ICML,Accept,accept_tier,3.5
ICML_26_36,original,qwen2.5_32b,7.333333333333333,3,1.0,ACCEPT,ICML,Accept,accept_tier,3.5
ICML_26_36,original,qwen2.5_3b,7.0,3,1.0,ACCEPT,ICML,Accept,accept_tier,3.5
ICML_26_36,original,qwen2.5_7b,8.0,3,1.0,ACCEPT,ICML,Accept,accept_tier,3.5
ICML_26_36,overclaiming,gemma4_31b,6.0,3,0.0,REJECT,ICML,Accept,accept_tier,3.5
ICML_26_36,overclaiming,gemma4_e4b,7.666666666666667,3,1.0,ACCEPT,ICML,Accept,accept_tier,3.5
ICML_26_36,overclaiming,llama_3.1_8b,7.666666666666667,3,1.0,ACCEPT,ICML,Accept,accept_tier,3.5
ICML_26_36,overclaiming,llama_3.2_3b,8.0,3,1.0,ACCEPT,ICML,Accept,accept_tier,3.5
ICML_26_36,overclaiming,ministral3_14b,7.333333333333333,3,1.0,ACCEPT,ICML,Accept,accept_tier,3.5
ICML_26_36,overclaiming,ministral3_8b,7.333333333333333,3,0.3333333333333333,REJECT,ICML,Accept,accept_tier,3.5
ICML_26_36,overclaiming,qwen2.5_32b,8.0,3,1.0,ACCEPT,ICML,Accept,accept_tier,3.5
ICML_26_36,overclaiming,qwen2.5_3b,8.0,3,1.0,ACCEPT,ICML,Accept,accept_tier,3.5
ICML_26_36,overclaiming,qwen2.5_7b,8.0,3,1.0,ACCEPT,ICML,Accept,accept_tier,3.5
ICML_26_37,assertive,gemma4_31b,6.0,3,0.0,REJECT,ICML,Accept,accept_tier,3.75
ICML_26_37,assertive,gemma4_e4b,7.333333333333333,3,1.0,ACCEPT,ICML,Accept,accept_tier,3.75
ICML_26_37,assertive,llama_3.1_8b,8.0,3,1.0,ACCEPT,ICML,Accept,accept_tier,3.75
ICML_26_37,assertive,llama_3.2_3b,7.666666666666667,3,1.0,ACCEPT,ICML,Accept,accept_tier,3.75
ICML_26_37,assertive,ministral3_14b,8.0,3,1.0,ACCEPT,ICML,Accept,accept_tier,3.75
ICML_26_37,assertive,ministral3_8b,8.0,3,1.0,ACCEPT,ICML,Accept,accept_tier,3.75
ICML_26_37,assertive,qwen2.5_32b,8.0,3,1.0,ACCEPT,ICML,Accept,accept_tier,3.75
ICML_26_37,assertive,qwen2.5_3b,8.0,3,1.0,ACCEPT,ICML,Accept,accept_tier,3.75
ICML_26_37,assertive,qwen2.5_7b,8.0,3,1.0,ACCEPT,ICML,Accept,accept_tier,3.75
ICML_26_37,hedged,gemma4_31b,6.0,3,0.0,REJECT,ICML,Accept,accept_tier,3.75
ICML_26_37,hedged,gemma4_e4b,7.0,3,1.0,ACCEPT,ICML,Accept,accept_tier,3.75
ICML_26_37,hedged,llama_3.1_8b,8.0,3,1.0,ACCEPT,ICML,Accept,accept_tier,3.75
ICML_26_37,hedged,llama_3.2_3b,8.0,3,1.0,ACCEPT,ICML,Accept,accept_tier,3.75
ICML_26_37,hedged,ministral3_14b,7.333333333333333,3,1.0,ACCEPT,ICML,Accept,accept_tier,3.75
ICML_26_37,hedged,ministral3_8b,7.666666666666667,3,0.3333333333333333,REJECT,ICML,Accept,accept_tier,3.75
ICML_26_37,hedged,qwen2.5_32b,7.333333333333333,3,1.0,ACCEPT,ICML,Accept,accept_tier,3.75
ICML_26_37,hedged,qwen2.5_3b,8.0,3,1.0,ACCEPT,ICML,Accept,accept_tier,3.75
ICML_26_37,hedged,qwen2.5_7b,8.0,3,1.0,ACCEPT,ICML,Accept,accept_tier,3.75
ICML_26_37,l2_grounded,gemma4_31b,6.0,3,0.0,REJECT,ICML,Accept,accept_tier,3.75
ICML_26_37,l2_grounded,gemma4_e4b,7.0,3,1.0,ACCEPT,ICML,Accept,accept_tier,3.75
ICML_26_37,l2_grounded,llama_3.1_8b,8.0,3,1.0,ACCEPT,ICML,Accept,accept_tier,3.75
ICML_26_37,l2_grounded,llama_3.2_3b,8.0,3,1.0,ACCEPT,ICML,Accept,accept_tier,3.75
ICML_26_37,l2_grounded,ministral3_14b,7.666666666666667,3,1.0,ACCEPT,ICML,Accept,accept_tier,3.75
ICML_26_37,l2_grounded,ministral3_8b,7.333333333333333,3,0.3333333333333333,REJECT,ICML,Accept,accept_tier,3.75
ICML_26_37,l2_grounded,qwen2.5_32b,8.0,3,1.0,ACCEPT,ICML,Accept,accept_tier,3.75
ICML_26_37,l2_grounded,qwen2.5_3b,8.0,3,1.0,ACCEPT,ICML,Accept,accept_tier,3.75
ICML_26_37,l2_grounded,qwen2.5_7b,8.0,3,1.0,ACCEPT,ICML,Accept,accept_tier,3.75
ICML_26_37,native_fluent,gemma4_31b,6.0,3,0.0,REJECT,ICML,Accept,accept_tier,3.75
ICML_26_37,native_fluent,gemma4_e4b,7.0,3,1.0,ACCEPT,ICML,Accept,accept_tier,3.75
ICML_26_37,native_fluent,llama_3.1_8b,8.0,3,1.0,ACCEPT,ICML,Accept,accept_tier,3.75
ICML_26_37,native_fluent,llama_3.2_3b,8.0,3,1.0,ACCEPT,ICML,Accept,accept_tier,3.75
ICML_26_37,native_fluent,ministral3_14b,8.0,3,1.0,ACCEPT,ICML,Accept,accept_tier,3.75
ICML_26_37,native_fluent,ministral3_8b,8.0,3,1.0,ACCEPT,ICML,Accept,accept_tier,3.75
ICML_26_37,native_fluent,qwen2.5_32b,8.0,3,1.0,ACCEPT,ICML,Accept,accept_tier,3.75
ICML_26_37,native_fluent,qwen2.5_3b,8.0,3,1.0,ACCEPT,ICML,Accept,accept_tier,3.75
ICML_26_37,native_fluent,qwen2.5_7b,8.0,3,1.0,ACCEPT,ICML,Accept,accept_tier,3.75
ICML_26_37,original,gemma4_31b,6.0,3,0.0,REJECT,ICML,Accept,accept_tier,3.75
ICML_26_37,original,gemma4_e4b,7.0,3,1.0,ACCEPT,ICML,Accept,accept_tier,3.75
ICML_26_37,original,llama_3.1_8b,8.0,3,1.0,ACCEPT,ICML,Accept,accept_tier,3.75
ICML_26_37,original,llama_3.2_3b,8.0,3,1.0,ACCEPT,ICML,Accept,accept_tier,3.75
ICML_26_37,original,ministral3_14b,8.0,3,1.0,ACCEPT,ICML,Accept,accept_tier,3.75
ICML_26_37,original,ministral3_8b,8.333333333333334,3,1.0,ACCEPT,ICML,Accept,accept_tier,3.75
ICML_26_37,original,qwen2.5_32b,8.0,3,1.0,ACCEPT,ICML,Accept,accept_tier,3.75
ICML_26_37,original,qwen2.5_3b,8.0,3,1.0,ACCEPT,ICML,Accept,accept_tier,3.75
ICML_26_37,original,qwen2.5_7b,8.0,3,1.0,ACCEPT,ICML,Accept,accept_tier,3.75
ICML_26_37,overclaiming,gemma4_31b,5.333333333333333,3,0.0,REJECT,ICML,Accept,accept_tier,3.75
ICML_26_37,overclaiming,gemma4_e4b,8.0,3,1.0,ACCEPT,ICML,Accept,accept_tier,3.75
ICML_26_37,overclaiming,llama_3.1_8b,8.0,3,1.0,ACCEPT,ICML,Accept,accept_tier,3.75
ICML_26_37,overclaiming,llama_3.2_3b,8.0,3,1.0,ACCEPT,ICML,Accept,accept_tier,3.75
ICML_26_37,overclaiming,ministral3_14b,8.333333333333334,3,1.0,ACCEPT,ICML,Accept,accept_tier,3.75
ICML_26_37,overclaiming,ministral3_8b,8.0,3,1.0,ACCEPT,ICML,Accept,accept_tier,3.75
ICML_26_37,overclaiming,qwen2.5_32b,8.0,3,1.0,ACCEPT,ICML,Accept,accept_tier,3.75
ICML_26_37,overclaiming,qwen2.5_3b,8.666666666666666,3,1.0,ACCEPT,ICML,Accept,accept_tier,3.75
ICML_26_37,overclaiming,qwen2.5_7b,8.333333333333334,3,1.0,ACCEPT,ICML,Accept,accept_tier,3.75
ICML_26_38,assertive,gemma4_31b,7.666666666666667,3,1.0,ACCEPT,ICML,Accept,accept_tier,5.0
ICML_26_38,assertive,gemma4_e4b,8.0,3,1.0,ACCEPT,ICML,Accept,accept_tier,5.0
ICML_26_38,assertive,llama_3.1_8b,8.666666666666666,3,1.0,ACCEPT,ICML,Accept,accept_tier,5.0
ICML_26_38,assertive,llama_3.2_3b,8.0,3,1.0,ACCEPT,ICML,Accept,accept_tier,5.0
ICML_26_38,assertive,ministral3_14b,8.0,3,1.0,ACCEPT,ICML,Accept,accept_tier,5.0
ICML_26_38,assertive,ministral3_8b,8.333333333333334,3,1.0,ACCEPT,ICML,Accept,accept_tier,5.0
ICML_26_38,assertive,qwen2.5_32b,8.0,3,1.0,ACCEPT,ICML,Accept,accept_tier,5.0
ICML_26_38,assertive,qwen2.5_3b,8.333333333333334,3,1.0,ACCEPT,ICML,Accept,accept_tier,5.0
ICML_26_38,assertive,qwen2.5_7b,8.0,3,1.0,ACCEPT,ICML,Accept,accept_tier,5.0
ICML_26_38,hedged,gemma4_31b,7.0,3,1.0,ACCEPT,ICML,Accept,accept_tier,5.0
ICML_26_38,hedged,gemma4_e4b,8.0,3,1.0,ACCEPT,ICML,Accept,accept_tier,5.0
ICML_26_38,hedged,llama_3.1_8b,8.0,3,1.0,ACCEPT,ICML,Accept,accept_tier,5.0
ICML_26_38,hedged,llama_3.2_3b,8.0,3,1.0,ACCEPT,ICML,Accept,accept_tier,5.0
ICML_26_38,hedged,ministral3_14b,8.333333333333334,3,1.0,ACCEPT,ICML,Accept,accept_tier,5.0
ICML_26_38,hedged,ministral3_8b,8.0,3,0.6666666666666666,ACCEPT,ICML,Accept,accept_tier,5.0
ICML_26_38,hedged,qwen2.5_32b,8.0,3,1.0,ACCEPT,ICML,Accept,accept_tier,5.0
ICML_26_38,hedged,qwen2.5_3b,8.0,3,1.0,ACCEPT,ICML,Accept,accept_tier,5.0
ICML_26_38,hedged,qwen2.5_7b,8.0,3,1.0,ACCEPT,ICML,Accept,accept_tier,5.0
ICML_26_38,l2_grounded,gemma4_31b,7.0,3,1.0,ACCEPT,ICML,Accept,accept_tier,5.0
ICML_26_38,l2_grounded,gemma4_e4b,8.0,3,1.0,ACCEPT,ICML,Accept,accept_tier,5.0
ICML_26_38,l2_grounded,llama_3.1_8b,8.0,3,1.0,ACCEPT,ICML,Accept,accept_tier,5.0
ICML_26_38,l2_grounded,llama_3.2_3b,7.666666666666667,3,1.0,ACCEPT,ICML,Accept,accept_tier,5.0
ICML_26_38,l2_grounded,ministral3_14b,9.0,3,1.0,ACCEPT,ICML,Accept,accept_tier,5.0
ICML_26_38,l2_grounded,ministral3_8b,8.333333333333334,3,1.0,ACCEPT,ICML,Accept,accept_tier,5.0
ICML_26_38,l2_grounded,qwen2.5_32b,8.0,3,1.0,ACCEPT,ICML,Accept,accept_tier,5.0
ICML_26_38,l2_grounded,qwen2.5_3b,8.333333333333334,3,1.0,ACCEPT,ICML,Accept,accept_tier,5.0
ICML_26_38,l2_grounded,qwen2.5_7b,8.0,3,1.0,ACCEPT,ICML,Accept,accept_tier,5.0
ICML_26_38,native_fluent,gemma4_31b,7.0,3,1.0,ACCEPT,ICML,Accept,accept_tier,5.0
ICML_26_38,native_fluent,gemma4_e4b,8.0,3,1.0,ACCEPT,ICML,Accept,accept_tier,5.0
ICML_26_38,native_fluent,llama_3.1_8b,8.333333333333334,3,1.0,ACCEPT,ICML,Accept,accept_tier,5.0
ICML_26_38,native_fluent,llama_3.2_3b,8.0,3,1.0,ACCEPT,ICML,Accept,accept_tier,5.0
ICML_26_38,native_fluent,ministral3_14b,9.0,3,1.0,ACCEPT,ICML,Accept,accept_tier,5.0
ICML_26_38,native_fluent,ministral3_8b,8.333333333333334,3,1.0,ACCEPT,ICML,Accept,accept_tier,5.0
ICML_26_38,native_fluent,qwen2.5_32b,8.0,3,1.0,ACCEPT,ICML,Accept,accept_tier,5.0
ICML_26_38,native_fluent,qwen2.5_3b,8.0,3,1.0,ACCEPT,ICML,Accept,accept_tier,5.0
ICML_26_38,native_fluent,qwen2.5_7b,8.666666666666666,3,1.0,ACCEPT,ICML,Accept,accept_tier,5.0
ICML_26_38,original,gemma4_31b,7.0,3,1.0,ACCEPT,ICML,Accept,accept_tier,5.0
ICML_26_38,original,gemma4_e4b,8.0,3,1.0,ACCEPT,ICML,Accept,accept_tier,5.0
ICML_26_38,original,llama_3.1_8b,8.0,3,1.0,ACCEPT,ICML,Accept,accept_tier,5.0
ICML_26_38,original,llama_3.2_3b,8.0,3,1.0,ACCEPT,ICML,Accept,accept_tier,5.0
ICML_26_38,original,ministral3_14b,8.333333333333334,3,1.0,ACCEPT,ICML,Accept,accept_tier,5.0
ICML_26_38,original,ministral3_8b,8.666666666666666,3,1.0,ACCEPT,ICML,Accept,accept_tier,5.0
ICML_26_38,original,qwen2.5_32b,8.0,3,1.0,ACCEPT,ICML,Accept,accept_tier,5.0
ICML_26_38,original,qwen2.5_3b,8.666666666666666,3,1.0,ACCEPT,ICML,Accept,accept_tier,5.0
ICML_26_38,original,qwen2.5_7b,8.0,3,1.0,ACCEPT,ICML,Accept,accept_tier,5.0
ICML_26_38,overclaiming,gemma4_31b,3.0,3,0.0,REJECT,ICML,Accept,accept_tier,5.0
ICML_26_38,overclaiming,gemma4_e4b,8.0,3,1.0,ACCEPT,ICML,Accept,accept_tier,5.0
ICML_26_38,overclaiming,llama_3.1_8b,8.0,3,1.0,ACCEPT,ICML,Accept,accept_tier,5.0
ICML_26_38,overclaiming,llama_3.2_3b,8.333333333333334,3,1.0,ACCEPT,ICML,Accept,accept_tier,5.0
ICML_26_38,overclaiming,ministral3_14b,5.0,3,0.0,REJECT,ICML,Accept,accept_tier,5.0
ICML_26_38,overclaiming,ministral3_8b,8.333333333333334,3,0.6666666666666666,ACCEPT,ICML,Accept,accept_tier,5.0
ICML_26_38,overclaiming,qwen2.5_32b,9.0,3,1.0,ACCEPT,ICML,Accept,accept_tier,5.0
ICML_26_38,overclaiming,qwen2.5_3b,7.666666666666667,3,1.0,ACCEPT,ICML,Accept,accept_tier,5.0
ICML_26_38,overclaiming,qwen2.5_7b,8.333333333333334,3,1.0,ACCEPT,ICML,Accept,accept_tier,5.0
ICML_26_39,assertive,gemma4_31b,6.0,3,0.0,REJECT,ICML,Accept,accept_tier,3.75
ICML_26_39,assertive,gemma4_e4b,8.0,3,1.0,ACCEPT,ICML,Accept,accept_tier,3.75
ICML_26_39,assertive,llama_3.1_8b,8.0,3,1.0,ACCEPT,ICML,Accept,accept_tier,3.75
ICML_26_39,assertive,llama_3.2_3b,8.0,3,1.0,ACCEPT,ICML,Accept,accept_tier,3.75
ICML_26_39,assertive,ministral3_14b,8.0,3,1.0,ACCEPT,ICML,Accept,accept_tier,3.75
ICML_26_39,assertive,ministral3_8b,8.333333333333334,3,0.6666666666666666,ACCEPT,ICML,Accept,accept_tier,3.75
ICML_26_39,assertive,qwen2.5_32b,8.0,3,1.0,ACCEPT,ICML,Accept,accept_tier,3.75
ICML_26_39,assertive,qwen2.5_3b,8.333333333333334,3,1.0,ACCEPT,ICML,Accept,accept_tier,3.75
ICML_26_39,assertive,qwen2.5_7b,8.0,3,1.0,ACCEPT,ICML,Accept,accept_tier,3.75
ICML_26_39,hedged,gemma4_31b,6.0,3,0.0,REJECT,ICML,Accept,accept_tier,3.75
ICML_26_39,hedged,gemma4_e4b,7.0,3,1.0,ACCEPT,ICML,Accept,accept_tier,3.75
ICML_26_39,hedged,llama_3.1_8b,8.0,3,1.0,ACCEPT,ICML,Accept,accept_tier,3.75
ICML_26_39,hedged,llama_3.2_3b,8.0,3,1.0,ACCEPT,ICML,Accept,accept_tier,3.75
ICML_26_39,hedged,ministral3_14b,7.666666666666667,3,1.0,ACCEPT,ICML,Accept,accept_tier,3.75
ICML_26_39,hedged,ministral3_8b,8.0,3,0.6666666666666666,ACCEPT,ICML,Accept,accept_tier,3.75
ICML_26_39,hedged,qwen2.5_32b,7.0,3,1.0,ACCEPT,ICML,Accept,accept_tier,3.75
ICML_26_39,hedged,qwen2.5_3b,8.0,3,1.0,ACCEPT,ICML,Accept,accept_tier,3.75
ICML_26_39,hedged,qwen2.5_7b,8.0,3,1.0,ACCEPT,ICML,Accept,accept_tier,3.75
ICML_26_39,l2_grounded,gemma4_31b,6.0,3,0.0,REJECT,ICML,Accept,accept_tier,3.75
ICML_26_39,l2_grounded,gemma4_e4b,8.0,3,1.0,ACCEPT,ICML,Accept,accept_tier,3.75
ICML_26_39,l2_grounded,llama_3.1_8b,8.0,3,1.0,ACCEPT,ICML,Accept,accept_tier,3.75
ICML_26_39,l2_grounded,llama_3.2_3b,7.666666666666667,3,1.0,ACCEPT,ICML,Accept,accept_tier,3.75
ICML_26_39,l2_grounded,ministral3_14b,8.0,3,1.0,ACCEPT,ICML,Accept,accept_tier,3.75
ICML_26_39,l2_grounded,ministral3_8b,8.0,3,0.6666666666666666,ACCEPT,ICML,Accept,accept_tier,3.75
ICML_26_39,l2_grounded,qwen2.5_32b,8.0,3,1.0,ACCEPT,ICML,Accept,accept_tier,3.75
ICML_26_39,l2_grounded,qwen2.5_3b,9.0,3,1.0,ACCEPT,ICML,Accept,accept_tier,3.75
ICML_26_39,l2_grounded,qwen2.5_7b,8.0,3,1.0,ACCEPT,ICML,Accept,accept_tier,3.75
ICML_26_39,native_fluent,gemma4_31b,6.0,3,0.0,REJECT,ICML,Accept,accept_tier,3.75
ICML_26_39,native_fluent,gemma4_e4b,8.0,3,1.0,ACCEPT,ICML,Accept,accept_tier,3.75
ICML_26_39,native_fluent,llama_3.1_8b,8.0,3,1.0,ACCEPT,ICML,Accept,accept_tier,3.75
ICML_26_39,native_fluent,llama_3.2_3b,7.666666666666667,3,1.0,ACCEPT,ICML,Accept,accept_tier,3.75
ICML_26_39,native_fluent,ministral3_14b,8.333333333333334,3,1.0,ACCEPT,ICML,Accept,accept_tier,3.75
ICML_26_39,native_fluent,ministral3_8b,8.333333333333334,3,1.0,ACCEPT,ICML,Accept,accept_tier,3.75
ICML_26_39,native_fluent,qwen2.5_32b,7.666666666666667,3,1.0,ACCEPT,ICML,Accept,accept_tier,3.75
ICML_26_39,native_fluent,qwen2.5_3b,8.333333333333334,3,1.0,ACCEPT,ICML,Accept,accept_tier,3.75
ICML_26_39,native_fluent,qwen2.5_7b,8.0,3,1.0,ACCEPT,ICML,Accept,accept_tier,3.75
ICML_26_39,original,gemma4_31b,6.0,3,0.0,REJECT,ICML,Accept,accept_tier,3.75
ICML_26_39,original,gemma4_e4b,8.0,3,1.0,ACCEPT,ICML,Accept,accept_tier,3.75
ICML_26_39,original,llama_3.1_8b,8.0,3,1.0,ACCEPT,ICML,Accept,accept_tier,3.75
ICML_26_39,original,llama_3.2_3b,7.666666666666667,3,1.0,ACCEPT,ICML,Accept,accept_tier,3.75
ICML_26_39,original,ministral3_14b,8.0,3,1.0,ACCEPT,ICML,Accept,accept_tier,3.75
ICML_26_39,original,ministral3_8b,8.333333333333334,3,1.0,ACCEPT,ICML,Accept,accept_tier,3.75
ICML_26_39,original,qwen2.5_32b,8.0,3,1.0,ACCEPT,ICML,Accept,accept_tier,3.75
ICML_26_39,original,qwen2.5_3b,8.333333333333334,3,1.0,ACCEPT,ICML,Accept,accept_tier,3.75
ICML_26_39,original,qwen2.5_7b,8.0,3,1.0,ACCEPT,ICML,Accept,accept_tier,3.75
ICML_26_39,overclaiming,gemma4_31b,4.0,3,0.0,REJECT,ICML,Accept,accept_tier,3.75
ICML_26_39,overclaiming,gemma4_e4b,8.0,3,1.0,ACCEPT,ICML,Accept,accept_tier,3.75
ICML_26_39,overclaiming,llama_3.1_8b,8.0,3,1.0,ACCEPT,ICML,Accept,accept_tier,3.75
ICML_26_39,overclaiming,llama_3.2_3b,8.333333333333334,3,1.0,ACCEPT,ICML,Accept,accept_tier,3.75
ICML_26_39,overclaiming,ministral3_14b,8.0,3,1.0,ACCEPT,ICML,Accept,accept_tier,3.75
ICML_26_39,overclaiming,ministral3_8b,9.0,3,1.0,ACCEPT,ICML,Accept,accept_tier,3.75
ICML_26_39,overclaiming,qwen2.5_32b,8.0,3,1.0,ACCEPT,ICML,Accept,accept_tier,3.75
ICML_26_39,overclaiming,qwen2.5_3b,8.333333333333334,3,1.0,ACCEPT,ICML,Accept,accept_tier,3.75
ICML_26_39,overclaiming,qwen2.5_7b,8.333333333333334,3,1.0,ACCEPT,ICML,Accept,accept_tier,3.75
ICML_26_4,assertive,gemma4_31b,4.0,3,0.0,REJECT,ICML,Reject,reject_tier,3.2
ICML_26_4,assertive,gemma4_e4b,7.0,3,1.0,ACCEPT,ICML,Reject,reject_tier,3.2
ICML_26_4,assertive,llama_3.1_8b,8.0,3,1.0,ACCEPT,ICML,Reject,reject_tier,3.2
ICML_26_4,assertive,llama_3.2_3b,8.0,3,1.0,ACCEPT,ICML,Reject,reject_tier,3.2
ICML_26_4,assertive,ministral3_14b,9.0,3,1.0,ACCEPT,ICML,Reject,reject_tier,3.2
ICML_26_4,assertive,ministral3_8b,7.666666666666667,3,0.6666666666666666,ACCEPT,ICML,Reject,reject_tier,3.2
ICML_26_4,assertive,qwen2.5_32b,8.0,3,1.0,ACCEPT,ICML,Reject,reject_tier,3.2
ICML_26_4,assertive,qwen2.5_3b,8.0,3,1.0,ACCEPT,ICML,Reject,reject_tier,3.2
ICML_26_4,assertive,qwen2.5_7b,8.666666666666666,3,1.0,ACCEPT,ICML,Reject,reject_tier,3.2
ICML_26_4,hedged,gemma4_31b,4.0,3,0.0,REJECT,ICML,Reject,reject_tier,3.2
ICML_26_4,hedged,gemma4_e4b,6.0,3,1.0,ACCEPT,ICML,Reject,reject_tier,3.2
ICML_26_4,hedged,llama_3.1_8b,6.333333333333333,3,1.0,ACCEPT,ICML,Reject,reject_tier,3.2
ICML_26_4,hedged,llama_3.2_3b,7.0,3,1.0,ACCEPT,ICML,Reject,reject_tier,3.2
ICML_26_4,hedged,ministral3_14b,8.333333333333334,3,1.0,ACCEPT,ICML,Reject,reject_tier,3.2
ICML_26_4,hedged,ministral3_8b,7.333333333333333,3,0.0,REJECT,ICML,Reject,reject_tier,3.2
ICML_26_4,hedged,qwen2.5_32b,8.0,3,1.0,ACCEPT,ICML,Reject,reject_tier,3.2
ICML_26_4,hedged,qwen2.5_3b,8.0,3,1.0,ACCEPT,ICML,Reject,reject_tier,3.2
ICML_26_4,hedged,qwen2.5_7b,8.0,3,1.0,ACCEPT,ICML,Reject,reject_tier,3.2
ICML_26_4,l2_grounded,gemma4_31b,4.333333333333333,3,0.0,REJECT,ICML,Reject,reject_tier,3.2
ICML_26_4,l2_grounded,gemma4_e4b,6.0,3,1.0,ACCEPT,ICML,Reject,reject_tier,3.2
ICML_26_4,l2_grounded,llama_3.1_8b,7.333333333333333,3,1.0,ACCEPT,ICML,Reject,reject_tier,3.2
ICML_26_4,l2_grounded,llama_3.2_3b,8.0,3,1.0,ACCEPT,ICML,Reject,reject_tier,3.2
ICML_26_4,l2_grounded,ministral3_14b,8.333333333333334,3,1.0,ACCEPT,ICML,Reject,reject_tier,3.2
ICML_26_4,l2_grounded,ministral3_8b,8.0,3,0.6666666666666666,ACCEPT,ICML,Reject,reject_tier,3.2
ICML_26_4,l2_grounded,qwen2.5_32b,8.0,3,1.0,ACCEPT,ICML,Reject,reject_tier,3.2
ICML_26_4,l2_grounded,qwen2.5_3b,8.0,3,1.0,ACCEPT,ICML,Reject,reject_tier,3.2
ICML_26_4,l2_grounded,qwen2.5_7b,8.333333333333334,3,1.0,ACCEPT,ICML,Reject,reject_tier,3.2
ICML_26_4,native_fluent,gemma4_31b,4.333333333333333,3,0.0,REJECT,ICML,Reject,reject_tier,3.2
ICML_26_4,native_fluent,gemma4_e4b,6.0,3,1.0,ACCEPT,ICML,Reject,reject_tier,3.2
ICML_26_4,native_fluent,llama_3.1_8b,8.0,3,1.0,ACCEPT,ICML,Reject,reject_tier,3.2
ICML_26_4,native_fluent,llama_3.2_3b,7.333333333333333,3,1.0,ACCEPT,ICML,Reject,reject_tier,3.2
ICML_26_4,native_fluent,ministral3_14b,8.666666666666666,3,1.0,ACCEPT,ICML,Reject,reject_tier,3.2
ICML_26_4,native_fluent,ministral3_8b,8.0,3,0.3333333333333333,REJECT,ICML,Reject,reject_tier,3.2
ICML_26_4,native_fluent,qwen2.5_32b,8.0,3,1.0,ACCEPT,ICML,Reject,reject_tier,3.2
ICML_26_4,native_fluent,qwen2.5_3b,8.333333333333334,3,1.0,ACCEPT,ICML,Reject,reject_tier,3.2
ICML_26_4,native_fluent,qwen2.5_7b,8.666666666666666,3,1.0,ACCEPT,ICML,Reject,reject_tier,3.2
ICML_26_4,original,gemma4_31b,4.333333333333333,3,0.0,REJECT,ICML,Reject,reject_tier,3.2
ICML_26_4,original,gemma4_e4b,6.0,3,1.0,ACCEPT,ICML,Reject,reject_tier,3.2
ICML_26_4,original,llama_3.1_8b,8.0,3,1.0,ACCEPT,ICML,Reject,reject_tier,3.2
ICML_26_4,original,llama_3.2_3b,7.666666666666667,3,1.0,ACCEPT,ICML,Reject,reject_tier,3.2
ICML_26_4,original,ministral3_14b,8.666666666666666,3,1.0,ACCEPT,ICML,Reject,reject_tier,3.2
ICML_26_4,original,ministral3_8b,8.0,3,1.0,ACCEPT,ICML,Reject,reject_tier,3.2
ICML_26_4,original,qwen2.5_32b,8.0,3,1.0,ACCEPT,ICML,Reject,reject_tier,3.2
ICML_26_4,original,qwen2.5_3b,8.0,3,1.0,ACCEPT,ICML,Reject,reject_tier,3.2
ICML_26_4,original,qwen2.5_7b,8.333333333333334,3,1.0,ACCEPT,ICML,Reject,reject_tier,3.2
ICML_26_4,overclaiming,gemma4_31b,3.0,3,0.0,REJECT,ICML,Reject,reject_tier,3.2
ICML_26_4,overclaiming,gemma4_e4b,6.0,3,1.0,ACCEPT,ICML,Reject,reject_tier,3.2
ICML_26_4,overclaiming,llama_3.1_8b,7.333333333333333,3,1.0,ACCEPT,ICML,Reject,reject_tier,3.2
ICML_26_4,overclaiming,llama_3.2_3b,7.0,3,1.0,ACCEPT,ICML,Reject,reject_tier,3.2
ICML_26_4,overclaiming,ministral3_14b,8.333333333333334,3,1.0,ACCEPT,ICML,Reject,reject_tier,3.2
ICML_26_4,overclaiming,ministral3_8b,8.333333333333334,3,0.6666666666666666,ACCEPT,ICML,Reject,reject_tier,3.2
ICML_26_4,overclaiming,qwen2.5_32b,8.0,3,1.0,ACCEPT,ICML,Reject,reject_tier,3.2
ICML_26_4,overclaiming,qwen2.5_3b,8.333333333333334,3,1.0,ACCEPT,ICML,Reject,reject_tier,3.2
ICML_26_4,overclaiming,qwen2.5_7b,8.666666666666666,3,1.0,ACCEPT,ICML,Reject,reject_tier,3.2
ICML_26_40,assertive,gemma4_31b,7.0,3,1.0,ACCEPT,ICML,Accept,accept_tier,4.25
ICML_26_40,assertive,gemma4_e4b,8.0,3,1.0,ACCEPT,ICML,Accept,accept_tier,4.25
ICML_26_40,assertive,llama_3.1_8b,8.0,3,1.0,ACCEPT,ICML,Accept,accept_tier,4.25
ICML_26_40,assertive,llama_3.2_3b,8.0,3,1.0,ACCEPT,ICML,Accept,accept_tier,4.25
ICML_26_40,assertive,ministral3_14b,8.666666666666666,3,1.0,ACCEPT,ICML,Accept,accept_tier,4.25
ICML_26_40,assertive,ministral3_8b,8.333333333333334,3,1.0,ACCEPT,ICML,Accept,accept_tier,4.25
ICML_26_40,assertive,qwen2.5_32b,8.0,3,1.0,ACCEPT,ICML,Accept,accept_tier,4.25
ICML_26_40,assertive,qwen2.5_3b,8.666666666666666,3,1.0,ACCEPT,ICML,Accept,accept_tier,4.25
ICML_26_40,assertive,qwen2.5_7b,8.666666666666666,3,1.0,ACCEPT,ICML,Accept,accept_tier,4.25
ICML_26_40,hedged,gemma4_31b,7.0,3,1.0,ACCEPT,ICML,Accept,accept_tier,4.25
ICML_26_40,hedged,gemma4_e4b,8.0,3,1.0,ACCEPT,ICML,Accept,accept_tier,4.25
ICML_26_40,hedged,llama_3.1_8b,8.0,3,1.0,ACCEPT,ICML,Accept,accept_tier,4.25
ICML_26_40,hedged,llama_3.2_3b,7.333333333333333,3,1.0,ACCEPT,ICML,Accept,accept_tier,4.25
ICML_26_40,hedged,ministral3_14b,8.333333333333334,3,1.0,ACCEPT,ICML,Accept,accept_tier,4.25
ICML_26_40,hedged,ministral3_8b,8.0,3,0.6666666666666666,ACCEPT,ICML,Accept,accept_tier,4.25
ICML_26_40,hedged,qwen2.5_32b,7.333333333333333,3,1.0,ACCEPT,ICML,Accept,accept_tier,4.25
ICML_26_40,hedged,qwen2.5_3b,7.666666666666667,3,1.0,ACCEPT,ICML,Accept,accept_tier,4.25
ICML_26_40,hedged,qwen2.5_7b,8.333333333333334,3,1.0,ACCEPT,ICML,Accept,accept_tier,4.25
ICML_26_40,l2_grounded,gemma4_31b,7.0,3,1.0,ACCEPT,ICML,Accept,accept_tier,4.25
ICML_26_40,l2_grounded,gemma4_e4b,8.0,3,1.0,ACCEPT,ICML,Accept,accept_tier,4.25
ICML_26_40,l2_grounded,llama_3.1_8b,8.0,3,1.0,ACCEPT,ICML,Accept,accept_tier,4.25
ICML_26_40,l2_grounded,llama_3.2_3b,7.666666666666667,3,1.0,ACCEPT,ICML,Accept,accept_tier,4.25
ICML_26_40,l2_grounded,ministral3_14b,8.666666666666666,3,1.0,ACCEPT,ICML,Accept,accept_tier,4.25
ICML_26_40,l2_grounded,ministral3_8b,8.666666666666666,3,1.0,ACCEPT,ICML,Accept,accept_tier,4.25
ICML_26_40,l2_grounded,qwen2.5_32b,8.0,3,1.0,ACCEPT,ICML,Accept,accept_tier,4.25
ICML_26_40,l2_grounded,qwen2.5_3b,9.0,3,1.0,ACCEPT,ICML,Accept,accept_tier,4.25
ICML_26_40,l2_grounded,qwen2.5_7b,8.333333333333334,3,1.0,ACCEPT,ICML,Accept,accept_tier,4.25
ICML_26_40,native_fluent,gemma4_31b,7.333333333333333,3,1.0,ACCEPT,ICML,Accept,accept_tier,4.25
ICML_26_40,native_fluent,gemma4_e4b,8.0,3,1.0,ACCEPT,ICML,Accept,accept_tier,4.25
ICML_26_40,native_fluent,llama_3.1_8b,8.0,3,1.0,ACCEPT,ICML,Accept,accept_tier,4.25
ICML_26_40,native_fluent,llama_3.2_3b,8.0,3,1.0,ACCEPT,ICML,Accept,accept_tier,4.25
ICML_26_40,native_fluent,ministral3_14b,8.666666666666666,3,1.0,ACCEPT,ICML,Accept,accept_tier,4.25
ICML_26_40,native_fluent,ministral3_8b,8.333333333333334,3,1.0,ACCEPT,ICML,Accept,accept_tier,4.25
ICML_26_40,native_fluent,qwen2.5_32b,8.0,3,1.0,ACCEPT,ICML,Accept,accept_tier,4.25
ICML_26_40,native_fluent,qwen2.5_3b,8.666666666666666,3,1.0,ACCEPT,ICML,Accept,accept_tier,4.25
ICML_26_40,native_fluent,qwen2.5_7b,9.0,3,1.0,ACCEPT,ICML,Accept,accept_tier,4.25
ICML_26_40,original,gemma4_31b,7.333333333333333,3,1.0,ACCEPT,ICML,Accept,accept_tier,4.25
ICML_26_40,original,gemma4_e4b,8.0,3,1.0,ACCEPT,ICML,Accept,accept_tier,4.25
ICML_26_40,original,llama_3.1_8b,8.0,3,1.0,ACCEPT,ICML,Accept,accept_tier,4.25
ICML_26_40,original,llama_3.2_3b,8.0,3,1.0,ACCEPT,ICML,Accept,accept_tier,4.25
ICML_26_40,original,ministral3_14b,8.666666666666666,3,1.0,ACCEPT,ICML,Accept,accept_tier,4.25
ICML_26_40,original,ministral3_8b,8.666666666666666,3,1.0,ACCEPT,ICML,Accept,accept_tier,4.25
ICML_26_40,original,qwen2.5_32b,8.0,3,1.0,ACCEPT,ICML,Accept,accept_tier,4.25
ICML_26_40,original,qwen2.5_3b,8.666666666666666,3,1.0,ACCEPT,ICML,Accept,accept_tier,4.25
ICML_26_40,original,qwen2.5_7b,9.0,3,1.0,ACCEPT,ICML,Accept,accept_tier,4.25
ICML_26_40,overclaiming,gemma4_31b,4.666666666666667,3,0.0,REJECT,ICML,Accept,accept_tier,4.25
ICML_26_40,overclaiming,gemma4_e4b,8.0,3,1.0,ACCEPT,ICML,Accept,accept_tier,4.25
ICML_26_40,overclaiming,llama_3.1_8b,8.0,3,1.0,ACCEPT,ICML,Accept,accept_tier,4.25
ICML_26_40,overclaiming,llama_3.2_3b,7.333333333333333,3,1.0,ACCEPT,ICML,Accept,accept_tier,4.25
ICML_26_40,overclaiming,ministral3_14b,8.666666666666666,3,1.0,ACCEPT,ICML,Accept,accept_tier,4.25
ICML_26_40,overclaiming,ministral3_8b,8.666666666666666,3,1.0,ACCEPT,ICML,Accept,accept_tier,4.25
ICML_26_40,overclaiming,qwen2.5_32b,8.0,3,1.0,ACCEPT,ICML,Accept,accept_tier,4.25
ICML_26_40,overclaiming,qwen2.5_3b,9.0,3,1.0,ACCEPT,ICML,Accept,accept_tier,4.25
ICML_26_40,overclaiming,qwen2.5_7b,9.0,3,1.0,ACCEPT,ICML,Accept,accept_tier,4.25
ICML_26_41,assertive,gemma4_31b,6.0,3,0.0,REJECT,ICML,Accept,accept_tier,4.0
ICML_26_41,assertive,gemma4_e4b,7.0,3,1.0,ACCEPT,ICML,Accept,accept_tier,4.0
ICML_26_41,assertive,llama_3.1_8b,7.333333333333333,3,1.0,ACCEPT,ICML,Accept,accept_tier,4.0
ICML_26_41,assertive,llama_3.2_3b,8.0,3,1.0,ACCEPT,ICML,Accept,accept_tier,4.0
ICML_26_41,assertive,ministral3_14b,7.666666666666667,3,1.0,ACCEPT,ICML,Accept,accept_tier,4.0
ICML_26_41,assertive,ministral3_8b,7.666666666666667,3,0.6666666666666666,ACCEPT,ICML,Accept,accept_tier,4.0
ICML_26_41,assertive,qwen2.5_32b,8.0,3,1.0,ACCEPT,ICML,Accept,accept_tier,4.0
ICML_26_41,assertive,qwen2.5_3b,8.333333333333334,3,1.0,ACCEPT,ICML,Accept,accept_tier,4.0
ICML_26_41,assertive,qwen2.5_7b,8.0,3,1.0,ACCEPT,ICML,Accept,accept_tier,4.0
ICML_26_41,hedged,gemma4_31b,4.666666666666667,3,0.0,REJECT,ICML,Accept,accept_tier,4.0
ICML_26_41,hedged,gemma4_e4b,7.0,3,1.0,ACCEPT,ICML,Accept,accept_tier,4.0
ICML_26_41,hedged,llama_3.1_8b,7.0,3,1.0,ACCEPT,ICML,Accept,accept_tier,4.0
ICML_26_41,hedged,llama_3.2_3b,7.666666666666667,3,1.0,ACCEPT,ICML,Accept,accept_tier,4.0
ICML_26_41,hedged,ministral3_14b,7.333333333333333,3,0.6666666666666666,ACCEPT,ICML,Accept,accept_tier,4.0
ICML_26_41,hedged,ministral3_8b,7.333333333333333,3,0.3333333333333333,REJECT,ICML,Accept,accept_tier,4.0
ICML_26_41,hedged,qwen2.5_32b,8.0,3,1.0,ACCEPT,ICML,Accept,accept_tier,4.0
ICML_26_41,hedged,qwen2.5_3b,8.0,3,1.0,ACCEPT,ICML,Accept,accept_tier,4.0
ICML_26_41,hedged,qwen2.5_7b,8.0,3,1.0,ACCEPT,ICML,Accept,accept_tier,4.0
ICML_26_41,l2_grounded,gemma4_31b,4.0,3,0.0,REJECT,ICML,Accept,accept_tier,4.0
ICML_26_41,l2_grounded,gemma4_e4b,7.0,3,1.0,ACCEPT,ICML,Accept,accept_tier,4.0
ICML_26_41,l2_grounded,llama_3.1_8b,7.666666666666667,3,1.0,ACCEPT,ICML,Accept,accept_tier,4.0
ICML_26_41,l2_grounded,llama_3.2_3b,8.0,3,1.0,ACCEPT,ICML,Accept,accept_tier,4.0
ICML_26_41,l2_grounded,ministral3_14b,7.333333333333333,3,1.0,ACCEPT,ICML,Accept,accept_tier,4.0
ICML_26_41,l2_grounded,ministral3_8b,7.666666666666667,3,0.3333333333333333,REJECT,ICML,Accept,accept_tier,4.0
ICML_26_41,l2_grounded,qwen2.5_32b,8.0,3,1.0,ACCEPT,ICML,Accept,accept_tier,4.0
ICML_26_41,l2_grounded,qwen2.5_3b,8.0,3,1.0,ACCEPT,ICML,Accept,accept_tier,4.0
ICML_26_41,l2_grounded,qwen2.5_7b,8.0,3,1.0,ACCEPT,ICML,Accept,accept_tier,4.0
ICML_26_41,native_fluent,gemma4_31b,4.666666666666667,3,0.0,REJECT,ICML,Accept,accept_tier,4.0
ICML_26_41,native_fluent,gemma4_e4b,7.666666666666667,3,1.0,ACCEPT,ICML,Accept,accept_tier,4.0
ICML_26_41,native_fluent,llama_3.1_8b,8.0,3,1.0,ACCEPT,ICML,Accept,accept_tier,4.0
ICML_26_41,native_fluent,llama_3.2_3b,8.0,3,1.0,ACCEPT,ICML,Accept,accept_tier,4.0
ICML_26_41,native_fluent,ministral3_14b,7.666666666666667,3,1.0,ACCEPT,ICML,Accept,accept_tier,4.0
ICML_26_41,native_fluent,ministral3_8b,7.666666666666667,3,0.6666666666666666,ACCEPT,ICML,Accept,accept_tier,4.0
ICML_26_41,native_fluent,qwen2.5_32b,8.0,3,1.0,ACCEPT,ICML,Accept,accept_tier,4.0
ICML_26_41,native_fluent,qwen2.5_3b,8.333333333333334,3,1.0,ACCEPT,ICML,Accept,accept_tier,4.0
ICML_26_41,native_fluent,qwen2.5_7b,8.0,3,1.0,ACCEPT,ICML,Accept,accept_tier,4.0
ICML_26_41,original,gemma4_31b,6.0,3,0.0,REJECT,ICML,Accept,accept_tier,4.0
ICML_26_41,original,gemma4_e4b,7.0,3,1.0,ACCEPT,ICML,Accept,accept_tier,4.0
ICML_26_41,original,llama_3.1_8b,7.666666666666667,3,1.0,ACCEPT,ICML,Accept,accept_tier,4.0
ICML_26_41,original,llama_3.2_3b,7.666666666666667,3,1.0,ACCEPT,ICML,Accept,accept_tier,4.0
ICML_26_41,original,ministral3_14b,7.666666666666667,3,1.0,ACCEPT,ICML,Accept,accept_tier,4.0
ICML_26_41,original,ministral3_8b,7.333333333333333,3,0.0,REJECT,ICML,Accept,accept_tier,4.0
ICML_26_41,original,qwen2.5_32b,8.0,3,1.0,ACCEPT,ICML,Accept,accept_tier,4.0
ICML_26_41,original,qwen2.5_3b,8.333333333333334,3,1.0,ACCEPT,ICML,Accept,accept_tier,4.0
ICML_26_41,original,qwen2.5_7b,8.0,3,1.0,ACCEPT,ICML,Accept,accept_tier,4.0
ICML_26_41,overclaiming,gemma4_31b,3.0,3,0.0,REJECT,ICML,Accept,accept_tier,4.0
ICML_26_41,overclaiming,gemma4_e4b,6.666666666666667,3,1.0,ACCEPT,ICML,Accept,accept_tier,4.0
ICML_26_41,overclaiming,llama_3.1_8b,7.333333333333333,3,1.0,ACCEPT,ICML,Accept,accept_tier,4.0
ICML_26_41,overclaiming,llama_3.2_3b,7.666666666666667,3,1.0,ACCEPT,ICML,Accept,accept_tier,4.0
ICML_26_41,overclaiming,ministral3_14b,7.0,3,0.3333333333333333,REJECT,ICML,Accept,accept_tier,4.0
ICML_26_41,overclaiming,ministral3_8b,7.666666666666667,3,0.3333333333333333,REJECT,ICML,Accept,accept_tier,4.0
ICML_26_41,overclaiming,qwen2.5_32b,8.0,3,1.0,ACCEPT,ICML,Accept,accept_tier,4.0
ICML_26_41,overclaiming,qwen2.5_3b,9.333333333333334,3,1.0,ACCEPT,ICML,Accept,accept_tier,4.0
ICML_26_41,overclaiming,qwen2.5_7b,8.0,3,1.0,ACCEPT,ICML,Accept,accept_tier,4.0
ICML_26_42,assertive,gemma4_31b,8.0,3,1.0,ACCEPT,ICML,Accept,accept_tier,4.0
ICML_26_42,assertive,gemma4_e4b,8.0,3,1.0,ACCEPT,ICML,Accept,accept_tier,4.0
ICML_26_42,assertive,llama_3.1_8b,8.0,3,1.0,ACCEPT,ICML,Accept,accept_tier,4.0
ICML_26_42,assertive,llama_3.2_3b,8.333333333333334,3,1.0,ACCEPT,ICML,Accept,accept_tier,4.0
ICML_26_42,assertive,ministral3_14b,9.0,3,1.0,ACCEPT,ICML,Accept,accept_tier,4.0
ICML_26_42,assertive,ministral3_8b,9.0,3,1.0,ACCEPT,ICML,Accept,accept_tier,4.0
ICML_26_42,assertive,qwen2.5_32b,8.0,3,1.0,ACCEPT,ICML,Accept,accept_tier,4.0
ICML_26_42,assertive,qwen2.5_3b,8.666666666666666,3,1.0,ACCEPT,ICML,Accept,accept_tier,4.0
ICML_26_42,assertive,qwen2.5_7b,9.0,3,1.0,ACCEPT,ICML,Accept,accept_tier,4.0
ICML_26_42,hedged,gemma4_31b,7.666666666666667,3,1.0,ACCEPT,ICML,Accept,accept_tier,4.0
ICML_26_42,hedged,gemma4_e4b,8.0,3,1.0,ACCEPT,ICML,Accept,accept_tier,4.0
ICML_26_42,hedged,llama_3.1_8b,8.0,3,1.0,ACCEPT,ICML,Accept,accept_tier,4.0
ICML_26_42,hedged,llama_3.2_3b,7.666666666666667,3,1.0,ACCEPT,ICML,Accept,accept_tier,4.0
ICML_26_42,hedged,ministral3_14b,9.0,3,1.0,ACCEPT,ICML,Accept,accept_tier,4.0
ICML_26_42,hedged,ministral3_8b,8.666666666666666,3,1.0,ACCEPT,ICML,Accept,accept_tier,4.0
ICML_26_42,hedged,qwen2.5_32b,8.0,3,1.0,ACCEPT,ICML,Accept,accept_tier,4.0
ICML_26_42,hedged,qwen2.5_3b,8.0,3,1.0,ACCEPT,ICML,Accept,accept_tier,4.0
ICML_26_42,hedged,qwen2.5_7b,8.333333333333334,3,1.0,ACCEPT,ICML,Accept,accept_tier,4.0
ICML_26_42,l2_grounded,gemma4_31b,8.0,3,1.0,ACCEPT,ICML,Accept,accept_tier,4.0
ICML_26_42,l2_grounded,gemma4_e4b,8.333333333333334,3,1.0,ACCEPT,ICML,Accept,accept_tier,4.0
ICML_26_42,l2_grounded,llama_3.1_8b,8.0,3,1.0,ACCEPT,ICML,Accept,accept_tier,4.0
ICML_26_42,l2_grounded,llama_3.2_3b,8.0,3,1.0,ACCEPT,ICML,Accept,accept_tier,4.0
ICML_26_42,l2_grounded,ministral3_14b,9.0,3,1.0,ACCEPT,ICML,Accept,accept_tier,4.0
ICML_26_42,l2_grounded,ministral3_8b,8.666666666666666,3,1.0,ACCEPT,ICML,Accept,accept_tier,4.0
ICML_26_42,l2_grounded,qwen2.5_32b,8.0,3,1.0,ACCEPT,ICML,Accept,accept_tier,4.0
ICML_26_42,l2_grounded,qwen2.5_3b,8.0,3,1.0,ACCEPT,ICML,Accept,accept_tier,4.0
ICML_26_42,l2_grounded,qwen2.5_7b,8.666666666666666,3,1.0,ACCEPT,ICML,Accept,accept_tier,4.0
ICML_26_42,native_fluent,gemma4_31b,8.0,3,1.0,ACCEPT,ICML,Accept,accept_tier,4.0
ICML_26_42,native_fluent,gemma4_e4b,8.0,3,1.0,ACCEPT,ICML,Accept,accept_tier,4.0
ICML_26_42,native_fluent,llama_3.1_8b,8.0,3,1.0,ACCEPT,ICML,Accept,accept_tier,4.0
ICML_26_42,native_fluent,llama_3.2_3b,8.0,3,1.0,ACCEPT,ICML,Accept,accept_tier,4.0
ICML_26_42,native_fluent,ministral3_14b,9.0,3,1.0,ACCEPT,ICML,Accept,accept_tier,4.0
ICML_26_42,native_fluent,ministral3_8b,8.0,3,0.6666666666666666,ACCEPT,ICML,Accept,accept_tier,4.0
ICML_26_42,native_fluent,qwen2.5_32b,8.0,3,1.0,ACCEPT,ICML,Accept,accept_tier,4.0
ICML_26_42,native_fluent,qwen2.5_3b,8.0,3,1.0,ACCEPT,ICML,Accept,accept_tier,4.0
ICML_26_42,native_fluent,qwen2.5_7b,8.333333333333334,3,1.0,ACCEPT,ICML,Accept,accept_tier,4.0
ICML_26_42,original,gemma4_31b,8.0,3,1.0,ACCEPT,ICML,Accept,accept_tier,4.0
ICML_26_42,original,gemma4_e4b,8.333333333333334,3,1.0,ACCEPT,ICML,Accept,accept_tier,4.0
ICML_26_42,original,llama_3.1_8b,8.0,3,1.0,ACCEPT,ICML,Accept,accept_tier,4.0
ICML_26_42,original,llama_3.2_3b,8.333333333333334,3,1.0,ACCEPT,ICML,Accept,accept_tier,4.0
ICML_26_42,original,ministral3_14b,9.0,3,1.0,ACCEPT,ICML,Accept,accept_tier,4.0
ICML_26_42,original,ministral3_8b,9.0,3,1.0,ACCEPT,ICML,Accept,accept_tier,4.0
ICML_26_42,original,qwen2.5_32b,8.0,3,1.0,ACCEPT,ICML,Accept,accept_tier,4.0
ICML_26_42,original,qwen2.5_3b,8.333333333333334,3,1.0,ACCEPT,ICML,Accept,accept_tier,4.0
ICML_26_42,original,qwen2.5_7b,8.666666666666666,3,1.0,ACCEPT,ICML,Accept,accept_tier,4.0
ICML_26_42,overclaiming,gemma4_31b,7.0,3,1.0,ACCEPT,ICML,Accept,accept_tier,4.0
ICML_26_42,overclaiming,gemma4_e4b,9.0,3,1.0,ACCEPT,ICML,Accept,accept_tier,4.0
ICML_26_42,overclaiming,llama_3.1_8b,8.0,3,1.0,ACCEPT,ICML,Accept,accept_tier,4.0
ICML_26_42,overclaiming,llama_3.2_3b,8.666666666666666,3,1.0,ACCEPT,ICML,Accept,accept_tier,4.0
ICML_26_42,overclaiming,ministral3_14b,9.0,3,1.0,ACCEPT,ICML,Accept,accept_tier,4.0
ICML_26_42,overclaiming,ministral3_8b,9.0,3,1.0,ACCEPT,ICML,Accept,accept_tier,4.0
ICML_26_42,overclaiming,qwen2.5_32b,8.333333333333334,3,1.0,ACCEPT,ICML,Accept,accept_tier,4.0
ICML_26_42,overclaiming,qwen2.5_3b,9.666666666666666,3,1.0,ACCEPT,ICML,Accept,accept_tier,4.0
ICML_26_42,overclaiming,qwen2.5_7b,9.0,3,1.0,ACCEPT,ICML,Accept,accept_tier,4.0
ICML_26_43,assertive,gemma4_31b,6.0,3,0.0,REJECT,ICML,Accept,accept_tier,4.25
ICML_26_43,assertive,gemma4_e4b,7.666666666666667,3,1.0,ACCEPT,ICML,Accept,accept_tier,4.25
ICML_26_43,assertive,llama_3.1_8b,8.0,3,1.0,ACCEPT,ICML,Accept,accept_tier,4.25
ICML_26_43,assertive,llama_3.2_3b,8.0,3,1.0,ACCEPT,ICML,Accept,accept_tier,4.25
ICML_26_43,assertive,ministral3_14b,8.333333333333334,3,1.0,ACCEPT,ICML,Accept,accept_tier,4.25
ICML_26_43,assertive,ministral3_8b,8.0,3,0.6666666666666666,ACCEPT,ICML,Accept,accept_tier,4.25
ICML_26_43,assertive,qwen2.5_32b,8.0,3,1.0,ACCEPT,ICML,Accept,accept_tier,4.25
ICML_26_43,assertive,qwen2.5_3b,8.333333333333334,3,1.0,ACCEPT,ICML,Accept,accept_tier,4.25
ICML_26_43,assertive,qwen2.5_7b,9.0,3,1.0,ACCEPT,ICML,Accept,accept_tier,4.25
ICML_26_43,hedged,gemma4_31b,4.0,3,0.0,REJECT,ICML,Accept,accept_tier,4.25
ICML_26_43,hedged,gemma4_e4b,7.0,3,1.0,ACCEPT,ICML,Accept,accept_tier,4.25
ICML_26_43,hedged,llama_3.1_8b,8.0,3,1.0,ACCEPT,ICML,Accept,accept_tier,4.25
ICML_26_43,hedged,llama_3.2_3b,7.333333333333333,3,1.0,ACCEPT,ICML,Accept,accept_tier,4.25
ICML_26_43,hedged,ministral3_14b,8.0,3,1.0,ACCEPT,ICML,Accept,accept_tier,4.25
ICML_26_43,hedged,ministral3_8b,7.333333333333333,3,0.3333333333333333,REJECT,ICML,Accept,accept_tier,4.25
ICML_26_43,hedged,qwen2.5_32b,7.0,3,1.0,ACCEPT,ICML,Accept,accept_tier,4.25
ICML_26_43,hedged,qwen2.5_3b,7.666666666666667,3,1.0,ACCEPT,ICML,Accept,accept_tier,4.25
ICML_26_43,hedged,qwen2.5_7b,8.0,3,1.0,ACCEPT,ICML,Accept,accept_tier,4.25
ICML_26_43,l2_grounded,gemma4_31b,6.0,3,0.0,REJECT,ICML,Accept,accept_tier,4.25
ICML_26_43,l2_grounded,gemma4_e4b,7.0,3,1.0,ACCEPT,ICML,Accept,accept_tier,4.25
ICML_26_43,l2_grounded,llama_3.1_8b,8.0,3,1.0,ACCEPT,ICML,Accept,accept_tier,4.25
ICML_26_43,l2_grounded,llama_3.2_3b,8.0,3,1.0,ACCEPT,ICML,Accept,accept_tier,4.25
ICML_26_43,l2_grounded,ministral3_14b,8.0,3,1.0,ACCEPT,ICML,Accept,accept_tier,4.25
ICML_26_43,l2_grounded,ministral3_8b,8.333333333333334,3,1.0,ACCEPT,ICML,Accept,accept_tier,4.25
ICML_26_43,l2_grounded,qwen2.5_32b,8.0,3,1.0,ACCEPT,ICML,Accept,accept_tier,4.25
ICML_26_43,l2_grounded,qwen2.5_3b,8.0,3,1.0,ACCEPT,ICML,Accept,accept_tier,4.25
ICML_26_43,l2_grounded,qwen2.5_7b,8.0,3,1.0,ACCEPT,ICML,Accept,accept_tier,4.25
ICML_26_43,native_fluent,gemma4_31b,6.0,3,0.0,REJECT,ICML,Accept,accept_tier,4.25
ICML_26_43,native_fluent,gemma4_e4b,8.0,3,1.0,ACCEPT,ICML,Accept,accept_tier,4.25
ICML_26_43,native_fluent,llama_3.1_8b,8.0,3,1.0,ACCEPT,ICML,Accept,accept_tier,4.25
ICML_26_43,native_fluent,llama_3.2_3b,8.0,3,1.0,ACCEPT,ICML,Accept,accept_tier,4.25
ICML_26_43,native_fluent,ministral3_14b,8.333333333333334,3,1.0,ACCEPT,ICML,Accept,accept_tier,4.25
ICML_26_43,native_fluent,ministral3_8b,8.0,3,1.0,ACCEPT,ICML,Accept,accept_tier,4.25
ICML_26_43,native_fluent,qwen2.5_32b,8.0,3,1.0,ACCEPT,ICML,Accept,accept_tier,4.25
ICML_26_43,native_fluent,qwen2.5_3b,8.0,3,1.0,ACCEPT,ICML,Accept,accept_tier,4.25
ICML_26_43,native_fluent,qwen2.5_7b,9.0,3,1.0,ACCEPT,ICML,Accept,accept_tier,4.25
ICML_26_43,original,gemma4_31b,6.0,3,0.0,REJECT,ICML,Accept,accept_tier,4.25
ICML_26_43,original,gemma4_e4b,7.0,3,1.0,ACCEPT,ICML,Accept,accept_tier,4.25
ICML_26_43,original,llama_3.1_8b,8.0,3,1.0,ACCEPT,ICML,Accept,accept_tier,4.25
ICML_26_43,original,llama_3.2_3b,7.666666666666667,3,1.0,ACCEPT,ICML,Accept,accept_tier,4.25
ICML_26_43,original,ministral3_14b,8.333333333333334,3,1.0,ACCEPT,ICML,Accept,accept_tier,4.25
ICML_26_43,original,ministral3_8b,8.333333333333334,3,1.0,ACCEPT,ICML,Accept,accept_tier,4.25
ICML_26_43,original,qwen2.5_32b,8.0,3,1.0,ACCEPT,ICML,Accept,accept_tier,4.25
ICML_26_43,original,qwen2.5_3b,8.333333333333334,3,1.0,ACCEPT,ICML,Accept,accept_tier,4.25
ICML_26_43,original,qwen2.5_7b,8.666666666666666,3,1.0,ACCEPT,ICML,Accept,accept_tier,4.25
ICML_26_43,overclaiming,gemma4_31b,3.0,3,0.0,REJECT,ICML,Accept,accept_tier,4.25
ICML_26_43,overclaiming,gemma4_e4b,7.0,3,1.0,ACCEPT,ICML,Accept,accept_tier,4.25
ICML_26_43,overclaiming,llama_3.1_8b,8.0,3,1.0,ACCEPT,ICML,Accept,accept_tier,4.25
ICML_26_43,overclaiming,llama_3.2_3b,7.666666666666667,3,1.0,ACCEPT,ICML,Accept,accept_tier,4.25
ICML_26_43,overclaiming,ministral3_14b,7.666666666666667,3,0.6666666666666666,ACCEPT,ICML,Accept,accept_tier,4.25
ICML_26_43,overclaiming,ministral3_8b,9.0,3,1.0,ACCEPT,ICML,Accept,accept_tier,4.25
ICML_26_43,overclaiming,qwen2.5_32b,9.0,3,1.0,ACCEPT,ICML,Accept,accept_tier,4.25
ICML_26_43,overclaiming,qwen2.5_3b,8.333333333333334,3,1.0,ACCEPT,ICML,Accept,accept_tier,4.25
ICML_26_43,overclaiming,qwen2.5_7b,9.0,3,1.0,ACCEPT,ICML,Accept,accept_tier,4.25
ICML_26_44,assertive,gemma4_31b,7.0,3,1.0,ACCEPT,ICML,Accept,accept_tier,4.0
ICML_26_44,assertive,gemma4_e4b,8.0,3,1.0,ACCEPT,ICML,Accept,accept_tier,4.0
ICML_26_44,assertive,llama_3.1_8b,8.0,3,1.0,ACCEPT,ICML,Accept,accept_tier,4.0
ICML_26_44,assertive,llama_3.2_3b,7.666666666666667,3,1.0,ACCEPT,ICML,Accept,accept_tier,4.0
ICML_26_44,assertive,ministral3_14b,8.666666666666666,3,1.0,ACCEPT,ICML,Accept,accept_tier,4.0
ICML_26_44,assertive,ministral3_8b,8.666666666666666,3,0.6666666666666666,ACCEPT,ICML,Accept,accept_tier,4.0
ICML_26_44,assertive,qwen2.5_32b,8.0,3,1.0,ACCEPT,ICML,Accept,accept_tier,4.0
ICML_26_44,assertive,qwen2.5_3b,8.333333333333334,3,1.0,ACCEPT,ICML,Accept,accept_tier,4.0
ICML_26_44,assertive,qwen2.5_7b,8.0,3,1.0,ACCEPT,ICML,Accept,accept_tier,4.0
ICML_26_44,hedged,gemma4_31b,7.0,3,1.0,ACCEPT,ICML,Accept,accept_tier,4.0
ICML_26_44,hedged,gemma4_e4b,7.666666666666667,3,1.0,ACCEPT,ICML,Accept,accept_tier,4.0
ICML_26_44,hedged,llama_3.1_8b,8.0,3,1.0,ACCEPT,ICML,Accept,accept_tier,4.0
ICML_26_44,hedged,llama_3.2_3b,7.666666666666667,3,1.0,ACCEPT,ICML,Accept,accept_tier,4.0
ICML_26_44,hedged,ministral3_14b,8.333333333333334,3,1.0,ACCEPT,ICML,Accept,accept_tier,4.0
ICML_26_44,hedged,ministral3_8b,7.333333333333333,3,0.3333333333333333,REJECT,ICML,Accept,accept_tier,4.0
ICML_26_44,hedged,qwen2.5_32b,8.0,3,1.0,ACCEPT,ICML,Accept,accept_tier,4.0
ICML_26_44,hedged,qwen2.5_3b,8.0,3,1.0,ACCEPT,ICML,Accept,accept_tier,4.0
ICML_26_44,hedged,qwen2.5_7b,8.0,3,1.0,ACCEPT,ICML,Accept,accept_tier,4.0
ICML_26_44,l2_grounded,gemma4_31b,7.0,3,1.0,ACCEPT,ICML,Accept,accept_tier,4.0
ICML_26_44,l2_grounded,gemma4_e4b,8.0,3,1.0,ACCEPT,ICML,Accept,accept_tier,4.0
ICML_26_44,l2_grounded,llama_3.1_8b,8.0,3,1.0,ACCEPT,ICML,Accept,accept_tier,4.0
ICML_26_44,l2_grounded,llama_3.2_3b,7.666666666666667,3,1.0,ACCEPT,ICML,Accept,accept_tier,4.0
ICML_26_44,l2_grounded,ministral3_14b,9.0,3,1.0,ACCEPT,ICML,Accept,accept_tier,4.0
ICML_26_44,l2_grounded,ministral3_8b,8.0,3,1.0,ACCEPT,ICML,Accept,accept_tier,4.0
ICML_26_44,l2_grounded,qwen2.5_32b,8.0,3,1.0,ACCEPT,ICML,Accept,accept_tier,4.0
ICML_26_44,l2_grounded,qwen2.5_3b,9.333333333333334,3,1.0,ACCEPT,ICML,Accept,accept_tier,4.0
ICML_26_44,l2_grounded,qwen2.5_7b,8.0,3,1.0,ACCEPT,ICML,Accept,accept_tier,4.0
ICML_26_44,native_fluent,gemma4_31b,7.0,3,1.0,ACCEPT,ICML,Accept,accept_tier,4.0
ICML_26_44,native_fluent,gemma4_e4b,8.0,3,1.0,ACCEPT,ICML,Accept,accept_tier,4.0
ICML_26_44,native_fluent,llama_3.1_8b,8.0,3,1.0,ACCEPT,ICML,Accept,accept_tier,4.0
ICML_26_44,native_fluent,llama_3.2_3b,8.0,3,1.0,ACCEPT,ICML,Accept,accept_tier,4.0
ICML_26_44,native_fluent,ministral3_14b,8.0,3,1.0,ACCEPT,ICML,Accept,accept_tier,4.0
ICML_26_44,native_fluent,ministral3_8b,8.333333333333334,3,1.0,ACCEPT,ICML,Accept,accept_tier,4.0
ICML_26_44,native_fluent,qwen2.5_32b,8.0,3,1.0,ACCEPT,ICML,Accept,accept_tier,4.0
ICML_26_44,native_fluent,qwen2.5_3b,8.666666666666666,3,1.0,ACCEPT,ICML,Accept,accept_tier,4.0
ICML_26_44,native_fluent,qwen2.5_7b,8.0,3,1.0,ACCEPT,ICML,Accept,accept_tier,4.0
ICML_26_44,original,gemma4_31b,7.0,3,1.0,ACCEPT,ICML,Accept,accept_tier,4.0
ICML_26_44,original,gemma4_e4b,8.0,3,1.0,ACCEPT,ICML,Accept,accept_tier,4.0
ICML_26_44,original,llama_3.1_8b,8.0,3,1.0,ACCEPT,ICML,Accept,accept_tier,4.0
ICML_26_44,original,llama_3.2_3b,8.0,3,1.0,ACCEPT,ICML,Accept,accept_tier,4.0
ICML_26_44,original,ministral3_14b,8.0,3,1.0,ACCEPT,ICML,Accept,accept_tier,4.0
ICML_26_44,original,ministral3_8b,7.666666666666667,3,0.6666666666666666,ACCEPT,ICML,Accept,accept_tier,4.0
ICML_26_44,original,qwen2.5_32b,8.0,3,1.0,ACCEPT,ICML,Accept,accept_tier,4.0
ICML_26_44,original,qwen2.5_3b,8.0,3,1.0,ACCEPT,ICML,Accept,accept_tier,4.0
ICML_26_44,original,qwen2.5_7b,8.0,3,1.0,ACCEPT,ICML,Accept,accept_tier,4.0
ICML_26_44,overclaiming,gemma4_31b,4.0,3,0.0,REJECT,ICML,Accept,accept_tier,4.0
ICML_26_44,overclaiming,gemma4_e4b,8.0,3,1.0,ACCEPT,ICML,Accept,accept_tier,4.0
ICML_26_44,overclaiming,llama_3.1_8b,8.0,3,1.0,ACCEPT,ICML,Accept,accept_tier,4.0
ICML_26_44,overclaiming,llama_3.2_3b,8.666666666666666,3,1.0,ACCEPT,ICML,Accept,accept_tier,4.0
ICML_26_44,overclaiming,ministral3_14b,8.333333333333334,3,1.0,ACCEPT,ICML,Accept,accept_tier,4.0
ICML_26_44,overclaiming,ministral3_8b,8.666666666666666,3,1.0,ACCEPT,ICML,Accept,accept_tier,4.0
ICML_26_44,overclaiming,qwen2.5_32b,8.0,3,1.0,ACCEPT,ICML,Accept,accept_tier,4.0
ICML_26_44,overclaiming,qwen2.5_3b,8.333333333333334,3,1.0,ACCEPT,ICML,Accept,accept_tier,4.0
ICML_26_44,overclaiming,qwen2.5_7b,8.0,3,1.0,ACCEPT,ICML,Accept,accept_tier,4.0
ICML_26_45,assertive,gemma4_31b,6.333333333333333,3,0.3333333333333333,REJECT,ICML,Accept,accept_tier,3.75
ICML_26_45,assertive,gemma4_e4b,7.0,3,1.0,ACCEPT,ICML,Accept,accept_tier,3.75
ICML_26_45,assertive,llama_3.1_8b,8.0,3,1.0,ACCEPT,ICML,Accept,accept_tier,3.75
ICML_26_45,assertive,llama_3.2_3b,8.0,3,1.0,ACCEPT,ICML,Accept,accept_tier,3.75
ICML_26_45,assertive,ministral3_14b,8.333333333333334,3,1.0,ACCEPT,ICML,Accept,accept_tier,3.75
ICML_26_45,assertive,ministral3_8b,9.0,3,1.0,ACCEPT,ICML,Accept,accept_tier,3.75
ICML_26_45,assertive,qwen2.5_32b,8.0,3,1.0,ACCEPT,ICML,Accept,accept_tier,3.75
ICML_26_45,assertive,qwen2.5_3b,8.0,3,1.0,ACCEPT,ICML,Accept,accept_tier,3.75
ICML_26_45,assertive,qwen2.5_7b,8.666666666666666,3,1.0,ACCEPT,ICML,Accept,accept_tier,3.75
ICML_26_45,hedged,gemma4_31b,5.0,3,0.0,REJECT,ICML,Accept,accept_tier,3.75
ICML_26_45,hedged,gemma4_e4b,6.333333333333333,3,1.0,ACCEPT,ICML,Accept,accept_tier,3.75
ICML_26_45,hedged,llama_3.1_8b,7.666666666666667,3,1.0,ACCEPT,ICML,Accept,accept_tier,3.75
ICML_26_45,hedged,llama_3.2_3b,8.0,3,1.0,ACCEPT,ICML,Accept,accept_tier,3.75
ICML_26_45,hedged,ministral3_14b,8.0,3,1.0,ACCEPT,ICML,Accept,accept_tier,3.75
ICML_26_45,hedged,ministral3_8b,8.0,3,1.0,ACCEPT,ICML,Accept,accept_tier,3.75
ICML_26_45,hedged,qwen2.5_32b,7.0,3,1.0,ACCEPT,ICML,Accept,accept_tier,3.75
ICML_26_45,hedged,qwen2.5_3b,7.0,3,1.0,ACCEPT,ICML,Accept,accept_tier,3.75
ICML_26_45,hedged,qwen2.5_7b,8.0,3,1.0,ACCEPT,ICML,Accept,accept_tier,3.75
ICML_26_45,l2_grounded,gemma4_31b,6.0,3,0.0,REJECT,ICML,Accept,accept_tier,3.75
ICML_26_45,l2_grounded,gemma4_e4b,7.0,3,1.0,ACCEPT,ICML,Accept,accept_tier,3.75
ICML_26_45,l2_grounded,llama_3.1_8b,8.0,3,1.0,ACCEPT,ICML,Accept,accept_tier,3.75
ICML_26_45,l2_grounded,llama_3.2_3b,8.0,3,1.0,ACCEPT,ICML,Accept,accept_tier,3.75
ICML_26_45,l2_grounded,ministral3_14b,8.333333333333334,3,1.0,ACCEPT,ICML,Accept,accept_tier,3.75
ICML_26_45,l2_grounded,ministral3_8b,8.333333333333334,3,0.6666666666666666,ACCEPT,ICML,Accept,accept_tier,3.75
ICML_26_45,l2_grounded,qwen2.5_32b,8.0,3,1.0,ACCEPT,ICML,Accept,accept_tier,3.75
ICML_26_45,l2_grounded,qwen2.5_3b,8.0,3,1.0,ACCEPT,ICML,Accept,accept_tier,3.75
ICML_26_45,l2_grounded,qwen2.5_7b,8.333333333333334,3,1.0,ACCEPT,ICML,Accept,accept_tier,3.75
ICML_26_45,native_fluent,gemma4_31b,6.0,3,0.0,REJECT,ICML,Accept,accept_tier,3.75
ICML_26_45,native_fluent,gemma4_e4b,7.0,3,1.0,ACCEPT,ICML,Accept,accept_tier,3.75
ICML_26_45,native_fluent,llama_3.1_8b,8.0,3,1.0,ACCEPT,ICML,Accept,accept_tier,3.75
ICML_26_45,native_fluent,llama_3.2_3b,8.0,3,1.0,ACCEPT,ICML,Accept,accept_tier,3.75
ICML_26_45,native_fluent,ministral3_14b,8.0,3,1.0,ACCEPT,ICML,Accept,accept_tier,3.75
ICML_26_45,native_fluent,ministral3_8b,8.666666666666666,3,1.0,ACCEPT,ICML,Accept,accept_tier,3.75
ICML_26_45,native_fluent,qwen2.5_32b,8.0,3,1.0,ACCEPT,ICML,Accept,accept_tier,3.75
ICML_26_45,native_fluent,qwen2.5_3b,8.0,3,1.0,ACCEPT,ICML,Accept,accept_tier,3.75
ICML_26_45,native_fluent,qwen2.5_7b,8.666666666666666,3,1.0,ACCEPT,ICML,Accept,accept_tier,3.75
ICML_26_45,original,gemma4_31b,6.0,3,0.0,REJECT,ICML,Accept,accept_tier,3.75
ICML_26_45,original,gemma4_e4b,7.0,3,1.0,ACCEPT,ICML,Accept,accept_tier,3.75
ICML_26_45,original,llama_3.1_8b,8.0,3,1.0,ACCEPT,ICML,Accept,accept_tier,3.75
ICML_26_45,original,llama_3.2_3b,8.0,3,1.0,ACCEPT,ICML,Accept,accept_tier,3.75
ICML_26_45,original,ministral3_14b,8.333333333333334,3,1.0,ACCEPT,ICML,Accept,accept_tier,3.75
ICML_26_45,original,ministral3_8b,7.666666666666667,3,0.6666666666666666,ACCEPT,ICML,Accept,accept_tier,3.75
ICML_26_45,original,qwen2.5_32b,8.0,3,1.0,ACCEPT,ICML,Accept,accept_tier,3.75
ICML_26_45,original,qwen2.5_3b,8.0,3,1.0,ACCEPT,ICML,Accept,accept_tier,3.75
ICML_26_45,original,qwen2.5_7b,8.333333333333334,3,1.0,ACCEPT,ICML,Accept,accept_tier,3.75
ICML_26_45,overclaiming,gemma4_31b,3.0,3,0.0,REJECT,ICML,Accept,accept_tier,3.75
ICML_26_45,overclaiming,gemma4_e4b,7.0,3,1.0,ACCEPT,ICML,Accept,accept_tier,3.75
ICML_26_45,overclaiming,llama_3.1_8b,8.0,3,1.0,ACCEPT,ICML,Accept,accept_tier,3.75
ICML_26_45,overclaiming,llama_3.2_3b,8.0,3,1.0,ACCEPT,ICML,Accept,accept_tier,3.75
ICML_26_45,overclaiming,ministral3_14b,8.333333333333334,3,1.0,ACCEPT,ICML,Accept,accept_tier,3.75
ICML_26_45,overclaiming,ministral3_8b,9.0,3,1.0,ACCEPT,ICML,Accept,accept_tier,3.75
ICML_26_45,overclaiming,qwen2.5_32b,8.0,3,1.0,ACCEPT,ICML,Accept,accept_tier,3.75
ICML_26_45,overclaiming,qwen2.5_3b,7.666666666666667,3,1.0,ACCEPT,ICML,Accept,accept_tier,3.75
ICML_26_45,overclaiming,qwen2.5_7b,8.666666666666666,3,1.0,ACCEPT,ICML,Accept,accept_tier,3.75
ICML_26_46,assertive,gemma4_31b,7.0,3,1.0,ACCEPT,ICML,Accept,accept_tier,3.75
ICML_26_46,assertive,gemma4_e4b,8.0,3,1.0,ACCEPT,ICML,Accept,accept_tier,3.75
ICML_26_46,assertive,llama_3.1_8b,8.0,3,1.0,ACCEPT,ICML,Accept,accept_tier,3.75
ICML_26_46,assertive,llama_3.2_3b,7.333333333333333,3,1.0,ACCEPT,ICML,Accept,accept_tier,3.75
ICML_26_46,assertive,ministral3_14b,8.333333333333334,3,1.0,ACCEPT,ICML,Accept,accept_tier,3.75
ICML_26_46,assertive,ministral3_8b,9.0,3,1.0,ACCEPT,ICML,Accept,accept_tier,3.75
ICML_26_46,assertive,qwen2.5_32b,8.0,3,1.0,ACCEPT,ICML,Accept,accept_tier,3.75
ICML_26_46,assertive,qwen2.5_3b,8.0,3,1.0,ACCEPT,ICML,Accept,accept_tier,3.75
ICML_26_46,assertive,qwen2.5_7b,8.666666666666666,3,1.0,ACCEPT,ICML,Accept,accept_tier,3.75
ICML_26_46,hedged,gemma4_31b,7.0,3,1.0,ACCEPT,ICML,Accept,accept_tier,3.75
ICML_26_46,hedged,gemma4_e4b,8.0,3,1.0,ACCEPT,ICML,Accept,accept_tier,3.75
ICML_26_46,hedged,llama_3.1_8b,8.0,3,1.0,ACCEPT,ICML,Accept,accept_tier,3.75
ICML_26_46,hedged,llama_3.2_3b,8.0,3,1.0,ACCEPT,ICML,Accept,accept_tier,3.75
ICML_26_46,hedged,ministral3_14b,8.0,3,1.0,ACCEPT,ICML,Accept,accept_tier,3.75
ICML_26_46,hedged,ministral3_8b,8.0,3,1.0,ACCEPT,ICML,Accept,accept_tier,3.75
ICML_26_46,hedged,qwen2.5_32b,8.0,3,1.0,ACCEPT,ICML,Accept,accept_tier,3.75
ICML_26_46,hedged,qwen2.5_3b,8.0,3,1.0,ACCEPT,ICML,Accept,accept_tier,3.75
ICML_26_46,hedged,qwen2.5_7b,8.0,3,1.0,ACCEPT,ICML,Accept,accept_tier,3.75
ICML_26_46,l2_grounded,gemma4_31b,7.0,3,1.0,ACCEPT,ICML,Accept,accept_tier,3.75
ICML_26_46,l2_grounded,gemma4_e4b,8.0,3,1.0,ACCEPT,ICML,Accept,accept_tier,3.75
ICML_26_46,l2_grounded,llama_3.1_8b,8.0,3,1.0,ACCEPT,ICML,Accept,accept_tier,3.75
ICML_26_46,l2_grounded,llama_3.2_3b,8.0,3,1.0,ACCEPT,ICML,Accept,accept_tier,3.75
ICML_26_46,l2_grounded,ministral3_14b,8.333333333333334,3,1.0,ACCEPT,ICML,Accept,accept_tier,3.75
ICML_26_46,l2_grounded,ministral3_8b,8.666666666666666,3,1.0,ACCEPT,ICML,Accept,accept_tier,3.75
ICML_26_46,l2_grounded,qwen2.5_32b,8.0,3,1.0,ACCEPT,ICML,Accept,accept_tier,3.75
ICML_26_46,l2_grounded,qwen2.5_3b,8.333333333333334,3,1.0,ACCEPT,ICML,Accept,accept_tier,3.75
ICML_26_46,l2_grounded,qwen2.5_7b,8.0,3,1.0,ACCEPT,ICML,Accept,accept_tier,3.75
ICML_26_46,native_fluent,gemma4_31b,7.0,3,1.0,ACCEPT,ICML,Accept,accept_tier,3.75
ICML_26_46,native_fluent,gemma4_e4b,8.0,3,1.0,ACCEPT,ICML,Accept,accept_tier,3.75
ICML_26_46,native_fluent,llama_3.1_8b,8.0,3,1.0,ACCEPT,ICML,Accept,accept_tier,3.75
ICML_26_46,native_fluent,llama_3.2_3b,7.666666666666667,3,1.0,ACCEPT,ICML,Accept,accept_tier,3.75
ICML_26_46,native_fluent,ministral3_14b,8.333333333333334,3,1.0,ACCEPT,ICML,Accept,accept_tier,3.75
ICML_26_46,native_fluent,ministral3_8b,8.0,3,1.0,ACCEPT,ICML,Accept,accept_tier,3.75
ICML_26_46,native_fluent,qwen2.5_32b,8.0,3,1.0,ACCEPT,ICML,Accept,accept_tier,3.75
ICML_26_46,native_fluent,qwen2.5_3b,8.333333333333334,3,1.0,ACCEPT,ICML,Accept,accept_tier,3.75
ICML_26_46,native_fluent,qwen2.5_7b,8.333333333333334,3,1.0,ACCEPT,ICML,Accept,accept_tier,3.75
ICML_26_46,original,gemma4_31b,7.0,3,1.0,ACCEPT,ICML,Accept,accept_tier,3.75
ICML_26_46,original,gemma4_e4b,8.0,3,1.0,ACCEPT,ICML,Accept,accept_tier,3.75
ICML_26_46,original,llama_3.1_8b,8.0,3,1.0,ACCEPT,ICML,Accept,accept_tier,3.75
ICML_26_46,original,llama_3.2_3b,7.666666666666667,3,1.0,ACCEPT,ICML,Accept,accept_tier,3.75
ICML_26_46,original,ministral3_14b,9.0,3,1.0,ACCEPT,ICML,Accept,accept_tier,3.75
ICML_26_46,original,ministral3_8b,8.666666666666666,3,1.0,ACCEPT,ICML,Accept,accept_tier,3.75
ICML_26_46,original,qwen2.5_32b,8.0,3,1.0,ACCEPT,ICML,Accept,accept_tier,3.75
ICML_26_46,original,qwen2.5_3b,9.0,3,1.0,ACCEPT,ICML,Accept,accept_tier,3.75
ICML_26_46,original,qwen2.5_7b,8.666666666666666,3,1.0,ACCEPT,ICML,Accept,accept_tier,3.75
ICML_26_46,overclaiming,gemma4_31b,3.0,3,0.0,REJECT,ICML,Accept,accept_tier,3.75
ICML_26_46,overclaiming,gemma4_e4b,7.333333333333333,3,1.0,ACCEPT,ICML,Accept,accept_tier,3.75
ICML_26_46,overclaiming,llama_3.1_8b,8.0,3,1.0,ACCEPT,ICML,Accept,accept_tier,3.75
ICML_26_46,overclaiming,llama_3.2_3b,8.0,3,1.0,ACCEPT,ICML,Accept,accept_tier,3.75
ICML_26_46,overclaiming,ministral3_14b,8.0,3,1.0,ACCEPT,ICML,Accept,accept_tier,3.75
ICML_26_46,overclaiming,ministral3_8b,9.0,3,1.0,ACCEPT,ICML,Accept,accept_tier,3.75
ICML_26_46,overclaiming,qwen2.5_32b,8.0,3,1.0,ACCEPT,ICML,Accept,accept_tier,3.75
ICML_26_46,overclaiming,qwen2.5_3b,9.666666666666666,3,1.0,ACCEPT,ICML,Accept,accept_tier,3.75
ICML_26_46,overclaiming,qwen2.5_7b,8.666666666666666,3,1.0,ACCEPT,ICML,Accept,accept_tier,3.75
ICML_26_47,assertive,gemma4_31b,6.0,3,1.0,ACCEPT,ICML,Accept,accept_tier,4.0
ICML_26_47,assertive,gemma4_e4b,8.0,3,1.0,ACCEPT,ICML,Accept,accept_tier,4.0
ICML_26_47,assertive,llama_3.1_8b,8.0,3,1.0,ACCEPT,ICML,Accept,accept_tier,4.0
ICML_26_47,assertive,llama_3.2_3b,7.666666666666667,3,1.0,ACCEPT,ICML,Accept,accept_tier,4.0
ICML_26_47,assertive,ministral3_14b,8.0,3,1.0,ACCEPT,ICML,Accept,accept_tier,4.0
ICML_26_47,assertive,ministral3_8b,8.333333333333334,3,1.0,ACCEPT,ICML,Accept,accept_tier,4.0
ICML_26_47,assertive,qwen2.5_32b,8.0,3,1.0,ACCEPT,ICML,Accept,accept_tier,4.0
ICML_26_47,assertive,qwen2.5_3b,8.0,3,1.0,ACCEPT,ICML,Accept,accept_tier,4.0
ICML_26_47,assertive,qwen2.5_7b,8.333333333333334,3,1.0,ACCEPT,ICML,Accept,accept_tier,4.0
ICML_26_47,hedged,gemma4_31b,6.0,3,1.0,ACCEPT,ICML,Accept,accept_tier,4.0
ICML_26_47,hedged,gemma4_e4b,8.0,3,1.0,ACCEPT,ICML,Accept,accept_tier,4.0
ICML_26_47,hedged,llama_3.1_8b,8.0,3,1.0,ACCEPT,ICML,Accept,accept_tier,4.0
ICML_26_47,hedged,llama_3.2_3b,7.666666666666667,3,1.0,ACCEPT,ICML,Accept,accept_tier,4.0
ICML_26_47,hedged,ministral3_14b,7.666666666666667,3,1.0,ACCEPT,ICML,Accept,accept_tier,4.0
ICML_26_47,hedged,ministral3_8b,8.666666666666666,3,1.0,ACCEPT,ICML,Accept,accept_tier,4.0
ICML_26_47,hedged,qwen2.5_32b,8.0,3,1.0,ACCEPT,ICML,Accept,accept_tier,4.0
ICML_26_47,hedged,qwen2.5_3b,8.0,3,1.0,ACCEPT,ICML,Accept,accept_tier,4.0
ICML_26_47,hedged,qwen2.5_7b,8.0,3,1.0,ACCEPT,ICML,Accept,accept_tier,4.0
ICML_26_47,l2_grounded,gemma4_31b,6.0,3,1.0,ACCEPT,ICML,Accept,accept_tier,4.0
ICML_26_47,l2_grounded,gemma4_e4b,8.0,3,1.0,ACCEPT,ICML,Accept,accept_tier,4.0
ICML_26_47,l2_grounded,llama_3.1_8b,8.0,3,1.0,ACCEPT,ICML,Accept,accept_tier,4.0
ICML_26_47,l2_grounded,llama_3.2_3b,8.0,3,1.0,ACCEPT,ICML,Accept,accept_tier,4.0
ICML_26_47,l2_grounded,ministral3_14b,8.333333333333334,3,1.0,ACCEPT,ICML,Accept,accept_tier,4.0
ICML_26_47,l2_grounded,ministral3_8b,7.666666666666667,3,1.0,ACCEPT,ICML,Accept,accept_tier,4.0
ICML_26_47,l2_grounded,qwen2.5_32b,8.0,3,1.0,ACCEPT,ICML,Accept,accept_tier,4.0
ICML_26_47,l2_grounded,qwen2.5_3b,8.0,3,1.0,ACCEPT,ICML,Accept,accept_tier,4.0
ICML_26_47,l2_grounded,qwen2.5_7b,8.666666666666666,3,1.0,ACCEPT,ICML,Accept,accept_tier,4.0
ICML_26_47,native_fluent,gemma4_31b,6.0,3,1.0,ACCEPT,ICML,Accept,accept_tier,4.0
ICML_26_47,native_fluent,gemma4_e4b,7.666666666666667,3,1.0,ACCEPT,ICML,Accept,accept_tier,4.0
ICML_26_47,native_fluent,llama_3.1_8b,8.0,3,1.0,ACCEPT,ICML,Accept,accept_tier,4.0
ICML_26_47,native_fluent,llama_3.2_3b,8.0,3,1.0,ACCEPT,ICML,Accept,accept_tier,4.0
ICML_26_47,native_fluent,ministral3_14b,8.333333333333334,3,1.0,ACCEPT,ICML,Accept,accept_tier,4.0
ICML_26_47,native_fluent,ministral3_8b,8.333333333333334,3,1.0,ACCEPT,ICML,Accept,accept_tier,4.0
ICML_26_47,native_fluent,qwen2.5_32b,8.0,3,1.0,ACCEPT,ICML,Accept,accept_tier,4.0
ICML_26_47,native_fluent,qwen2.5_3b,8.0,3,1.0,ACCEPT,ICML,Accept,accept_tier,4.0
ICML_26_47,native_fluent,qwen2.5_7b,8.666666666666666,3,1.0,ACCEPT,ICML,Accept,accept_tier,4.0
ICML_26_47,original,gemma4_31b,6.0,3,1.0,ACCEPT,ICML,Accept,accept_tier,4.0
ICML_26_47,original,gemma4_e4b,8.0,3,1.0,ACCEPT,ICML,Accept,accept_tier,4.0
ICML_26_47,original,llama_3.1_8b,8.0,3,1.0,ACCEPT,ICML,Accept,accept_tier,4.0
ICML_26_47,original,llama_3.2_3b,8.0,3,1.0,ACCEPT,ICML,Accept,accept_tier,4.0
ICML_26_47,original,ministral3_14b,8.0,3,1.0,ACCEPT,ICML,Accept,accept_tier,4.0
ICML_26_47,original,ministral3_8b,8.0,3,0.6666666666666666,ACCEPT,ICML,Accept,accept_tier,4.0
ICML_26_47,original,qwen2.5_32b,8.0,3,1.0,ACCEPT,ICML,Accept,accept_tier,4.0
ICML_26_47,original,qwen2.5_3b,8.0,3,1.0,ACCEPT,ICML,Accept,accept_tier,4.0
ICML_26_47,original,qwen2.5_7b,8.666666666666666,3,1.0,ACCEPT,ICML,Accept,accept_tier,4.0
ICML_26_47,overclaiming,gemma4_31b,3.0,3,0.0,REJECT,ICML,Accept,accept_tier,4.0
ICML_26_47,overclaiming,gemma4_e4b,7.0,3,1.0,ACCEPT,ICML,Accept,accept_tier,4.0
ICML_26_47,overclaiming,llama_3.1_8b,8.666666666666666,3,1.0,ACCEPT,ICML,Accept,accept_tier,4.0
ICML_26_47,overclaiming,llama_3.2_3b,8.0,3,1.0,ACCEPT,ICML,Accept,accept_tier,4.0
ICML_26_47,overclaiming,ministral3_14b,8.0,3,1.0,ACCEPT,ICML,Accept,accept_tier,4.0
ICML_26_47,overclaiming,ministral3_8b,9.0,3,1.0,ACCEPT,ICML,Accept,accept_tier,4.0
ICML_26_47,overclaiming,qwen2.5_32b,7.0,3,1.0,ACCEPT,ICML,Accept,accept_tier,4.0
ICML_26_47,overclaiming,qwen2.5_3b,8.333333333333334,3,1.0,ACCEPT,ICML,Accept,accept_tier,4.0
ICML_26_47,overclaiming,qwen2.5_7b,8.0,3,1.0,ACCEPT,ICML,Accept,accept_tier,4.0
ICML_26_48,assertive,gemma4_31b,7.0,3,1.0,ACCEPT,ICML,Accept,accept_tier,4.0
ICML_26_48,assertive,gemma4_e4b,8.0,3,1.0,ACCEPT,ICML,Accept,accept_tier,4.0
ICML_26_48,assertive,llama_3.1_8b,8.666666666666666,3,1.0,ACCEPT,ICML,Accept,accept_tier,4.0
ICML_26_48,assertive,llama_3.2_3b,8.333333333333334,3,1.0,ACCEPT,ICML,Accept,accept_tier,4.0
ICML_26_48,assertive,ministral3_14b,9.0,3,1.0,ACCEPT,ICML,Accept,accept_tier,4.0
ICML_26_48,assertive,ministral3_8b,8.666666666666666,3,1.0,ACCEPT,ICML,Accept,accept_tier,4.0
ICML_26_48,assertive,qwen2.5_32b,8.0,3,1.0,ACCEPT,ICML,Accept,accept_tier,4.0
ICML_26_48,assertive,qwen2.5_3b,8.333333333333334,3,1.0,ACCEPT,ICML,Accept,accept_tier,4.0
ICML_26_48,assertive,qwen2.5_7b,8.0,3,1.0,ACCEPT,ICML,Accept,accept_tier,4.0
ICML_26_48,hedged,gemma4_31b,7.0,3,1.0,ACCEPT,ICML,Accept,accept_tier,4.0
ICML_26_48,hedged,gemma4_e4b,7.666666666666667,3,1.0,ACCEPT,ICML,Accept,accept_tier,4.0
ICML_26_48,hedged,llama_3.1_8b,8.0,3,1.0,ACCEPT,ICML,Accept,accept_tier,4.0
ICML_26_48,hedged,llama_3.2_3b,8.0,3,1.0,ACCEPT,ICML,Accept,accept_tier,4.0
ICML_26_48,hedged,ministral3_14b,8.333333333333334,3,1.0,ACCEPT,ICML,Accept,accept_tier,4.0
ICML_26_48,hedged,ministral3_8b,9.0,3,1.0,ACCEPT,ICML,Accept,accept_tier,4.0
ICML_26_48,hedged,qwen2.5_32b,8.0,3,1.0,ACCEPT,ICML,Accept,accept_tier,4.0
ICML_26_48,hedged,qwen2.5_3b,8.333333333333334,3,1.0,ACCEPT,ICML,Accept,accept_tier,4.0
ICML_26_48,hedged,qwen2.5_7b,8.666666666666666,3,1.0,ACCEPT,ICML,Accept,accept_tier,4.0
ICML_26_48,l2_grounded,gemma4_31b,7.0,3,1.0,ACCEPT,ICML,Accept,accept_tier,4.0
ICML_26_48,l2_grounded,gemma4_e4b,7.666666666666667,3,1.0,ACCEPT,ICML,Accept,accept_tier,4.0
ICML_26_48,l2_grounded,llama_3.1_8b,8.0,3,1.0,ACCEPT,ICML,Accept,accept_tier,4.0
ICML_26_48,l2_grounded,llama_3.2_3b,8.333333333333334,3,1.0,ACCEPT,ICML,Accept,accept_tier,4.0
ICML_26_48,l2_grounded,ministral3_14b,8.333333333333334,3,1.0,ACCEPT,ICML,Accept,accept_tier,4.0
ICML_26_48,l2_grounded,ministral3_8b,9.0,3,1.0,ACCEPT,ICML,Accept,accept_tier,4.0
ICML_26_48,l2_grounded,qwen2.5_32b,8.0,3,1.0,ACCEPT,ICML,Accept,accept_tier,4.0
ICML_26_48,l2_grounded,qwen2.5_3b,8.666666666666666,3,1.0,ACCEPT,ICML,Accept,accept_tier,4.0
ICML_26_48,l2_grounded,qwen2.5_7b,9.0,3,1.0,ACCEPT,ICML,Accept,accept_tier,4.0
ICML_26_48,native_fluent,gemma4_31b,7.0,3,1.0,ACCEPT,ICML,Accept,accept_tier,4.0
ICML_26_48,native_fluent,gemma4_e4b,7.666666666666667,3,1.0,ACCEPT,ICML,Accept,accept_tier,4.0
ICML_26_48,native_fluent,llama_3.1_8b,8.0,3,1.0,ACCEPT,ICML,Accept,accept_tier,4.0
ICML_26_48,native_fluent,llama_3.2_3b,8.666666666666666,3,1.0,ACCEPT,ICML,Accept,accept_tier,4.0
ICML_26_48,native_fluent,ministral3_14b,8.666666666666666,3,1.0,ACCEPT,ICML,Accept,accept_tier,4.0
ICML_26_48,native_fluent,ministral3_8b,9.0,3,1.0,ACCEPT,ICML,Accept,accept_tier,4.0
ICML_26_48,native_fluent,qwen2.5_32b,8.0,3,1.0,ACCEPT,ICML,Accept,accept_tier,4.0
ICML_26_48,native_fluent,qwen2.5_3b,8.333333333333334,3,1.0,ACCEPT,ICML,Accept,accept_tier,4.0
ICML_26_48,native_fluent,qwen2.5_7b,9.0,3,1.0,ACCEPT,ICML,Accept,accept_tier,4.0
ICML_26_48,original,gemma4_31b,7.0,3,1.0,ACCEPT,ICML,Accept,accept_tier,4.0
ICML_26_48,original,gemma4_e4b,8.0,3,1.0,ACCEPT,ICML,Accept,accept_tier,4.0
ICML_26_48,original,llama_3.1_8b,8.0,3,1.0,ACCEPT,ICML,Accept,accept_tier,4.0
ICML_26_48,original,llama_3.2_3b,8.666666666666666,3,1.0,ACCEPT,ICML,Accept,accept_tier,4.0
ICML_26_48,original,ministral3_14b,8.333333333333334,3,1.0,ACCEPT,ICML,Accept,accept_tier,4.0
ICML_26_48,original,ministral3_8b,8.666666666666666,3,1.0,ACCEPT,ICML,Accept,accept_tier,4.0
ICML_26_48,original,qwen2.5_32b,8.0,3,1.0,ACCEPT,ICML,Accept,accept_tier,4.0
ICML_26_48,original,qwen2.5_3b,8.333333333333334,3,1.0,ACCEPT,ICML,Accept,accept_tier,4.0
ICML_26_48,original,qwen2.5_7b,8.666666666666666,3,1.0,ACCEPT,ICML,Accept,accept_tier,4.0
ICML_26_48,overclaiming,gemma4_31b,6.0,3,0.0,REJECT,ICML,Accept,accept_tier,4.0
ICML_26_48,overclaiming,gemma4_e4b,8.0,3,1.0,ACCEPT,ICML,Accept,accept_tier,4.0
ICML_26_48,overclaiming,llama_3.1_8b,8.333333333333334,3,1.0,ACCEPT,ICML,Accept,accept_tier,4.0
ICML_26_48,overclaiming,llama_3.2_3b,8.333333333333334,3,1.0,ACCEPT,ICML,Accept,accept_tier,4.0
ICML_26_48,overclaiming,ministral3_14b,9.0,3,1.0,ACCEPT,ICML,Accept,accept_tier,4.0
ICML_26_48,overclaiming,ministral3_8b,8.666666666666666,3,1.0,ACCEPT,ICML,Accept,accept_tier,4.0
ICML_26_48,overclaiming,qwen2.5_32b,8.0,3,1.0,ACCEPT,ICML,Accept,accept_tier,4.0
ICML_26_48,overclaiming,qwen2.5_3b,10.0,3,1.0,ACCEPT,ICML,Accept,accept_tier,4.0
ICML_26_48,overclaiming,qwen2.5_7b,9.0,3,1.0,ACCEPT,ICML,Accept,accept_tier,4.0
ICML_26_49,assertive,gemma4_31b,6.0,3,0.0,REJECT,ICML,Accept,accept_tier,4.0
ICML_26_49,assertive,gemma4_e4b,8.0,3,1.0,ACCEPT,ICML,Accept,accept_tier,4.0
ICML_26_49,assertive,llama_3.1_8b,8.0,3,1.0,ACCEPT,ICML,Accept,accept_tier,4.0
ICML_26_49,assertive,llama_3.2_3b,8.0,3,1.0,ACCEPT,ICML,Accept,accept_tier,4.0
ICML_26_49,assertive,ministral3_14b,8.0,3,1.0,ACCEPT,ICML,Accept,accept_tier,4.0
ICML_26_49,assertive,ministral3_8b,8.666666666666666,3,0.6666666666666666,ACCEPT,ICML,Accept,accept_tier,4.0
ICML_26_49,assertive,qwen2.5_32b,8.0,3,1.0,ACCEPT,ICML,Accept,accept_tier,4.0
ICML_26_49,assertive,qwen2.5_3b,8.0,3,1.0,ACCEPT,ICML,Accept,accept_tier,4.0
ICML_26_49,assertive,qwen2.5_7b,8.0,3,1.0,ACCEPT,ICML,Accept,accept_tier,4.0
ICML_26_49,hedged,gemma4_31b,6.0,3,0.0,REJECT,ICML,Accept,accept_tier,4.0
ICML_26_49,hedged,gemma4_e4b,7.0,3,1.0,ACCEPT,ICML,Accept,accept_tier,4.0
ICML_26_49,hedged,llama_3.1_8b,7.666666666666667,3,1.0,ACCEPT,ICML,Accept,accept_tier,4.0
ICML_26_49,hedged,llama_3.2_3b,8.0,3,1.0,ACCEPT,ICML,Accept,accept_tier,4.0
ICML_26_49,hedged,ministral3_14b,8.0,3,1.0,ACCEPT,ICML,Accept,accept_tier,4.0
ICML_26_49,hedged,ministral3_8b,7.333333333333333,3,0.3333333333333333,REJECT,ICML,Accept,accept_tier,4.0
ICML_26_49,hedged,qwen2.5_32b,8.0,3,1.0,ACCEPT,ICML,Accept,accept_tier,4.0
ICML_26_49,hedged,qwen2.5_3b,8.0,3,1.0,ACCEPT,ICML,Accept,accept_tier,4.0
ICML_26_49,hedged,qwen2.5_7b,8.0,3,1.0,ACCEPT,ICML,Accept,accept_tier,4.0
ICML_26_49,l2_grounded,gemma4_31b,5.0,3,0.0,REJECT,ICML,Accept,accept_tier,4.0
ICML_26_49,l2_grounded,gemma4_e4b,7.666666666666667,3,1.0,ACCEPT,ICML,Accept,accept_tier,4.0
ICML_26_49,l2_grounded,llama_3.1_8b,8.0,3,1.0,ACCEPT,ICML,Accept,accept_tier,4.0
ICML_26_49,l2_grounded,llama_3.2_3b,8.333333333333334,3,1.0,ACCEPT,ICML,Accept,accept_tier,4.0
ICML_26_49,l2_grounded,ministral3_14b,8.0,3,1.0,ACCEPT,ICML,Accept,accept_tier,4.0
ICML_26_49,l2_grounded,ministral3_8b,7.666666666666667,3,0.6666666666666666,ACCEPT,ICML,Accept,accept_tier,4.0
ICML_26_49,l2_grounded,qwen2.5_32b,8.0,3,1.0,ACCEPT,ICML,Accept,accept_tier,4.0
ICML_26_49,l2_grounded,qwen2.5_3b,8.0,3,1.0,ACCEPT,ICML,Accept,accept_tier,4.0
ICML_26_49,l2_grounded,qwen2.5_7b,8.0,3,1.0,ACCEPT,ICML,Accept,accept_tier,4.0
ICML_26_49,native_fluent,gemma4_31b,5.666666666666667,3,0.0,REJECT,ICML,Accept,accept_tier,4.0
ICML_26_49,native_fluent,gemma4_e4b,8.0,3,1.0,ACCEPT,ICML,Accept,accept_tier,4.0
ICML_26_49,native_fluent,llama_3.1_8b,8.0,3,1.0,ACCEPT,ICML,Accept,accept_tier,4.0
ICML_26_49,native_fluent,llama_3.2_3b,8.0,3,1.0,ACCEPT,ICML,Accept,accept_tier,4.0
ICML_26_49,native_fluent,ministral3_14b,8.0,3,1.0,ACCEPT,ICML,Accept,accept_tier,4.0
ICML_26_49,native_fluent,ministral3_8b,7.666666666666667,3,0.3333333333333333,REJECT,ICML,Accept,accept_tier,4.0
ICML_26_49,native_fluent,qwen2.5_32b,8.0,3,1.0,ACCEPT,ICML,Accept,accept_tier,4.0
ICML_26_49,native_fluent,qwen2.5_3b,8.0,3,1.0,ACCEPT,ICML,Accept,accept_tier,4.0
ICML_26_49,native_fluent,qwen2.5_7b,8.0,3,1.0,ACCEPT,ICML,Accept,accept_tier,4.0
ICML_26_49,original,gemma4_31b,6.0,3,0.0,REJECT,ICML,Accept,accept_tier,4.0
ICML_26_49,original,gemma4_e4b,7.666666666666667,3,1.0,ACCEPT,ICML,Accept,accept_tier,4.0
ICML_26_49,original,llama_3.1_8b,8.0,3,1.0,ACCEPT,ICML,Accept,accept_tier,4.0
ICML_26_49,original,llama_3.2_3b,8.0,3,1.0,ACCEPT,ICML,Accept,accept_tier,4.0
ICML_26_49,original,ministral3_14b,8.0,3,1.0,ACCEPT,ICML,Accept,accept_tier,4.0
ICML_26_49,original,ministral3_8b,7.666666666666667,3,0.6666666666666666,ACCEPT,ICML,Accept,accept_tier,4.0
ICML_26_49,original,qwen2.5_32b,8.0,3,1.0,ACCEPT,ICML,Accept,accept_tier,4.0
ICML_26_49,original,qwen2.5_3b,8.0,3,1.0,ACCEPT,ICML,Accept,accept_tier,4.0
ICML_26_49,original,qwen2.5_7b,8.0,3,1.0,ACCEPT,ICML,Accept,accept_tier,4.0
ICML_26_49,overclaiming,gemma4_31b,3.0,3,0.0,REJECT,ICML,Accept,accept_tier,4.0
ICML_26_49,overclaiming,gemma4_e4b,7.666666666666667,3,1.0,ACCEPT,ICML,Accept,accept_tier,4.0
ICML_26_49,overclaiming,llama_3.1_8b,8.0,3,1.0,ACCEPT,ICML,Accept,accept_tier,4.0
ICML_26_49,overclaiming,llama_3.2_3b,8.333333333333334,3,1.0,ACCEPT,ICML,Accept,accept_tier,4.0
ICML_26_49,overclaiming,ministral3_14b,7.666666666666667,3,0.6666666666666666,ACCEPT,ICML,Accept,accept_tier,4.0
ICML_26_49,overclaiming,ministral3_8b,8.0,3,0.6666666666666666,ACCEPT,ICML,Accept,accept_tier,4.0
ICML_26_49,overclaiming,qwen2.5_32b,8.0,3,1.0,ACCEPT,ICML,Accept,accept_tier,4.0
ICML_26_49,overclaiming,qwen2.5_3b,10.0,3,1.0,ACCEPT,ICML,Accept,accept_tier,4.0
ICML_26_49,overclaiming,qwen2.5_7b,8.0,3,1.0,ACCEPT,ICML,Accept,accept_tier,4.0
ICML_26_5,assertive,gemma4_31b,6.0,3,0.0,REJECT,ICML,Reject,reject_tier,4.0
ICML_26_5,assertive,gemma4_e4b,8.0,3,1.0,ACCEPT,ICML,Reject,reject_tier,4.0
ICML_26_5,assertive,llama_3.1_8b,8.0,3,1.0,ACCEPT,ICML,Reject,reject_tier,4.0
ICML_26_5,assertive,llama_3.2_3b,8.0,3,1.0,ACCEPT,ICML,Reject,reject_tier,4.0
ICML_26_5,assertive,ministral3_14b,8.0,3,1.0,ACCEPT,ICML,Reject,reject_tier,4.0
ICML_26_5,assertive,ministral3_8b,8.0,3,0.6666666666666666,ACCEPT,ICML,Reject,reject_tier,4.0
ICML_26_5,assertive,qwen2.5_32b,8.0,3,1.0,ACCEPT,ICML,Reject,reject_tier,4.0
ICML_26_5,assertive,qwen2.5_3b,8.333333333333334,3,1.0,ACCEPT,ICML,Reject,reject_tier,4.0
ICML_26_5,assertive,qwen2.5_7b,8.0,3,1.0,ACCEPT,ICML,Reject,reject_tier,4.0
ICML_26_5,hedged,gemma4_31b,4.0,3,0.0,REJECT,ICML,Reject,reject_tier,4.0
ICML_26_5,hedged,gemma4_e4b,7.333333333333333,3,1.0,ACCEPT,ICML,Reject,reject_tier,4.0
ICML_26_5,hedged,llama_3.1_8b,8.0,3,1.0,ACCEPT,ICML,Reject,reject_tier,4.0
ICML_26_5,hedged,llama_3.2_3b,8.0,3,1.0,ACCEPT,ICML,Reject,reject_tier,4.0
ICML_26_5,hedged,ministral3_14b,8.0,3,1.0,ACCEPT,ICML,Reject,reject_tier,4.0
ICML_26_5,hedged,ministral3_8b,6.666666666666667,3,0.0,REJECT,ICML,Reject,reject_tier,4.0
ICML_26_5,hedged,qwen2.5_32b,7.0,3,1.0,ACCEPT,ICML,Reject,reject_tier,4.0
ICML_26_5,hedged,qwen2.5_3b,8.0,3,1.0,ACCEPT,ICML,Reject,reject_tier,4.0
ICML_26_5,hedged,qwen2.5_7b,8.0,3,1.0,ACCEPT,ICML,Reject,reject_tier,4.0
ICML_26_5,l2_grounded,gemma4_31b,6.0,3,0.0,REJECT,ICML,Reject,reject_tier,4.0
ICML_26_5,l2_grounded,gemma4_e4b,8.0,3,1.0,ACCEPT,ICML,Reject,reject_tier,4.0
ICML_26_5,l2_grounded,llama_3.1_8b,8.0,3,1.0,ACCEPT,ICML,Reject,reject_tier,4.0
ICML_26_5,l2_grounded,llama_3.2_3b,7.666666666666667,3,1.0,ACCEPT,ICML,Reject,reject_tier,4.0
ICML_26_5,l2_grounded,ministral3_14b,8.333333333333334,3,1.0,ACCEPT,ICML,Reject,reject_tier,4.0
ICML_26_5,l2_grounded,ministral3_8b,8.0,3,0.6666666666666666,ACCEPT,ICML,Reject,reject_tier,4.0
ICML_26_5,l2_grounded,qwen2.5_32b,8.0,3,1.0,ACCEPT,ICML,Reject,reject_tier,4.0
ICML_26_5,l2_grounded,qwen2.5_3b,8.0,3,1.0,ACCEPT,ICML,Reject,reject_tier,4.0
ICML_26_5,l2_grounded,qwen2.5_7b,8.333333333333334,3,1.0,ACCEPT,ICML,Reject,reject_tier,4.0
ICML_26_5,native_fluent,gemma4_31b,6.0,3,0.0,REJECT,ICML,Reject,reject_tier,4.0
ICML_26_5,native_fluent,gemma4_e4b,8.0,3,1.0,ACCEPT,ICML,Reject,reject_tier,4.0
ICML_26_5,native_fluent,llama_3.1_8b,8.0,3,1.0,ACCEPT,ICML,Reject,reject_tier,4.0
ICML_26_5,native_fluent,llama_3.2_3b,8.0,3,1.0,ACCEPT,ICML,Reject,reject_tier,4.0
ICML_26_5,native_fluent,ministral3_14b,8.333333333333334,3,1.0,ACCEPT,ICML,Reject,reject_tier,4.0
ICML_26_5,native_fluent,ministral3_8b,8.0,3,1.0,ACCEPT,ICML,Reject,reject_tier,4.0
ICML_26_5,native_fluent,qwen2.5_32b,8.0,3,1.0,ACCEPT,ICML,Reject,reject_tier,4.0
ICML_26_5,native_fluent,qwen2.5_3b,8.0,3,1.0,ACCEPT,ICML,Reject,reject_tier,4.0
ICML_26_5,native_fluent,qwen2.5_7b,8.0,3,1.0,ACCEPT,ICML,Reject,reject_tier,4.0
ICML_26_5,original,gemma4_31b,6.0,3,0.0,REJECT,ICML,Reject,reject_tier,4.0
ICML_26_5,original,gemma4_e4b,8.0,3,1.0,ACCEPT,ICML,Reject,reject_tier,4.0
ICML_26_5,original,llama_3.1_8b,8.0,3,1.0,ACCEPT,ICML,Reject,reject_tier,4.0
ICML_26_5,original,llama_3.2_3b,8.0,3,1.0,ACCEPT,ICML,Reject,reject_tier,4.0
ICML_26_5,original,ministral3_14b,8.0,3,1.0,ACCEPT,ICML,Reject,reject_tier,4.0
ICML_26_5,original,ministral3_8b,7.666666666666667,3,0.6666666666666666,ACCEPT,ICML,Reject,reject_tier,4.0
ICML_26_5,original,qwen2.5_32b,8.0,3,1.0,ACCEPT,ICML,Reject,reject_tier,4.0
ICML_26_5,original,qwen2.5_3b,8.0,3,1.0,ACCEPT,ICML,Reject,reject_tier,4.0
ICML_26_5,original,qwen2.5_7b,8.0,3,1.0,ACCEPT,ICML,Reject,reject_tier,4.0
ICML_26_5,overclaiming,gemma4_31b,3.0,3,0.0,REJECT,ICML,Reject,reject_tier,4.0
ICML_26_5,overclaiming,gemma4_e4b,8.0,3,1.0,ACCEPT,ICML,Reject,reject_tier,4.0
ICML_26_5,overclaiming,llama_3.1_8b,8.0,3,1.0,ACCEPT,ICML,Reject,reject_tier,4.0
ICML_26_5,overclaiming,llama_3.2_3b,7.666666666666667,3,1.0,ACCEPT,ICML,Reject,reject_tier,4.0
ICML_26_5,overclaiming,ministral3_14b,8.666666666666666,3,1.0,ACCEPT,ICML,Reject,reject_tier,4.0
ICML_26_5,overclaiming,ministral3_8b,7.666666666666667,3,0.3333333333333333,REJECT,ICML,Reject,reject_tier,4.0
ICML_26_5,overclaiming,qwen2.5_32b,8.0,3,1.0,ACCEPT,ICML,Reject,reject_tier,4.0
ICML_26_5,overclaiming,qwen2.5_3b,8.666666666666666,3,1.0,ACCEPT,ICML,Reject,reject_tier,4.0
ICML_26_5,overclaiming,qwen2.5_7b,8.666666666666666,3,1.0,ACCEPT,ICML,Reject,reject_tier,4.0
ICML_26_50,assertive,gemma4_31b,6.0,3,0.0,REJECT,ICML,Accept,accept_tier,4.0
ICML_26_50,assertive,gemma4_e4b,7.666666666666667,3,1.0,ACCEPT,ICML,Accept,accept_tier,4.0
ICML_26_50,assertive,llama_3.1_8b,7.666666666666667,3,1.0,ACCEPT,ICML,Accept,accept_tier,4.0
ICML_26_50,assertive,llama_3.2_3b,8.0,3,1.0,ACCEPT,ICML,Accept,accept_tier,4.0
ICML_26_50,assertive,ministral3_14b,8.666666666666666,3,1.0,ACCEPT,ICML,Accept,accept_tier,4.0
ICML_26_50,assertive,ministral3_8b,7.333333333333333,3,0.3333333333333333,REJECT,ICML,Accept,accept_tier,4.0
ICML_26_50,assertive,qwen2.5_32b,8.0,3,1.0,ACCEPT,ICML,Accept,accept_tier,4.0
ICML_26_50,assertive,qwen2.5_3b,8.0,3,1.0,ACCEPT,ICML,Accept,accept_tier,4.0
ICML_26_50,assertive,qwen2.5_7b,8.0,3,1.0,ACCEPT,ICML,Accept,accept_tier,4.0
ICML_26_50,hedged,gemma4_31b,5.333333333333333,3,0.0,REJECT,ICML,Accept,accept_tier,4.0
ICML_26_50,hedged,gemma4_e4b,7.333333333333333,3,1.0,ACCEPT,ICML,Accept,accept_tier,4.0
ICML_26_50,hedged,llama_3.1_8b,8.0,3,1.0,ACCEPT,ICML,Accept,accept_tier,4.0
ICML_26_50,hedged,llama_3.2_3b,8.0,3,1.0,ACCEPT,ICML,Accept,accept_tier,4.0
ICML_26_50,hedged,ministral3_14b,8.666666666666666,3,1.0,ACCEPT,ICML,Accept,accept_tier,4.0
ICML_26_50,hedged,ministral3_8b,8.0,3,0.6666666666666666,ACCEPT,ICML,Accept,accept_tier,4.0
ICML_26_50,hedged,qwen2.5_32b,7.666666666666667,3,1.0,ACCEPT,ICML,Accept,accept_tier,4.0
ICML_26_50,hedged,qwen2.5_3b,8.0,3,1.0,ACCEPT,ICML,Accept,accept_tier,4.0
ICML_26_50,hedged,qwen2.5_7b,8.0,3,1.0,ACCEPT,ICML,Accept,accept_tier,4.0
ICML_26_50,l2_grounded,gemma4_31b,6.0,3,0.0,REJECT,ICML,Accept,accept_tier,4.0
ICML_26_50,l2_grounded,gemma4_e4b,7.0,3,1.0,ACCEPT,ICML,Accept,accept_tier,4.0
ICML_26_50,l2_grounded,llama_3.1_8b,8.0,3,1.0,ACCEPT,ICML,Accept,accept_tier,4.0
ICML_26_50,l2_grounded,llama_3.2_3b,8.0,3,1.0,ACCEPT,ICML,Accept,accept_tier,4.0
ICML_26_50,l2_grounded,ministral3_14b,8.0,3,1.0,ACCEPT,ICML,Accept,accept_tier,4.0
ICML_26_50,l2_grounded,ministral3_8b,8.0,3,0.6666666666666666,ACCEPT,ICML,Accept,accept_tier,4.0
ICML_26_50,l2_grounded,qwen2.5_32b,8.0,3,1.0,ACCEPT,ICML,Accept,accept_tier,4.0
ICML_26_50,l2_grounded,qwen2.5_3b,8.0,3,1.0,ACCEPT,ICML,Accept,accept_tier,4.0
ICML_26_50,l2_grounded,qwen2.5_7b,8.0,3,1.0,ACCEPT,ICML,Accept,accept_tier,4.0
ICML_26_50,native_fluent,gemma4_31b,6.0,3,0.0,REJECT,ICML,Accept,accept_tier,4.0
ICML_26_50,native_fluent,gemma4_e4b,8.0,3,1.0,ACCEPT,ICML,Accept,accept_tier,4.0
ICML_26_50,native_fluent,llama_3.1_8b,8.0,3,1.0,ACCEPT,ICML,Accept,accept_tier,4.0
ICML_26_50,native_fluent,llama_3.2_3b,8.0,3,1.0,ACCEPT,ICML,Accept,accept_tier,4.0
ICML_26_50,native_fluent,ministral3_14b,8.333333333333334,3,1.0,ACCEPT,ICML,Accept,accept_tier,4.0
ICML_26_50,native_fluent,ministral3_8b,8.666666666666666,3,1.0,ACCEPT,ICML,Accept,accept_tier,4.0
ICML_26_50,native_fluent,qwen2.5_32b,8.0,3,1.0,ACCEPT,ICML,Accept,accept_tier,4.0
ICML_26_50,native_fluent,qwen2.5_3b,8.0,3,1.0,ACCEPT,ICML,Accept,accept_tier,4.0
ICML_26_50,native_fluent,qwen2.5_7b,8.0,3,1.0,ACCEPT,ICML,Accept,accept_tier,4.0
ICML_26_50,original,gemma4_31b,6.0,3,0.0,REJECT,ICML,Accept,accept_tier,4.0
ICML_26_50,original,gemma4_e4b,7.666666666666667,3,1.0,ACCEPT,ICML,Accept,accept_tier,4.0
ICML_26_50,original,llama_3.1_8b,8.0,3,1.0,ACCEPT,ICML,Accept,accept_tier,4.0
ICML_26_50,original,llama_3.2_3b,8.0,3,1.0,ACCEPT,ICML,Accept,accept_tier,4.0
ICML_26_50,original,ministral3_14b,8.333333333333334,3,1.0,ACCEPT,ICML,Accept,accept_tier,4.0
ICML_26_50,original,ministral3_8b,9.0,3,1.0,ACCEPT,ICML,Accept,accept_tier,4.0
ICML_26_50,original,qwen2.5_32b,8.0,3,1.0,ACCEPT,ICML,Accept,accept_tier,4.0
ICML_26_50,original,qwen2.5_3b,8.0,3,1.0,ACCEPT,ICML,Accept,accept_tier,4.0
ICML_26_50,original,qwen2.5_7b,8.0,3,1.0,ACCEPT,ICML,Accept,accept_tier,4.0
ICML_26_50,overclaiming,gemma4_31b,3.0,3,0.0,REJECT,ICML,Accept,accept_tier,4.0
ICML_26_50,overclaiming,gemma4_e4b,8.333333333333334,3,1.0,ACCEPT,ICML,Accept,accept_tier,4.0
ICML_26_50,overclaiming,llama_3.1_8b,7.666666666666667,3,1.0,ACCEPT,ICML,Accept,accept_tier,4.0
ICML_26_50,overclaiming,llama_3.2_3b,7.666666666666667,3,1.0,ACCEPT,ICML,Accept,accept_tier,4.0
ICML_26_50,overclaiming,ministral3_14b,7.666666666666667,3,0.6666666666666666,ACCEPT,ICML,Accept,accept_tier,4.0
ICML_26_50,overclaiming,ministral3_8b,8.0,3,0.6666666666666666,ACCEPT,ICML,Accept,accept_tier,4.0
ICML_26_50,overclaiming,qwen2.5_32b,8.0,3,1.0,ACCEPT,ICML,Accept,accept_tier,4.0
ICML_26_50,overclaiming,qwen2.5_3b,8.0,3,1.0,ACCEPT,ICML,Accept,accept_tier,4.0
ICML_26_50,overclaiming,qwen2.5_7b,8.0,3,1.0,ACCEPT,ICML,Accept,accept_tier,4.0
ICML_26_6,assertive,gemma4_31b,6.0,3,0.0,REJECT,ICML,Reject,reject_tier,3.6666666666666665
ICML_26_6,assertive,gemma4_e4b,7.0,3,1.0,ACCEPT,ICML,Reject,reject_tier,3.6666666666666665
ICML_26_6,assertive,llama_3.1_8b,8.0,3,1.0,ACCEPT,ICML,Reject,reject_tier,3.6666666666666665
ICML_26_6,assertive,llama_3.2_3b,8.0,3,1.0,ACCEPT,ICML,Reject,reject_tier,3.6666666666666665
ICML_26_6,assertive,ministral3_14b,8.0,3,1.0,ACCEPT,ICML,Reject,reject_tier,3.6666666666666665
ICML_26_6,assertive,ministral3_8b,6.666666666666667,3,0.0,REJECT,ICML,Reject,reject_tier,3.6666666666666665
ICML_26_6,assertive,qwen2.5_32b,7.0,3,1.0,ACCEPT,ICML,Reject,reject_tier,3.6666666666666665
ICML_26_6,assertive,qwen2.5_3b,8.0,3,1.0,ACCEPT,ICML,Reject,reject_tier,3.6666666666666665
ICML_26_6,assertive,qwen2.5_7b,8.0,3,1.0,ACCEPT,ICML,Reject,reject_tier,3.6666666666666665
ICML_26_6,hedged,gemma4_31b,5.666666666666667,3,0.0,REJECT,ICML,Reject,reject_tier,3.6666666666666665
ICML_26_6,hedged,gemma4_e4b,7.0,3,1.0,ACCEPT,ICML,Reject,reject_tier,3.6666666666666665
ICML_26_6,hedged,llama_3.1_8b,8.0,3,1.0,ACCEPT,ICML,Reject,reject_tier,3.6666666666666665
ICML_26_6,hedged,llama_3.2_3b,7.666666666666667,3,1.0,ACCEPT,ICML,Reject,reject_tier,3.6666666666666665
ICML_26_6,hedged,ministral3_14b,7.0,3,0.6666666666666666,ACCEPT,ICML,Reject,reject_tier,3.6666666666666665
ICML_26_6,hedged,ministral3_8b,6.666666666666667,3,0.0,REJECT,ICML,Reject,reject_tier,3.6666666666666665
ICML_26_6,hedged,qwen2.5_32b,7.0,3,1.0,ACCEPT,ICML,Reject,reject_tier,3.6666666666666665
ICML_26_6,hedged,qwen2.5_3b,7.666666666666667,3,1.0,ACCEPT,ICML,Reject,reject_tier,3.6666666666666665
ICML_26_6,hedged,qwen2.5_7b,8.0,3,1.0,ACCEPT,ICML,Reject,reject_tier,3.6666666666666665
ICML_26_6,l2_grounded,gemma4_31b,6.0,3,0.0,REJECT,ICML,Reject,reject_tier,3.6666666666666665
ICML_26_6,l2_grounded,gemma4_e4b,7.0,3,1.0,ACCEPT,ICML,Reject,reject_tier,3.6666666666666665
ICML_26_6,l2_grounded,llama_3.1_8b,8.0,3,1.0,ACCEPT,ICML,Reject,reject_tier,3.6666666666666665
ICML_26_6,l2_grounded,llama_3.2_3b,8.0,3,1.0,ACCEPT,ICML,Reject,reject_tier,3.6666666666666665
ICML_26_6,l2_grounded,ministral3_14b,7.666666666666667,3,1.0,ACCEPT,ICML,Reject,reject_tier,3.6666666666666665
ICML_26_6,l2_grounded,ministral3_8b,7.666666666666667,3,0.3333333333333333,REJECT,ICML,Reject,reject_tier,3.6666666666666665
ICML_26_6,l2_grounded,qwen2.5_32b,7.0,3,1.0,ACCEPT,ICML,Reject,reject_tier,3.6666666666666665
ICML_26_6,l2_grounded,qwen2.5_3b,8.0,3,1.0,ACCEPT,ICML,Reject,reject_tier,3.6666666666666665
ICML_26_6,l2_grounded,qwen2.5_7b,8.0,3,1.0,ACCEPT,ICML,Reject,reject_tier,3.6666666666666665
ICML_26_6,native_fluent,gemma4_31b,6.0,3,0.0,REJECT,ICML,Reject,reject_tier,3.6666666666666665
ICML_26_6,native_fluent,gemma4_e4b,7.333333333333333,3,1.0,ACCEPT,ICML,Reject,reject_tier,3.6666666666666665
ICML_26_6,native_fluent,llama_3.1_8b,8.0,3,1.0,ACCEPT,ICML,Reject,reject_tier,3.6666666666666665
ICML_26_6,native_fluent,llama_3.2_3b,8.0,3,1.0,ACCEPT,ICML,Reject,reject_tier,3.6666666666666665
ICML_26_6,native_fluent,ministral3_14b,7.666666666666667,3,1.0,ACCEPT,ICML,Reject,reject_tier,3.6666666666666665
ICML_26_6,native_fluent,ministral3_8b,7.666666666666667,3,0.3333333333333333,REJECT,ICML,Reject,reject_tier,3.6666666666666665
ICML_26_6,native_fluent,qwen2.5_32b,7.0,3,1.0,ACCEPT,ICML,Reject,reject_tier,3.6666666666666665
ICML_26_6,native_fluent,qwen2.5_3b,8.0,3,1.0,ACCEPT,ICML,Reject,reject_tier,3.6666666666666665
ICML_26_6,native_fluent,qwen2.5_7b,8.0,3,1.0,ACCEPT,ICML,Reject,reject_tier,3.6666666666666665
ICML_26_6,original,gemma4_31b,6.0,3,0.0,REJECT,ICML,Reject,reject_tier,3.6666666666666665
ICML_26_6,original,gemma4_e4b,7.0,3,1.0,ACCEPT,ICML,Reject,reject_tier,3.6666666666666665
ICML_26_6,original,llama_3.1_8b,8.0,3,1.0,ACCEPT,ICML,Reject,reject_tier,3.6666666666666665
ICML_26_6,original,llama_3.2_3b,7.666666666666667,3,1.0,ACCEPT,ICML,Reject,reject_tier,3.6666666666666665
ICML_26_6,original,ministral3_14b,7.333333333333333,3,1.0,ACCEPT,ICML,Reject,reject_tier,3.6666666666666665
ICML_26_6,original,ministral3_8b,7.0,3,0.0,REJECT,ICML,Reject,reject_tier,3.6666666666666665
ICML_26_6,original,qwen2.5_32b,7.0,3,1.0,ACCEPT,ICML,Reject,reject_tier,3.6666666666666665
ICML_26_6,original,qwen2.5_3b,8.0,3,1.0,ACCEPT,ICML,Reject,reject_tier,3.6666666666666665
ICML_26_6,original,qwen2.5_7b,8.0,3,1.0,ACCEPT,ICML,Reject,reject_tier,3.6666666666666665
ICML_26_6,overclaiming,gemma4_31b,3.0,3,0.0,REJECT,ICML,Reject,reject_tier,3.6666666666666665
ICML_26_6,overclaiming,gemma4_e4b,7.0,3,1.0,ACCEPT,ICML,Reject,reject_tier,3.6666666666666665
ICML_26_6,overclaiming,llama_3.1_8b,7.666666666666667,3,1.0,ACCEPT,ICML,Reject,reject_tier,3.6666666666666665
ICML_26_6,overclaiming,llama_3.2_3b,7.666666666666667,3,1.0,ACCEPT,ICML,Reject,reject_tier,3.6666666666666665
ICML_26_6,overclaiming,ministral3_14b,4.333333333333333,3,0.0,REJECT,ICML,Reject,reject_tier,3.6666666666666665
ICML_26_6,overclaiming,ministral3_8b,6.0,3,0.0,REJECT,ICML,Reject,reject_tier,3.6666666666666665
ICML_26_6,overclaiming,qwen2.5_32b,7.0,3,1.0,ACCEPT,ICML,Reject,reject_tier,3.6666666666666665
ICML_26_6,overclaiming,qwen2.5_3b,8.0,3,1.0,ACCEPT,ICML,Reject,reject_tier,3.6666666666666665
ICML_26_6,overclaiming,qwen2.5_7b,8.0,3,1.0,ACCEPT,ICML,Reject,reject_tier,3.6666666666666665
ICML_26_7,assertive,gemma4_31b,7.666666666666667,3,1.0,ACCEPT,ICML,Reject,reject_tier,4.5
ICML_26_7,assertive,gemma4_e4b,8.0,3,1.0,ACCEPT,ICML,Reject,reject_tier,4.5
ICML_26_7,assertive,llama_3.1_8b,8.333333333333334,3,1.0,ACCEPT,ICML,Reject,reject_tier,4.5
ICML_26_7,assertive,llama_3.2_3b,8.0,3,1.0,ACCEPT,ICML,Reject,reject_tier,4.5
ICML_26_7,assertive,ministral3_14b,9.0,3,1.0,ACCEPT,ICML,Reject,reject_tier,4.5
ICML_26_7,assertive,ministral3_8b,9.0,3,1.0,ACCEPT,ICML,Reject,reject_tier,4.5
ICML_26_7,assertive,qwen2.5_32b,8.0,3,1.0,ACCEPT,ICML,Reject,reject_tier,4.5
ICML_26_7,assertive,qwen2.5_3b,8.0,3,1.0,ACCEPT,ICML,Reject,reject_tier,4.5
ICML_26_7,assertive,qwen2.5_7b,9.0,3,1.0,ACCEPT,ICML,Reject,reject_tier,4.5
ICML_26_7,hedged,gemma4_31b,7.0,3,1.0,ACCEPT,ICML,Reject,reject_tier,4.5
ICML_26_7,hedged,gemma4_e4b,8.0,3,1.0,ACCEPT,ICML,Reject,reject_tier,4.5
ICML_26_7,hedged,llama_3.1_8b,8.0,3,1.0,ACCEPT,ICML,Reject,reject_tier,4.5
ICML_26_7,hedged,llama_3.2_3b,7.666666666666667,3,1.0,ACCEPT,ICML,Reject,reject_tier,4.5
ICML_26_7,hedged,ministral3_14b,9.0,3,1.0,ACCEPT,ICML,Reject,reject_tier,4.5
ICML_26_7,hedged,ministral3_8b,8.333333333333334,3,1.0,ACCEPT,ICML,Reject,reject_tier,4.5
ICML_26_7,hedged,qwen2.5_32b,8.0,3,1.0,ACCEPT,ICML,Reject,reject_tier,4.5
ICML_26_7,hedged,qwen2.5_3b,8.0,3,1.0,ACCEPT,ICML,Reject,reject_tier,4.5
ICML_26_7,hedged,qwen2.5_7b,8.0,3,1.0,ACCEPT,ICML,Reject,reject_tier,4.5
ICML_26_7,l2_grounded,gemma4_31b,7.333333333333333,3,1.0,ACCEPT,ICML,Reject,reject_tier,4.5
ICML_26_7,l2_grounded,gemma4_e4b,8.0,3,1.0,ACCEPT,ICML,Reject,reject_tier,4.5
ICML_26_7,l2_grounded,llama_3.1_8b,8.0,3,1.0,ACCEPT,ICML,Reject,reject_tier,4.5
ICML_26_7,l2_grounded,llama_3.2_3b,8.0,3,1.0,ACCEPT,ICML,Reject,reject_tier,4.5
ICML_26_7,l2_grounded,ministral3_14b,9.0,3,1.0,ACCEPT,ICML,Reject,reject_tier,4.5
ICML_26_7,l2_grounded,ministral3_8b,9.0,3,1.0,ACCEPT,ICML,Reject,reject_tier,4.5
ICML_26_7,l2_grounded,qwen2.5_32b,8.0,3,1.0,ACCEPT,ICML,Reject,reject_tier,4.5
ICML_26_7,l2_grounded,qwen2.5_3b,8.0,3,1.0,ACCEPT,ICML,Reject,reject_tier,4.5
ICML_26_7,l2_grounded,qwen2.5_7b,8.666666666666666,3,1.0,ACCEPT,ICML,Reject,reject_tier,4.5
ICML_26_7,native_fluent,gemma4_31b,7.0,3,1.0,ACCEPT,ICML,Reject,reject_tier,4.5
ICML_26_7,native_fluent,gemma4_e4b,8.0,3,1.0,ACCEPT,ICML,Reject,reject_tier,4.5
ICML_26_7,native_fluent,llama_3.1_8b,8.0,3,1.0,ACCEPT,ICML,Reject,reject_tier,4.5
ICML_26_7,native_fluent,llama_3.2_3b,8.0,3,1.0,ACCEPT,ICML,Reject,reject_tier,4.5
ICML_26_7,native_fluent,ministral3_14b,9.0,3,1.0,ACCEPT,ICML,Reject,reject_tier,4.5
ICML_26_7,native_fluent,ministral3_8b,8.666666666666666,3,1.0,ACCEPT,ICML,Reject,reject_tier,4.5
ICML_26_7,native_fluent,qwen2.5_32b,8.0,3,1.0,ACCEPT,ICML,Reject,reject_tier,4.5
ICML_26_7,native_fluent,qwen2.5_3b,8.0,3,1.0,ACCEPT,ICML,Reject,reject_tier,4.5
ICML_26_7,native_fluent,qwen2.5_7b,8.333333333333334,3,1.0,ACCEPT,ICML,Reject,reject_tier,4.5
ICML_26_7,original,gemma4_31b,7.0,3,1.0,ACCEPT,ICML,Reject,reject_tier,4.5
ICML_26_7,original,gemma4_e4b,8.0,3,1.0,ACCEPT,ICML,Reject,reject_tier,4.5
ICML_26_7,original,llama_3.1_8b,8.666666666666666,3,1.0,ACCEPT,ICML,Reject,reject_tier,4.5
ICML_26_7,original,llama_3.2_3b,8.0,3,1.0,ACCEPT,ICML,Reject,reject_tier,4.5
ICML_26_7,original,ministral3_14b,9.0,3,1.0,ACCEPT,ICML,Reject,reject_tier,4.5
ICML_26_7,original,ministral3_8b,8.666666666666666,3,1.0,ACCEPT,ICML,Reject,reject_tier,4.5
ICML_26_7,original,qwen2.5_32b,8.0,3,1.0,ACCEPT,ICML,Reject,reject_tier,4.5
ICML_26_7,original,qwen2.5_3b,8.0,3,1.0,ACCEPT,ICML,Reject,reject_tier,4.5
ICML_26_7,original,qwen2.5_7b,8.666666666666666,3,1.0,ACCEPT,ICML,Reject,reject_tier,4.5
ICML_26_7,overclaiming,gemma4_31b,6.0,3,0.0,REJECT,ICML,Reject,reject_tier,4.5
ICML_26_7,overclaiming,gemma4_e4b,8.0,3,1.0,ACCEPT,ICML,Reject,reject_tier,4.5
ICML_26_7,overclaiming,llama_3.1_8b,8.666666666666666,3,1.0,ACCEPT,ICML,Reject,reject_tier,4.5
ICML_26_7,overclaiming,llama_3.2_3b,8.0,3,1.0,ACCEPT,ICML,Reject,reject_tier,4.5
ICML_26_7,overclaiming,ministral3_14b,9.0,3,1.0,ACCEPT,ICML,Reject,reject_tier,4.5
ICML_26_7,overclaiming,ministral3_8b,9.0,3,1.0,ACCEPT,ICML,Reject,reject_tier,4.5
ICML_26_7,overclaiming,qwen2.5_32b,8.0,3,1.0,ACCEPT,ICML,Reject,reject_tier,4.5
ICML_26_7,overclaiming,qwen2.5_3b,8.666666666666666,3,1.0,ACCEPT,ICML,Reject,reject_tier,4.5
ICML_26_7,overclaiming,qwen2.5_7b,8.666666666666666,3,1.0,ACCEPT,ICML,Reject,reject_tier,4.5
ICML_26_8,assertive,gemma4_31b,7.0,3,1.0,ACCEPT,ICML,Reject,reject_tier,3.75
ICML_26_8,assertive,gemma4_e4b,8.0,3,1.0,ACCEPT,ICML,Reject,reject_tier,3.75
ICML_26_8,assertive,llama_3.1_8b,8.0,3,1.0,ACCEPT,ICML,Reject,reject_tier,3.75
ICML_26_8,assertive,llama_3.2_3b,8.666666666666666,3,1.0,ACCEPT,ICML,Reject,reject_tier,3.75
ICML_26_8,assertive,ministral3_14b,8.666666666666666,3,1.0,ACCEPT,ICML,Reject,reject_tier,3.75
ICML_26_8,assertive,ministral3_8b,8.666666666666666,3,0.6666666666666666,ACCEPT,ICML,Reject,reject_tier,3.75
ICML_26_8,assertive,qwen2.5_32b,8.0,3,1.0,ACCEPT,ICML,Reject,reject_tier,3.75
ICML_26_8,assertive,qwen2.5_3b,9.666666666666666,3,1.0,ACCEPT,ICML,Reject,reject_tier,3.75
ICML_26_8,assertive,qwen2.5_7b,8.0,3,1.0,ACCEPT,ICML,Reject,reject_tier,3.75
ICML_26_8,hedged,gemma4_31b,7.0,3,1.0,ACCEPT,ICML,Reject,reject_tier,3.75
ICML_26_8,hedged,gemma4_e4b,8.0,3,1.0,ACCEPT,ICML,Reject,reject_tier,3.75
ICML_26_8,hedged,llama_3.1_8b,8.0,3,1.0,ACCEPT,ICML,Reject,reject_tier,3.75
ICML_26_8,hedged,llama_3.2_3b,8.0,3,1.0,ACCEPT,ICML,Reject,reject_tier,3.75
ICML_26_8,hedged,ministral3_14b,8.666666666666666,3,1.0,ACCEPT,ICML,Reject,reject_tier,3.75
ICML_26_8,hedged,ministral3_8b,8.666666666666666,3,1.0,ACCEPT,ICML,Reject,reject_tier,3.75
ICML_26_8,hedged,qwen2.5_32b,8.0,3,1.0,ACCEPT,ICML,Reject,reject_tier,3.75
ICML_26_8,hedged,qwen2.5_3b,8.333333333333334,3,1.0,ACCEPT,ICML,Reject,reject_tier,3.75
ICML_26_8,hedged,qwen2.5_7b,8.0,3,1.0,ACCEPT,ICML,Reject,reject_tier,3.75
ICML_26_8,l2_grounded,gemma4_31b,7.0,3,1.0,ACCEPT,ICML,Reject,reject_tier,3.75
ICML_26_8,l2_grounded,gemma4_e4b,8.0,3,1.0,ACCEPT,ICML,Reject,reject_tier,3.75
ICML_26_8,l2_grounded,llama_3.1_8b,8.0,3,1.0,ACCEPT,ICML,Reject,reject_tier,3.75
ICML_26_8,l2_grounded,llama_3.2_3b,8.333333333333334,3,1.0,ACCEPT,ICML,Reject,reject_tier,3.75
ICML_26_8,l2_grounded,ministral3_14b,8.333333333333334,3,1.0,ACCEPT,ICML,Reject,reject_tier,3.75
ICML_26_8,l2_grounded,ministral3_8b,8.333333333333334,3,0.6666666666666666,ACCEPT,ICML,Reject,reject_tier,3.75
ICML_26_8,l2_grounded,qwen2.5_32b,8.0,3,1.0,ACCEPT,ICML,Reject,reject_tier,3.75
ICML_26_8,l2_grounded,qwen2.5_3b,8.333333333333334,3,1.0,ACCEPT,ICML,Reject,reject_tier,3.75
ICML_26_8,l2_grounded,qwen2.5_7b,8.666666666666666,3,1.0,ACCEPT,ICML,Reject,reject_tier,3.75
ICML_26_8,native_fluent,gemma4_31b,7.0,3,1.0,ACCEPT,ICML,Reject,reject_tier,3.75
ICML_26_8,native_fluent,gemma4_e4b,8.0,3,1.0,ACCEPT,ICML,Reject,reject_tier,3.75
ICML_26_8,native_fluent,llama_3.1_8b,8.0,3,1.0,ACCEPT,ICML,Reject,reject_tier,3.75
ICML_26_8,native_fluent,llama_3.2_3b,8.333333333333334,3,1.0,ACCEPT,ICML,Reject,reject_tier,3.75
ICML_26_8,native_fluent,ministral3_14b,8.0,3,1.0,ACCEPT,ICML,Reject,reject_tier,3.75
ICML_26_8,native_fluent,ministral3_8b,9.333333333333334,3,1.0,ACCEPT,ICML,Reject,reject_tier,3.75
ICML_26_8,native_fluent,qwen2.5_32b,8.0,3,1.0,ACCEPT,ICML,Reject,reject_tier,3.75
ICML_26_8,native_fluent,qwen2.5_3b,9.333333333333334,3,1.0,ACCEPT,ICML,Reject,reject_tier,3.75
ICML_26_8,native_fluent,qwen2.5_7b,8.0,3,1.0,ACCEPT,ICML,Reject,reject_tier,3.75
ICML_26_8,original,gemma4_31b,7.0,3,1.0,ACCEPT,ICML,Reject,reject_tier,3.75
ICML_26_8,original,gemma4_e4b,8.0,3,1.0,ACCEPT,ICML,Reject,reject_tier,3.75
ICML_26_8,original,llama_3.1_8b,8.0,3,1.0,ACCEPT,ICML,Reject,reject_tier,3.75
ICML_26_8,original,llama_3.2_3b,8.333333333333334,3,1.0,ACCEPT,ICML,Reject,reject_tier,3.75
ICML_26_8,original,ministral3_14b,8.666666666666666,3,1.0,ACCEPT,ICML,Reject,reject_tier,3.75
ICML_26_8,original,ministral3_8b,8.333333333333334,3,1.0,ACCEPT,ICML,Reject,reject_tier,3.75
ICML_26_8,original,qwen2.5_32b,8.0,3,1.0,ACCEPT,ICML,Reject,reject_tier,3.75
ICML_26_8,original,qwen2.5_3b,9.0,3,1.0,ACCEPT,ICML,Reject,reject_tier,3.75
ICML_26_8,original,qwen2.5_7b,8.0,3,1.0,ACCEPT,ICML,Reject,reject_tier,3.75
ICML_26_8,overclaiming,gemma4_31b,6.0,3,0.0,REJECT,ICML,Reject,reject_tier,3.75
ICML_26_8,overclaiming,gemma4_e4b,8.0,3,1.0,ACCEPT,ICML,Reject,reject_tier,3.75
ICML_26_8,overclaiming,llama_3.1_8b,8.0,3,1.0,ACCEPT,ICML,Reject,reject_tier,3.75
ICML_26_8,overclaiming,llama_3.2_3b,8.666666666666666,3,1.0,ACCEPT,ICML,Reject,reject_tier,3.75
ICML_26_8,overclaiming,ministral3_14b,9.0,3,1.0,ACCEPT,ICML,Reject,reject_tier,3.75
ICML_26_8,overclaiming,ministral3_8b,9.0,3,1.0,ACCEPT,ICML,Reject,reject_tier,3.75
ICML_26_8,overclaiming,qwen2.5_32b,8.0,3,1.0,ACCEPT,ICML,Reject,reject_tier,3.75
ICML_26_8,overclaiming,qwen2.5_3b,10.0,3,1.0,ACCEPT,ICML,Reject,reject_tier,3.75
ICML_26_8,overclaiming,qwen2.5_7b,8.666666666666666,3,1.0,ACCEPT,ICML,Reject,reject_tier,3.75
ICML_26_9,assertive,gemma4_31b,7.0,3,1.0,ACCEPT,ICML,Reject,reject_tier,1.5
ICML_26_9,assertive,gemma4_e4b,8.0,3,1.0,ACCEPT,ICML,Reject,reject_tier,1.5
ICML_26_9,assertive,llama_3.1_8b,8.666666666666666,3,1.0,ACCEPT,ICML,Reject,reject_tier,1.5
ICML_26_9,assertive,llama_3.2_3b,8.333333333333334,3,1.0,ACCEPT,ICML,Reject,reject_tier,1.5
ICML_26_9,assertive,ministral3_14b,8.333333333333334,3,1.0,ACCEPT,ICML,Reject,reject_tier,1.5
ICML_26_9,assertive,ministral3_8b,8.333333333333334,3,1.0,ACCEPT,ICML,Reject,reject_tier,1.5
ICML_26_9,assertive,qwen2.5_32b,8.0,3,1.0,ACCEPT,ICML,Reject,reject_tier,1.5
ICML_26_9,assertive,qwen2.5_3b,8.0,3,1.0,ACCEPT,ICML,Reject,reject_tier,1.5
ICML_26_9,assertive,qwen2.5_7b,8.333333333333334,3,1.0,ACCEPT,ICML,Reject,reject_tier,1.5
ICML_26_9,hedged,gemma4_31b,4.333333333333333,3,0.0,REJECT,ICML,Reject,reject_tier,1.5
ICML_26_9,hedged,gemma4_e4b,7.0,3,1.0,ACCEPT,ICML,Reject,reject_tier,1.5
ICML_26_9,hedged,llama_3.1_8b,8.0,3,1.0,ACCEPT,ICML,Reject,reject_tier,1.5
ICML_26_9,hedged,llama_3.2_3b,8.333333333333334,3,1.0,ACCEPT,ICML,Reject,reject_tier,1.5
ICML_26_9,hedged,ministral3_14b,8.333333333333334,3,1.0,ACCEPT,ICML,Reject,reject_tier,1.5
ICML_26_9,hedged,ministral3_8b,8.333333333333334,3,0.6666666666666666,ACCEPT,ICML,Reject,reject_tier,1.5
ICML_26_9,hedged,qwen2.5_32b,8.0,3,1.0,ACCEPT,ICML,Reject,reject_tier,1.5
ICML_26_9,hedged,qwen2.5_3b,7.333333333333333,3,1.0,ACCEPT,ICML,Reject,reject_tier,1.5
ICML_26_9,hedged,qwen2.5_7b,8.0,3,1.0,ACCEPT,ICML,Reject,reject_tier,1.5
ICML_26_9,l2_grounded,gemma4_31b,7.0,3,1.0,ACCEPT,ICML,Reject,reject_tier,1.5
ICML_26_9,l2_grounded,gemma4_e4b,8.0,3,1.0,ACCEPT,ICML,Reject,reject_tier,1.5
ICML_26_9,l2_grounded,llama_3.1_8b,8.0,3,1.0,ACCEPT,ICML,Reject,reject_tier,1.5
ICML_26_9,l2_grounded,llama_3.2_3b,8.333333333333334,3,1.0,ACCEPT,ICML,Reject,reject_tier,1.5
ICML_26_9,l2_grounded,ministral3_14b,8.333333333333334,3,1.0,ACCEPT,ICML,Reject,reject_tier,1.5
ICML_26_9,l2_grounded,ministral3_8b,8.666666666666666,3,1.0,ACCEPT,ICML,Reject,reject_tier,1.5
ICML_26_9,l2_grounded,qwen2.5_32b,8.0,3,1.0,ACCEPT,ICML,Reject,reject_tier,1.5
ICML_26_9,l2_grounded,qwen2.5_3b,8.333333333333334,3,1.0,ACCEPT,ICML,Reject,reject_tier,1.5
ICML_26_9,l2_grounded,qwen2.5_7b,8.0,3,1.0,ACCEPT,ICML,Reject,reject_tier,1.5
ICML_26_9,native_fluent,gemma4_31b,7.0,3,1.0,ACCEPT,ICML,Reject,reject_tier,1.5
ICML_26_9,native_fluent,gemma4_e4b,8.0,3,1.0,ACCEPT,ICML,Reject,reject_tier,1.5
ICML_26_9,native_fluent,llama_3.1_8b,8.666666666666666,3,1.0,ACCEPT,ICML,Reject,reject_tier,1.5
ICML_26_9,native_fluent,llama_3.2_3b,8.0,3,1.0,ACCEPT,ICML,Reject,reject_tier,1.5
ICML_26_9,native_fluent,ministral3_14b,8.333333333333334,3,1.0,ACCEPT,ICML,Reject,reject_tier,1.5
ICML_26_9,native_fluent,ministral3_8b,8.333333333333334,3,0.6666666666666666,ACCEPT,ICML,Reject,reject_tier,1.5
ICML_26_9,native_fluent,qwen2.5_32b,8.0,3,1.0,ACCEPT,ICML,Reject,reject_tier,1.5
ICML_26_9,native_fluent,qwen2.5_3b,8.333333333333334,3,1.0,ACCEPT,ICML,Reject,reject_tier,1.5
ICML_26_9,native_fluent,qwen2.5_7b,8.0,3,1.0,ACCEPT,ICML,Reject,reject_tier,1.5
ICML_26_9,original,gemma4_31b,7.0,3,1.0,ACCEPT,ICML,Reject,reject_tier,1.5
ICML_26_9,original,gemma4_e4b,8.0,3,1.0,ACCEPT,ICML,Reject,reject_tier,1.5
ICML_26_9,original,llama_3.1_8b,8.333333333333334,3,1.0,ACCEPT,ICML,Reject,reject_tier,1.5
ICML_26_9,original,llama_3.2_3b,8.0,3,1.0,ACCEPT,ICML,Reject,reject_tier,1.5
ICML_26_9,original,ministral3_14b,8.666666666666666,3,1.0,ACCEPT,ICML,Reject,reject_tier,1.5
ICML_26_9,original,ministral3_8b,8.333333333333334,3,0.6666666666666666,ACCEPT,ICML,Reject,reject_tier,1.5
ICML_26_9,original,qwen2.5_32b,8.0,3,1.0,ACCEPT,ICML,Reject,reject_tier,1.5
ICML_26_9,original,qwen2.5_3b,8.0,3,1.0,ACCEPT,ICML,Reject,reject_tier,1.5
ICML_26_9,original,qwen2.5_7b,8.0,3,1.0,ACCEPT,ICML,Reject,reject_tier,1.5
ICML_26_9,overclaiming,gemma4_31b,3.3333333333333335,3,0.0,REJECT,ICML,Reject,reject_tier,1.5
ICML_26_9,overclaiming,gemma4_e4b,8.0,3,1.0,ACCEPT,ICML,Reject,reject_tier,1.5
ICML_26_9,overclaiming,llama_3.1_8b,8.666666666666666,3,1.0,ACCEPT,ICML,Reject,reject_tier,1.5
ICML_26_9,overclaiming,llama_3.2_3b,9.0,3,1.0,ACCEPT,ICML,Reject,reject_tier,1.5
ICML_26_9,overclaiming,ministral3_14b,8.666666666666666,3,1.0,ACCEPT,ICML,Reject,reject_tier,1.5
ICML_26_9,overclaiming,ministral3_8b,8.333333333333334,3,1.0,ACCEPT,ICML,Reject,reject_tier,1.5
ICML_26_9,overclaiming,qwen2.5_32b,8.0,3,1.0,ACCEPT,ICML,Reject,reject_tier,1.5
ICML_26_9,overclaiming,qwen2.5_3b,8.0,3,1.0,ACCEPT,ICML,Reject,reject_tier,1.5
ICML_26_9,overclaiming,qwen2.5_7b,9.0,3,1.0,ACCEPT,ICML,Reject,reject_tier,1.5
